cum_jobs,gsi,f,freq
7.275957614183426e-12,3.134920619526915e-05,-0.00046046940562558626,0.0
7.275957614183426e-12,0.0012155987059223744,-0.00046046940562558626,3.0
7.275957614183426e-12,0.001846227081971047,-0.00046046940562558626,0.0
7.275957614183426e-12,0.002379503170401809,-0.00046046940562558626,0.0
7.275957614183426e-12,0.0029266730275055303,-0.00046046940562558626,0.0
7.275957614183426e-12,0.003878332155248701,-0.00046046940562558626,0.0
7.275957614183426e-12,0.0061948183729832115,-0.00046046940562558626,0.0
7.275957614183426e-12,0.012641923479655405,-0.00046046940562558626,0.0
7.275957614183426e-12,0.015412419191529324,-0.00046046940562558626,0.0
7.275957614183426e-12,0.018431421647745597,-0.00046046940562558626,0.0
7.275957614183426e-12,0.020696022984908462,-0.0011855294531711185,0.0
7.275957614183426e-12,0.022838928656372763,-0.0011855294531711185,0.0
7.275957614183426e-12,0.0251473546510948,-0.0011855294531711185,0.0
7.275957614183426e-12,0.02802063944720732,-0.0011855294531711185,0.0
7.275957614183426e-12,0.03131891724222554,-0.0011855294531711185,0.0
7.275957614183426e-12,0.03442988610849952,-0.0011855294531711185,0.0
7.275957614183426e-12,0.03756364433824816,-0.0011855294531711185,0.0
7.275957614183426e-12,0.04363605542764597,-0.0011855294531711185,0.0
7.275957614183426e-12,0.050824581169582925,-0.0011855294531711185,0.0
7.275957614183426e-12,0.059876970880121484,-0.0011855294531711185,0.0
7.275957614183426e-12,0.06399464132580931,-0.0011855294531711185,0.0
7.275957614183426e-12,0.07411248263332694,-0.0011855294531711185,0.0
7.275957614183426e-12,0.08068243524318078,-0.0011855294531711185,0.0
7.275957614183426e-12,0.08762579905658562,-0.0011855294531711185,0.0
7.275957614183426e-12,0.10146011194402631,-0.006130494089333627,0.0
7.275957614183426e-12,0.1047813628388075,-0.000354861410043791,0.0
7.275957614183426e-12,0.123594230110364,-0.000354861410043791,0.0
7.275957614183426e-12,0.13915624194560522,0.009994189684475163,0.0
7.275957614183426e-12,0.162694952985897,0.009994189684475163,0.0
7.275957614183426e-12,0.21456622390930616,0.009994189684475163,0.0
234.04140038858895,3.134920619526915e-05,-0.00046046940562558626,12.0
234.04140038858895,0.0012155987059223744,-0.00046046940562558626,3305.0
234.04140038858895,0.001846227081971047,-0.00046046940562558626,1703.0
234.04140038858895,0.002379503170401809,-0.00046046940562558626,900.0
234.04140038858895,0.0029266730275055303,-0.00046046940562558626,315.0
234.04140038858895,0.003878332155248701,-0.00046046940562558626,235.0
234.04140038858895,0.0061948183729832115,-0.00046046940562558626,66.0
234.04140038858895,0.012641923479655405,-0.00046046940562558626,59.0
234.04140038858895,0.015412419191529324,-0.00046046940562558626,12.0
234.04140038858895,0.018431421647745597,-0.00046046940562558626,52.0
234.04140038858895,0.020696022984908462,-0.0011855294531711185,10.0
234.04140038858895,0.022838928656372763,-0.0011855294531711185,0.0
234.04140038858895,0.0251473546510948,-0.0011855294531711185,0.0
234.04140038858895,0.02802063944720732,-0.0011855294531711185,20.0
234.04140038858895,0.03131891724222554,-0.0011855294531711185,23.0
234.04140038858895,0.03442988610849952,-0.0011855294531711185,12.0
234.04140038858895,0.03756364433824816,-0.0011855294531711185,0.0
234.04140038858895,0.04363605542764597,-0.0011855294531711185,4.0
234.04140038858895,0.050824581169582925,-0.0011855294531711185,8.0
234.04140038858895,0.059876970880121484,-0.0011855294531711185,0.0
234.04140038858895,0.06399464132580931,-0.0011855294531711185,0.0
234.04140038858895,0.07411248263332694,-0.0011855294531711185,0.0
234.04140038858895,0.08068243524318078,-0.0011855294531711185,0.0
234.04140038858895,0.08762579905658562,-0.0011855294531711185,0.0
234.04140038858895,0.10146011194402631,-0.006130494089333627,0.0
234.04140038858895,0.1047813628388075,-0.000354861410043791,0.0
234.04140038858895,0.123594230110364,-0.000354861410043791,0.0
234.04140038858895,0.13915624194560522,0.009994189684475163,0.0
234.04140038858895,0.162694952985897,0.009994189684475163,0.0
234.04140038858895,0.21456622390930616,0.009994189684475163,0.0
474.95864288126177,3.134920619526915e-05,-0.00046046940562558626,0.0
474.95864288126177,0.0012155987059223744,-0.00046046940562558626,1248.0
474.95864288126177,0.001846227081971047,-0.00046046940562558626,1455.0
474.95864288126177,0.002379503170401809,-0.00046046940562558626,1420.0
474.95864288126177,0.0029266730275055303,-0.00046046940562558626,793.0
474.95864288126177,0.003878332155248701,-0.00046046940562558626,904.0
474.95864288126177,0.0061948183729832115,-0.00046046940562558626,266.0
474.95864288126177,0.012641923479655405,-0.00046046940562558626,224.0
474.95864288126177,0.015412419191529324,-0.00046046940562558626,177.0
474.95864288126177,0.018431421647745597,-0.00046046940562558626,54.0
474.95864288126177,0.020696022984908462,-0.0011855294531711185,77.0
474.95864288126177,0.022838928656372763,-0.0011855294531711185,19.0
474.95864288126177,0.0251473546510948,-0.0011855294531711185,2.0
474.95864288126177,0.02802063944720732,-0.0011855294531711185,0.0
474.95864288126177,0.03131891724222554,-0.0011855294531711185,60.0
474.95864288126177,0.03442988610849952,-0.0011855294531711185,6.0
474.95864288126177,0.03756364433824816,-0.0011855294531711185,0.0
474.95864288126177,0.04363605542764597,-0.0011855294531711185,0.0
474.95864288126177,0.050824581169582925,-0.0011855294531711185,4.0
474.95864288126177,0.059876970880121484,-0.0011855294531711185,0.0
474.95864288126177,0.06399464132580931,-0.0011855294531711185,0.0
474.95864288126177,0.07411248263332694,-0.0011855294531711185,0.0
474.95864288126177,0.08068243524318078,-0.0011855294531711185,0.0
474.95864288126177,0.08762579905658562,-0.0011855294531711185,0.0
474.95864288126177,0.10146011194402631,-0.006130494089333627,0.0
474.95864288126177,0.1047813628388075,-0.000354861410043791,0.0
474.95864288126177,0.123594230110364,-0.000354861410043791,0.0
474.95864288126177,0.13915624194560522,0.009994189684475163,0.0
474.95864288126177,0.162694952985897,0.009994189684475163,0.0
474.95864288126177,0.21456622390930616,0.009994189684475163,0.0
769.6677909017017,3.134920619526915e-05,-0.00046046940562558626,4.0
769.6677909017017,0.0012155987059223744,-0.00046046940562558626,671.0
769.6677909017017,0.001846227081971047,-0.00046046940562558626,938.0
769.6677909017017,0.002379503170401809,-0.00046046940562558626,1320.0
769.6677909017017,0.0029266730275055303,-0.00046046940562558626,651.0
769.6677909017017,0.003878332155248701,-0.00046046940562558626,747.0
769.6677909017017,0.0061948183729832115,-0.00046046940562558626,302.0
769.6677909017017,0.012641923479655405,-0.00046046940562558626,289.0
769.6677909017017,0.015412419191529324,-0.00046046940562558626,209.0
769.6677909017017,0.018431421647745597,-0.00046046940562558626,603.0
769.6677909017017,0.020696022984908462,-0.0011855294531711185,179.0
769.6677909017017,0.022838928656372763,-0.0011855294531711185,572.0
769.6677909017017,0.0251473546510948,-0.0011855294531711185,53.0
769.6677909017017,0.02802063944720732,-0.0011855294531711185,127.0
769.6677909017017,0.03131891724222554,-0.0011855294531711185,39.0
769.6677909017017,0.03442988610849952,-0.0011855294531711185,89.0
769.6677909017017,0.03756364433824816,-0.0011855294531711185,0.0
769.6677909017017,0.04363605542764597,-0.0011855294531711185,6.0
769.6677909017017,0.050824581169582925,-0.0011855294531711185,0.0
769.6677909017017,0.059876970880121484,-0.0011855294531711185,0.0
769.6677909017017,0.06399464132580931,-0.0011855294531711185,0.0
769.6677909017017,0.07411248263332694,-0.0011855294531711185,0.0
769.6677909017017,0.08068243524318078,-0.0011855294531711185,0.0
769.6677909017017,0.08762579905658562,-0.0011855294531711185,0.0
769.6677909017017,0.10146011194402631,-0.006130494089333627,0.0
769.6677909017017,0.1047813628388075,-0.000354861410043791,0.0
769.6677909017017,0.123594230110364,-0.000354861410043791,0.0
769.6677909017017,0.13915624194560522,0.009994189684475163,0.0
769.6677909017017,0.162694952985897,0.009994189684475163,0.0
769.6677909017017,0.21456622390930616,0.009994189684475163,0.0
1128.3453892204197,3.134920619526915e-05,-0.00046046940562558626,0.0
1128.3453892204197,0.0012155987059223744,-0.00046046940562558626,388.0
1128.3453892204197,0.001846227081971047,-0.00046046940562558626,587.0
1128.3453892204197,0.002379503170401809,-0.00046046940562558626,1152.0
1128.3453892204197,0.0029266730275055303,-0.00046046940562558626,431.0
1128.3453892204197,0.003878332155248701,-0.00046046940562558626,673.0
1128.3453892204197,0.0061948183729832115,-0.00046046940562558626,374.0
1128.3453892204197,0.012641923479655405,-0.00046046940562558626,432.0
1128.3453892204197,0.015412419191529324,-0.00046046940562558626,677.0
1128.3453892204197,0.018431421647745597,-0.00046046940562558626,329.0
1128.3453892204197,0.020696022984908462,-0.0011855294531711185,126.0
1128.3453892204197,0.022838928656372763,-0.0011855294531711185,646.0
1128.3453892204197,0.0251473546510948,-0.0011855294531711185,219.0
1128.3453892204197,0.02802063944720732,-0.0011855294531711185,252.0
1128.3453892204197,0.03131891724222554,-0.0011855294531711185,185.0
1128.3453892204197,0.03442988610849952,-0.0011855294531711185,108.0
1128.3453892204197,0.03756364433824816,-0.0011855294531711185,10.0
1128.3453892204197,0.04363605542764597,-0.0011855294531711185,84.0
1128.3453892204197,0.050824581169582925,-0.0011855294531711185,8.0
1128.3453892204197,0.059876970880121484,-0.0011855294531711185,8.0
1128.3453892204197,0.06399464132580931,-0.0011855294531711185,0.0
1128.3453892204197,0.07411248263332694,-0.0011855294531711185,8.0
1128.3453892204197,0.08068243524318078,-0.0011855294531711185,4.0
1128.3453892204197,0.08762579905658562,-0.0011855294531711185,36.0
1128.3453892204197,0.10146011194402631,-0.006130494089333627,0.0
1128.3453892204197,0.1047813628388075,-0.000354861410043791,0.0
1128.3453892204197,0.123594230110364,-0.000354861410043791,0.0
1128.3453892204197,0.13915624194560522,0.009994189684475163,0.0
1128.3453892204197,0.162694952985897,0.009994189684475163,0.0
1128.3453892204197,0.21456622390930616,0.009994189684475163,0.0
1543.7907900810314,3.134920619526915e-05,-0.00046046940562558626,0.0
1543.7907900810314,0.0012155987059223744,-0.00046046940562558626,283.0
1543.7907900810314,0.001846227081971047,-0.00046046940562558626,655.0
1543.7907900810314,0.002379503170401809,-0.00046046940562558626,370.0
1543.7907900810314,0.0029266730275055303,-0.00046046940562558626,319.0
1543.7907900810314,0.003878332155248701,-0.00046046940562558626,711.0
1543.7907900810314,0.0061948183729832115,-0.00046046940562558626,472.0
1543.7907900810314,0.012641923479655405,-0.00046046940562558626,405.0
1543.7907900810314,0.015412419191529324,-0.00046046940562558626,343.0
1543.7907900810314,0.018431421647745597,-0.00046046940562558626,409.0
1543.7907900810314,0.020696022984908462,-0.0011855294531711185,984.0
1543.7907900810314,0.022838928656372763,-0.0011855294531711185,219.0
1543.7907900810314,0.0251473546510948,-0.0011855294531711185,335.0
1543.7907900810314,0.02802063944720732,-0.0011855294531711185,251.0
1543.7907900810314,0.03131891724222554,-0.0011855294531711185,123.0
1543.7907900810314,0.03442988610849952,-0.0011855294531711185,88.0
1543.7907900810314,0.03756364433824816,-0.0011855294531711185,404.0
1543.7907900810314,0.04363605542764597,-0.0011855294531711185,115.0
1543.7907900810314,0.050824581169582925,-0.0011855294531711185,65.0
1543.7907900810314,0.059876970880121484,-0.0011855294531711185,82.0
1543.7907900810314,0.06399464132580931,-0.0011855294531711185,31.0
1543.7907900810314,0.07411248263332694,-0.0011855294531711185,8.0
1543.7907900810314,0.08068243524318078,-0.0011855294531711185,0.0
1543.7907900810314,0.08762579905658562,-0.0011855294531711185,66.0
1543.7907900810314,0.10146011194402631,-0.006130494089333627,28.0
1543.7907900810314,0.1047813628388075,-0.000354861410043791,0.0
1543.7907900810314,0.123594230110364,-0.000354861410043791,0.0
1543.7907900810314,0.13915624194560522,0.009994189684475163,0.0
1543.7907900810314,0.162694952985897,0.009994189684475163,0.0
1543.7907900810314,0.21456622390930616,0.009994189684475163,0.0
1975.1969890976034,3.134920619526915e-05,-0.00046046940562558626,0.0
1975.1969890976034,0.0012155987059223744,-0.00046046940562558626,183.0
1975.1969890976034,0.001846227081971047,-0.00046046940562558626,291.0
1975.1969890976034,0.002379503170401809,-0.00046046940562558626,429.0
1975.1969890976034,0.0029266730275055303,-0.00046046940562558626,235.0
1975.1969890976034,0.003878332155248701,-0.00046046940562558626,422.0
1975.1969890976034,0.0061948183729832115,-0.00046046940562558626,607.0
1975.1969890976034,0.012641923479655405,-0.00046046940562558626,266.0
1975.1969890976034,0.015412419191529324,-0.00046046940562558626,273.0
1975.1969890976034,0.018431421647745597,-0.00046046940562558626,294.0
1975.1969890976034,0.020696022984908462,-0.0011855294531711185,285.0
1975.1969890976034,0.022838928656372763,-0.0011855294531711185,500.0
1975.1969890976034,0.0251473546510948,-0.0011855294531711185,453.0
1975.1969890976034,0.02802063944720732,-0.0011855294531711185,246.0
1975.1969890976034,0.03131891724222554,-0.0011855294531711185,342.0
1975.1969890976034,0.03442988610849952,-0.0011855294531711185,464.0
1975.1969890976034,0.03756364433824816,-0.0011855294531711185,482.0
1975.1969890976034,0.04363605542764597,-0.0011855294531711185,339.0
1975.1969890976034,0.050824581169582925,-0.0011855294531711185,216.0
1975.1969890976034,0.059876970880121484,-0.0011855294531711185,76.0
1975.1969890976034,0.06399464132580931,-0.0011855294531711185,8.0
1975.1969890976034,0.07411248263332694,-0.0011855294531711185,59.0
1975.1969890976034,0.08068243524318078,-0.0011855294531711185,0.0
1975.1969890976034,0.08762579905658562,-0.0011855294531711185,185.0
1975.1969890976034,0.10146011194402631,-0.006130494089333627,55.0
1975.1969890976034,0.1047813628388075,-0.000354861410043791,0.0
1975.1969890976034,0.123594230110364,-0.000354861410043791,22.0
1975.1969890976034,0.13915624194560522,0.009994189684475163,0.0
1975.1969890976034,0.162694952985897,0.009994189684475163,0.0
1975.1969890976034,0.21456622390930616,0.009994189684475163,0.0
2515.501800248203,3.134920619526915e-05,-0.00046046940562558626,0.0
2515.501800248203,0.0012155987059223744,-0.00046046940562558626,203.0
2515.501800248203,0.001846227081971047,-0.00046046940562558626,184.0
2515.501800248203,0.002379503170401809,-0.00046046940562558626,166.0
2515.501800248203,0.0029266730275055303,-0.00046046940562558626,295.0
2515.501800248203,0.003878332155248701,-0.00046046940562558626,671.0
2515.501800248203,0.0061948183729832115,-0.00046046940562558626,323.0
2515.501800248203,0.012641923479655405,-0.00046046940562558626,354.0
2515.501800248203,0.015412419191529324,-0.00046046940562558626,418.0
2515.501800248203,0.018431421647745597,-0.00046046940562558626,172.0
2515.501800248203,0.020696022984908462,-0.0011855294531711185,383.0
2515.501800248203,0.022838928656372763,-0.0011855294531711185,153.0
2515.501800248203,0.0251473546510948,-0.0011855294531711185,161.0
2515.501800248203,0.02802063944720732,-0.0011855294531711185,1298.0
2515.501800248203,0.03131891724222554,-0.0011855294531711185,211.0
2515.501800248203,0.03442988610849952,-0.0011855294531711185,185.0
2515.501800248203,0.03756364433824816,-0.0011855294531711185,129.0
2515.501800248203,0.04363605542764597,-0.0011855294531711185,154.0
2515.501800248203,0.050824581169582925,-0.0011855294531711185,792.0
2515.501800248203,0.059876970880121484,-0.0011855294531711185,149.0
2515.501800248203,0.06399464132580931,-0.0011855294531711185,47.0
2515.501800248203,0.07411248263332694,-0.0011855294531711185,138.0
2515.501800248203,0.08068243524318078,-0.0011855294531711185,3.0
2515.501800248203,0.08762579905658562,-0.0011855294531711185,31.0
2515.501800248203,0.10146011194402631,-0.006130494089333627,84.0
2515.501800248203,0.1047813628388075,-0.000354861410043791,15.0
2515.501800248203,0.123594230110364,-0.000354861410043791,35.0
2515.501800248203,0.13915624194560522,0.009994189684475163,0.0
2515.501800248203,0.162694952985897,0.009994189684475163,0.0
2515.501800248203,0.21456622390930616,0.009994189684475163,4.0
3000.1998378501885,3.134920619526915e-05,0.0023640097985653595,0.0
3000.1998378501885,0.0012155987059223744,0.0023640097985653595,87.0
3000.1998378501885,0.001846227081971047,0.0023640097985653595,186.0
3000.1998378501885,0.002379503170401809,0.0023640097985653595,113.0
3000.1998378501885,0.0029266730275055303,-0.0004221766608894519,170.0
3000.1998378501885,0.003878332155248701,-0.0004221766608894519,237.0
3000.1998378501885,0.0061948183729832115,-0.0004221766608894519,1697.0
3000.1998378501885,0.012641923479655405,-0.0004221766608894519,222.0
3000.1998378501885,0.015412419191529324,-0.0004221766608894519,252.0
3000.1998378501885,0.018431421647745597,-0.0004221766608894519,230.0
3000.1998378501885,0.020696022984908462,-0.0011472367084349841,238.0
3000.1998378501885,0.022838928656372763,-0.0011472367084349841,142.0
3000.1998378501885,0.0251473546510948,-0.0011472367084349841,476.0
3000.1998378501885,0.02802063944720732,-0.0011472367084349841,723.0
3000.1998378501885,0.03131891724222554,-0.0011472367084349841,292.0
3000.1998378501885,0.03442988610849952,-0.0011472367084349841,137.0
3000.1998378501885,0.03756364433824816,-0.0011472367084349841,132.0
3000.1998378501885,0.04363605542764597,-0.0011472367084349841,428.0
3000.1998378501885,0.050824581169582925,-0.0011472367084349841,308.0
3000.1998378501885,0.059876970880121484,-0.0011472367084349841,102.0
3000.1998378501885,0.06399464132580931,-0.0011472367084349841,8.0
3000.1998378501885,0.07411248263332694,-0.0011472367084349841,305.0
3000.1998378501885,0.08068243524318078,-0.0011472367084349841,4.0
3000.1998378501885,0.08762579905658562,-0.0011472367084349841,50.0
3000.1998378501885,0.10146011194402631,-0.0023994723538153305,157.0
3000.1998378501885,0.1047813628388075,0.0033761603254745046,25.0
3000.1998378501885,0.123594230110364,0.0033761603254745046,22.0
3000.1998378501885,0.13915624194560522,0.013725211419993458,6.0
3000.1998378501885,0.162694952985897,0.013725211419993458,0.0
3000.1998378501885,0.21456622390930616,0.013725211419993458,4.0
3990.6327675699868,3.134920619526915e-05,0.0023640097985653595,0.0
3990.6327675699868,0.0012155987059223744,0.0023640097985653595,112.0
3990.6327675699868,0.001846227081971047,0.0023640097985653595,271.0
3990.6327675699868,0.002379503170401809,0.0023640097985653595,222.0
3990.6327675699868,0.0029266730275055303,-0.0004221766608894519,203.0
3990.6327675699868,0.003878332155248701,-0.0004221766608894519,288.0
3990.6327675699868,0.0061948183729832115,-0.0004221766608894519,391.0
3990.6327675699868,0.012641923479655405,-0.0004221766608894519,521.0
3990.6327675699868,0.015412419191529324,-0.0004221766608894519,282.0
3990.6327675699868,0.018431421647745597,-0.0004221766608894519,277.0
3990.6327675699868,0.020696022984908462,-0.0011472367084349841,280.0
3990.6327675699868,0.022838928656372763,-0.0011472367084349841,333.0
3990.6327675699868,0.0251473546510948,-0.0011472367084349841,396.0
3990.6327675699868,0.02802063944720732,-0.0011472367084349841,435.0
3990.6327675699868,0.03131891724222554,-0.0011472367084349841,377.0
3990.6327675699868,0.03442988610849952,-0.0011472367084349841,803.0
3990.6327675699868,0.03756364433824816,-0.0011472367084349841,192.0
3990.6327675699868,0.04363605542764597,-0.0011472367084349841,312.0
3990.6327675699868,0.050824581169582925,-0.0011472367084349841,155.0
3990.6327675699868,0.059876970880121484,-0.0011472367084349841,120.0
3990.6327675699868,0.06399464132580931,-0.0011472367084349841,39.0
3990.6327675699868,0.07411248263332694,-0.0011472367084349841,140.0
3990.6327675699868,0.08068243524318078,-0.0011472367084349841,129.0
3990.6327675699868,0.08762579905658562,-0.0011472367084349841,79.0
3990.6327675699868,0.10146011194402631,-0.0023994723538153305,43.0
3990.6327675699868,0.1047813628388075,0.0033761603254745046,389.0
3990.6327675699868,0.123594230110364,0.0033761603254745046,47.0
3990.6327675699868,0.13915624194560522,0.013725211419993458,10.0
3990.6327675699868,0.162694952985897,0.013725211419993458,24.0
3990.6327675699868,0.21456622390930616,0.013725211419993458,4.0
4775.948516162629,3.134920619526915e-05,0.0023640097985653595,0.0
4775.948516162629,0.0012155987059223744,0.0023640097985653595,36.0
4775.948516162629,0.001846227081971047,0.0023640097985653595,144.0
4775.948516162629,0.002379503170401809,0.0023640097985653595,99.0
4775.948516162629,0.0029266730275055303,-0.0004221766608894519,109.0
4775.948516162629,0.003878332155248701,-0.0004221766608894519,135.0
4775.948516162629,0.0061948183729832115,-0.0004221766608894519,324.0
4775.948516162629,0.012641923479655405,-0.0004221766608894519,768.0
4775.948516162629,0.015412419191529324,-0.0004221766608894519,242.0
4775.948516162629,0.018431421647745597,-0.0004221766608894519,1114.0
4775.948516162629,0.020696022984908462,-0.0011472367084349841,247.0
4775.948516162629,0.022838928656372763,-0.0011472367084349841,127.0
4775.948516162629,0.0251473546510948,-0.0011472367084349841,329.0
4775.948516162629,0.02802063944720732,-0.0011472367084349841,492.0
4775.948516162629,0.03131891724222554,-0.0011472367084349841,245.0
4775.948516162629,0.03442988610849952,-0.0011472367084349841,274.0
4775.948516162629,0.03756364433824816,-0.0011472367084349841,225.0
4775.948516162629,0.04363605542764597,-0.0011472367084349841,480.0
4775.948516162629,0.050824581169582925,-0.0011472367084349841,277.0
4775.948516162629,0.059876970880121484,-0.0011472367084349841,111.0
4775.948516162629,0.06399464132580931,-0.0011472367084349841,75.0
4775.948516162629,0.07411248263332694,-0.0011472367084349841,176.0
4775.948516162629,0.08068243524318078,-0.0011472367084349841,183.0
4775.948516162629,0.08762579905658562,-0.0011472367084349841,231.0
4775.948516162629,0.10146011194402631,-0.0023994723538153305,118.0
4775.948516162629,0.1047813628388075,0.0033761603254745046,20.0
4775.948516162629,0.123594230110364,0.0033761603254745046,51.0
4775.948516162629,0.13915624194560522,0.013725211419993458,4.0
4775.948516162629,0.162694952985897,0.013725211419993458,138.0
4775.948516162629,0.21456622390930616,0.013725211419993458,11.0
5604.75992395731,3.134920619526915e-05,0.003346006335793387,0.0
5604.75992395731,0.0012155987059223744,0.003346006335793387,46.0
5604.75992395731,0.001846227081971047,0.003346006335793387,123.0
5604.75992395731,0.002379503170401809,0.003346006335793387,62.0
5604.75992395731,0.0029266730275055303,-0.00042055335242866876,80.0
5604.75992395731,0.003878332155248701,-0.00042055335242866876,115.0
5604.75992395731,0.0061948183729832115,-0.00042055335242866876,221.0
5604.75992395731,0.012641923479655405,-0.00042055335242866876,266.0
5604.75992395731,0.015412419191529324,-0.00042055335242866876,255.0
5604.75992395731,0.018431421647745597,-0.00042055335242866876,179.0
5604.75992395731,0.020696022984908462,-0.0011456133999742013,1671.0
5604.75992395731,0.022838928656372763,-0.0011456133999742013,255.0
5604.75992395731,0.0251473546510948,-0.0011456133999742013,289.0
5604.75992395731,0.02802063944720732,-0.0011456133999742013,231.0
5604.75992395731,0.03131891724222554,-0.0011456133999742013,364.0
5604.75992395731,0.03442988610849952,-0.0011456133999742013,99.0
5604.75992395731,0.03756364433824816,-0.0011456133999742013,131.0
5604.75992395731,0.04363605542764597,-0.0011456133999742013,307.0
5604.75992395731,0.050824581169582925,-0.0011456133999742013,189.0
5604.75992395731,0.059876970880121484,-0.0011456133999742013,355.0
5604.75992395731,0.06399464132580931,-0.0011456133999742013,88.0
5604.75992395731,0.07411248263332694,-0.0011456133999742013,657.0
5604.75992395731,0.08068243524318078,-0.0011456133999742013,46.0
5604.75992395731,0.08762579905658562,-0.0011456133999742013,65.0
5604.75992395731,0.10146011194402631,-0.0017071211432874065,92.0
5604.75992395731,0.1047813628388075,0.0040685115360024286,57.0
5604.75992395731,0.123594230110364,0.0040685115360024286,80.0
5604.75992395731,0.13915624194560522,0.014417562630521383,323.0
5604.75992395731,0.162694952985897,0.014417562630521383,98.0
5604.75992395731,0.21456622390930616,0.014417562630521383,80.0
6673.110353604381,3.134920619526915e-05,0.003386197148232566,0.0
6673.110353604381,0.0012155987059223744,0.003386197148232566,52.0
6673.110353604381,0.001846227081971047,0.003386197148232566,67.0
6673.110353604381,0.002379503170401809,0.003386197148232566,61.0
6673.110353604381,0.0029266730275055303,-0.0003803625399894896,40.0
6673.110353604381,0.003878332155248701,-0.0003803625399894896,150.0
6673.110353604381,0.0061948183729832115,-0.0003803625399894896,162.0
6673.110353604381,0.012641923479655405,-0.0003803625399894896,241.0
6673.110353604381,0.015412419191529324,-0.0003803625399894896,236.0
6673.110353604381,0.018431421647745597,-0.0003803625399894896,514.0
6673.110353604381,0.020696022984908462,-0.001105422587535022,398.0
6673.110353604381,0.022838928656372763,-0.001105422587535022,160.0
6673.110353604381,0.0251473546510948,-0.0011487795830933487,51.0
6673.110353604381,0.02802063944720732,-0.0011487795830933487,303.0
6673.110353604381,0.03131891724222554,-0.0011487795830933487,774.0
6673.110353604381,0.03442988610849952,-0.0011487795830933487,277.0
6673.110353604381,0.03756364433824816,-0.0011487795830933487,249.0
6673.110353604381,0.04363605542764597,-0.0011487795830933487,207.0
6673.110353604381,0.050824581169582925,-0.0011487795830933487,427.0
6673.110353604381,0.059876970880121484,-0.0011487795830933487,239.0
6673.110353604381,0.06399464132580931,-0.0011487795830933487,76.0
6673.110353604381,0.07411248263332694,-0.0011487795830933487,200.0
6673.110353604381,0.08068243524318078,-0.0011487795830933487,155.0
6673.110353604381,0.08762579905658562,-0.0011487795830933487,1466.0
6673.110353604381,0.10146011194402631,-0.0011933206379387516,56.0
6673.110353604381,0.1047813628388075,0.004582312041351083,55.0
6673.110353604381,0.123594230110364,0.004582312041351083,100.0
6673.110353604381,0.13915624194560522,0.014931363135870037,26.0
6673.110353604381,0.162694952985897,0.014931363135870037,0.0
6673.110353604381,0.21456622390930616,0.014931363135870037,0.0
7484.778023567196,3.134920619526915e-05,0.003386197148232566,0.0
7484.778023567196,0.0012155987059223744,0.003386197148232566,16.0
7484.778023567196,0.001846227081971047,0.003386197148232566,18.0
7484.778023567196,0.002379503170401809,0.003386197148232566,29.0
7484.778023567196,0.0029266730275055303,-0.0003803625399894896,0.0
7484.778023567196,0.003878332155248701,-0.0003803625399894896,82.0
7484.778023567196,0.0061948183729832115,-0.0003803625399894896,93.0
7484.778023567196,0.012641923479655405,-0.0003803625399894896,428.0
7484.778023567196,0.015412419191529324,-0.0003803625399894896,200.0
7484.778023567196,0.018431421647745597,-0.0003803625399894896,175.0
7484.778023567196,0.020696022984908462,-0.001105422587535022,163.0
7484.778023567196,0.022838928656372763,-0.001105422587535022,710.0
7484.778023567196,0.0251473546510948,-0.0011487795830933487,119.0
7484.778023567196,0.02802063944720732,-0.0011487795830933487,187.0
7484.778023567196,0.03131891724222554,-0.0011487795830933487,120.0
7484.778023567196,0.03442988610849952,-0.0011487795830933487,168.0
7484.778023567196,0.03756364433824816,-0.0011487795830933487,186.0
7484.778023567196,0.04363605542764597,-0.0011487795830933487,78.0
7484.778023567196,0.050824581169582925,-0.0011487795830933487,1009.0
7484.778023567196,0.059876970880121484,-0.0011487795830933487,1696.0
7484.778023567196,0.06399464132580931,-0.0011487795830933487,48.0
7484.778023567196,0.07411248263332694,-0.0011487795830933487,55.0
7484.778023567196,0.08068243524318078,-0.0011487795830933487,349.0
7484.778023567196,0.08762579905658562,-0.0011487795830933487,186.0
7484.778023567196,0.10146011194402631,-0.0010850262592083716,65.0
7484.778023567196,0.1047813628388075,0.0046906064200814635,35.0
7484.778023567196,0.123594230110364,0.0046906064200814635,259.0
7484.778023567196,0.13915624194560522,0.015039657514600416,55.0
7484.778023567196,0.162694952985897,0.015039657514600416,144.0
7484.778023567196,0.21456622390930616,0.015039657514600416,87.0
8524.964644320688,3.134920619526915e-05,0.003386197148232566,0.0
8524.964644320688,0.0012155987059223744,0.003386197148232566,12.0
8524.964644320688,0.001846227081971047,0.003386197148232566,24.0
8524.964644320688,0.002379503170401809,0.003386197148232566,73.0
8524.964644320688,0.0029266730275055303,-0.0003803625399894896,273.0
8524.964644320688,0.003878332155248701,-0.0003803625399894896,167.0
8524.964644320688,0.0061948183729832115,-0.0003803625399894896,90.0
8524.964644320688,0.012641923479655405,-0.0003803625399894896,163.0
8524.964644320688,0.015412419191529324,-0.0003803625399894896,153.0
8524.964644320688,0.018431421647745597,-0.0003803625399894896,194.0
8524.964644320688,0.020696022984908462,-0.001105422587535022,117.0
8524.964644320688,0.022838928656372763,-0.001105422587535022,80.0
8524.964644320688,0.0251473546510948,-0.0011487795830933487,123.0
8524.964644320688,0.02802063944720732,-0.0011487795830933487,124.0
8524.964644320688,0.03131891724222554,-0.0011487795830933487,306.0
8524.964644320688,0.03442988610849952,-0.0011487795830933487,156.0
8524.964644320688,0.03756364433824816,-0.0011487795830933487,182.0
8524.964644320688,0.04363605542764597,-0.0011487795830933487,317.0
8524.964644320688,0.050824581169582925,-0.0011487795830933487,179.0
8524.964644320688,0.059876970880121484,-0.0011487795830933487,156.0
8524.964644320688,0.06399464132580931,-0.0011487795830933487,1270.0
8524.964644320688,0.07411248263332694,-0.0011487795830933487,29.0
8524.964644320688,0.08068243524318078,-0.0011487795830933487,1156.0
8524.964644320688,0.08762579905658562,-0.0011487795830933487,77.0
8524.964644320688,0.10146011194402631,-0.0010850262592083716,47.0
8524.964644320688,0.1047813628388075,0.0046906064200814635,4.0
8524.964644320688,0.123594230110364,0.0046906064200814635,1175.0
8524.964644320688,0.13915624194560522,0.015039657514600416,30.0
8524.964644320688,0.162694952985897,0.015039657514600416,36.0
8524.964644320688,0.21456622390930616,0.015039657514600416,68.0
9484.076494982022,3.134920619526915e-05,0.003386197148232566,0.0
9484.076494982022,0.0012155987059223744,0.003386197148232566,20.0
9484.076494982022,0.001846227081971047,0.003386197148232566,0.0
9484.076494982022,0.002379503170401809,0.003386197148232566,41.0
9484.076494982022,0.0029266730275055303,-0.0003803625399894896,79.0
9484.076494982022,0.003878332155248701,-0.0003803625399894896,40.0
9484.076494982022,0.0061948183729832115,-0.0003803625399894896,44.0
9484.076494982022,0.012641923479655405,-0.0003803625399894896,96.0
9484.076494982022,0.015412419191529324,-0.0003803625399894896,807.0
9484.076494982022,0.018431421647745597,-0.0003803625399894896,82.0
9484.076494982022,0.020696022984908462,-0.001105422587535022,223.0
9484.076494982022,0.022838928656372763,-0.001105422587535022,105.0
9484.076494982022,0.0251473546510948,-0.0011487795830933487,111.0
9484.076494982022,0.02802063944720732,-0.0011487795830933487,94.0
9484.076494982022,0.03131891724222554,-0.0011487795830933487,189.0
9484.076494982022,0.03442988610849952,-0.0011487795830933487,696.0
9484.076494982022,0.03756364433824816,-0.0011487795830933487,746.0
9484.076494982022,0.04363605542764597,-0.0011487795830933487,398.0
9484.076494982022,0.050824581169582925,-0.0011487795830933487,64.0
9484.076494982022,0.059876970880121484,-0.0011487795830933487,100.0
9484.076494982022,0.06399464132580931,-0.0011487795830933487,17.0
9484.076494982022,0.07411248263332694,-0.0011487795830933487,139.0
9484.076494982022,0.08068243524318078,-0.0011487795830933487,811.0
9484.076494982022,0.08762579905658562,-0.0011487795830933487,34.0
9484.076494982022,0.10146011194402631,-0.0010850262592083716,113.0
9484.076494982022,0.1047813628388075,0.0046906064200814635,0.0
9484.076494982022,0.123594230110364,0.0046906064200814635,68.0
9484.076494982022,0.13915624194560522,0.015039657514600416,1479.0
9484.076494982022,0.162694952985897,0.015039657514600416,176.0
9484.076494982022,0.21456622390930616,0.015039657514600416,28.0
12978.985530772647,3.134920619526915e-05,0.003386197148232566,0.0
12978.985530772647,0.0012155987059223744,0.003386197148232566,48.0
12978.985530772647,0.001846227081971047,0.003386197148232566,31.0
12978.985530772647,0.002379503170401809,0.003386197148232566,106.0
12978.985530772647,0.0029266730275055303,-0.0003803625399894896,328.0
12978.985530772647,0.003878332155248701,-0.0003803625399894896,114.0
12978.985530772647,0.0061948183729832115,-0.0003803625399894896,126.0
12978.985530772647,0.012641923479655405,-0.0003803625399894896,254.0
12978.985530772647,0.015412419191529324,-0.0003803625399894896,194.0
12978.985530772647,0.018431421647745597,-0.0003803625399894896,320.0
12978.985530772647,0.020696022984908462,-0.001105422587535022,120.0
12978.985530772647,0.022838928656372763,-0.001105422587535022,196.0
12978.985530772647,0.0251473546510948,-0.0011487795830933487,371.0
12978.985530772647,0.02802063944720732,-0.0011487795830933487,355.0
12978.985530772647,0.03131891724222554,-0.0011487795830933487,387.0
12978.985530772647,0.03442988610849952,-0.0011487795830933487,201.0
12978.985530772647,0.03756364433824816,-0.0011487795830933487,303.0
12978.985530772647,0.04363605542764597,-0.0011487795830933487,419.0
12978.985530772647,0.050824581169582925,-0.0011487795830933487,426.0
12978.985530772647,0.059876970880121484,-0.0011487795830933487,1196.0
12978.985530772647,0.06399464132580931,-0.0011487795830933487,82.0
12978.985530772647,0.07411248263332694,-0.0011487795830933487,213.0
12978.985530772647,0.08068243524318078,-0.0011487795830933487,103.0
12978.985530772647,0.08762579905658562,-0.0011487795830933487,115.0
12978.985530772647,0.10146011194402631,-0.0010850262592083716,304.0
12978.985530772647,0.1047813628388075,0.0046906064200814635,0.0
12978.985530772647,0.123594230110364,0.0046906064200814635,243.0
12978.985530772647,0.13915624194560522,0.015039657514600416,90.0
12978.985530772647,0.162694952985897,0.015039657514600416,255.0
12978.985530772647,0.21456622390930616,0.015039657514600416,47.0
15553.375390703339,3.134920619526915e-05,0.003386197148232566,0.0
15553.375390703339,0.0012155987059223744,0.003386197148232566,15.0
15553.375390703339,0.001846227081971047,0.003386197148232566,16.0
15553.375390703339,0.002379503170401809,0.003386197148232566,84.0
15553.375390703339,0.0029266730275055303,-0.0003803625399894896,2449.0
15553.375390703339,0.003878332155248701,-0.0003803625399894896,72.0
15553.375390703339,0.0061948183729832115,-0.0003803625399894896,117.0
15553.375390703339,0.012641923479655405,-0.0003803625399894896,235.0
15553.375390703339,0.015412419191529324,-0.0003803625399894896,64.0
15553.375390703339,0.018431421647745597,-0.0003803625399894896,67.0
15553.375390703339,0.020696022984908462,-0.001105422587535022,97.0
15553.375390703339,0.022838928656372763,-0.001105422587535022,149.0
15553.375390703339,0.0251473546510948,-0.0011487795830933487,565.0
15553.375390703339,0.02802063944720732,-0.0011487795830933487,46.0
15553.375390703339,0.03131891724222554,-0.0011487795830933487,406.0
15553.375390703339,0.03442988610849952,-0.0011487795830933487,254.0
15553.375390703339,0.03756364433824816,-0.0011487795830933487,173.0
15553.375390703339,0.04363605542764597,-0.0011487795830933487,522.0
15553.375390703339,0.050824581169582925,-0.0011487795830933487,480.0
15553.375390703339,0.059876970880121484,-0.0011487795830933487,203.0
15553.375390703339,0.06399464132580931,-0.0011487795830933487,31.0
15553.375390703339,0.07411248263332694,-0.0011487795830933487,172.0
15553.375390703339,0.08068243524318078,-0.0011487795830933487,108.0
15553.375390703339,0.08762579905658562,-0.0011487795830933487,30.0
15553.375390703339,0.10146011194402631,-0.0010850262592083716,62.0
15553.375390703339,0.1047813628388075,0.0046906064200814635,18.0
15553.375390703339,0.123594230110364,0.0046906064200814635,145.0
15553.375390703339,0.13915624194560522,0.015039657514600416,52.0
15553.375390703339,0.162694952985897,0.015039657514600416,143.0
15553.375390703339,0.21456622390930616,0.015039657514600416,31.0
18279.281360753674,3.134920619526915e-05,0.003386197148232566,0.0
18279.281360753674,0.0012155987059223744,0.003386197148232566,24.0
18279.281360753674,0.001846227081971047,0.003386197148232566,19.0
18279.281360753674,0.002379503170401809,0.003386197148232566,19.0
18279.281360753674,0.0029266730275055303,-0.0003803625399894896,52.0
18279.281360753674,0.003878332155248701,-0.0003803625399894896,45.0
18279.281360753674,0.0061948183729832115,-0.0003803625399894896,81.0
18279.281360753674,0.012641923479655405,-0.0003803625399894896,109.0
18279.281360753674,0.015412419191529324,-0.0003803625399894896,36.0
18279.281360753674,0.018431421647745597,-0.0003803625399894896,130.0
18279.281360753674,0.020696022984908462,-0.001105422587535022,101.0
18279.281360753674,0.022838928656372763,-0.001105422587535022,149.0
18279.281360753674,0.0251473546510948,-0.0011487795830933487,1410.0
18279.281360753674,0.02802063944720732,-0.0011487795830933487,267.0
18279.281360753674,0.03131891724222554,-0.0011487795830933487,82.0
18279.281360753674,0.03442988610849952,-0.0011487795830933487,135.0
18279.281360753674,0.03756364433824816,-0.0011487795830933487,181.0
18279.281360753674,0.04363605542764597,-0.0011487795830933487,167.0
18279.281360753674,0.050824581169582925,-0.0011487795830933487,809.0
18279.281360753674,0.059876970880121484,-0.0011487795830933487,194.0
18279.281360753674,0.06399464132580931,-0.0011487795830933487,39.0
18279.281360753674,0.07411248263332694,-0.0011487795830933487,186.0
18279.281360753674,0.08068243524318078,-0.0011487795830933487,117.0
18279.281360753674,0.08762579905658562,-0.0011487795830933487,32.0
18279.281360753674,0.10146011194402631,-0.0010850262592083716,260.0
18279.281360753674,0.1047813628388075,0.0046906064200814635,15.0
18279.281360753674,0.123594230110364,0.0046906064200814635,197.0
18279.281360753674,0.13915624194560522,0.015039657514600416,147.0
18279.281360753674,0.162694952985897,0.015039657514600416,111.0
18279.281360753674,0.21456622390930616,0.015039657514600416,2161.0
22871.846037835305,3.134920619526915e-05,0.003993220199897349,0.0
22871.846037835305,0.0012155987059223744,0.003993220199897349,4.0
22871.846037835305,0.001846227081971047,0.003993220199897349,0.0
22871.846037835305,0.002379503170401809,0.003993220199897349,59.0
22871.846037835305,0.0029266730275055303,0.00022666051167529263,4.0
22871.846037835305,0.003878332155248701,0.00022666051167529263,36.0
22871.846037835305,0.0061948183729832115,0.00022666051167529263,71.0
22871.846037835305,0.012641923479655405,0.00022666051167529263,174.0
22871.846037835305,0.015412419191529324,0.00022666051167529263,169.0
22871.846037835305,0.018431421647745597,0.00022666051167529263,107.0
22871.846037835305,0.020696022984908462,-0.0004983995358702398,251.0
22871.846037835305,0.022838928656372763,-0.0004983995358702398,181.0
22871.846037835305,0.0251473546510948,-0.0005417565314285666,130.0
22871.846037835305,0.02802063944720732,-0.0011898747676779866,152.0
22871.846037835305,0.03131891724222554,-0.0011898747676779866,456.0
22871.846037835305,0.03442988610849952,-0.0011898747676779866,166.0
22871.846037835305,0.03756364433824816,-0.0011898747676779866,135.0
22871.846037835305,0.04363605542764597,-0.0011898747676779866,267.0
22871.846037835305,0.050824581169582925,-0.0011898747676779866,435.0
22871.846037835305,0.059876970880121484,-0.0011898747676779866,383.0
22871.846037835305,0.06399464132580931,-0.0011898747676779866,79.0
22871.846037835305,0.07411248263332694,-0.0011898747676779866,343.0
22871.846037835305,0.08068243524318078,-0.0011898747676779866,166.0
22871.846037835305,0.08762579905658562,-0.0011898747676779866,131.0
22871.846037835305,0.10146011194402631,-0.0011261214437930094,428.0
22871.846037835305,0.1047813628388075,0.0046495112354968254,22.0
22871.846037835305,0.123594230110364,0.0046495112354968254,337.0
22871.846037835305,0.13915624194560522,0.013232733486329157,1671.0
22871.846037835305,0.162694952985897,0.013232733486329157,259.0
22871.846037835305,0.21456622390930616,0.013232733486329157,144.0
25647.14059691455,3.134920619526915e-05,0.006758098452615168,0.0
25647.14059691455,0.0012155987059223744,0.006758098452615168,0.0
25647.14059691455,0.001846227081971047,0.006758098452615168,0.0
25647.14059691455,0.002379503170401809,0.006758098452615168,0.0
25647.14059691455,0.0029266730275055303,0.002991538764393113,0.0
25647.14059691455,0.003878332155248701,0.002991538764393113,29.0
25647.14059691455,0.0061948183729832115,0.002991538764393113,20.0
25647.14059691455,0.012641923479655405,0.002991538764393113,160.0
25647.14059691455,0.015412419191529324,0.002991538764393113,60.0
25647.14059691455,0.018431421647745597,0.002991538764393113,37.0
25647.14059691455,0.020696022984908462,0.002991538764393113,20.0
25647.14059691455,0.022838928656372763,0.002991538764393113,108.0
25647.14059691455,0.0251473546510948,0.002948181768834786,128.0
25647.14059691455,0.02802063944720732,0.00152009963003508,111.0
25647.14059691455,0.03131891724222554,0.00152009963003508,75.0
25647.14059691455,0.03442988610849952,0.00152009963003508,894.0
25647.14059691455,0.03756364433824816,0.00152009963003508,103.0
25647.14059691455,0.04363605542764597,0.00152009963003508,255.0
25647.14059691455,0.050824581169582925,0.00152009963003508,98.0
25647.14059691455,0.059876970880121484,0.00152009963003508,184.0
25647.14059691455,0.06399464132580931,0.00152009963003508,3415.0
25647.14059691455,0.07411248263332694,0.00152009963003508,81.0
25647.14059691455,0.08068243524318078,-0.0005209521131882269,51.0
25647.14059691455,0.08762579905658562,-0.0005209521131882269,195.0
25647.14059691455,0.10146011194402631,-0.0005589747490952357,196.0
25647.14059691455,0.1047813628388075,0.004382087315793209,60.0
25647.14059691455,0.123594230110364,0.004382087315793209,373.0
25647.14059691455,0.13915624194560522,0.007572037828410773,225.0
25647.14059691455,0.162694952985897,0.007572037828410773,314.0
25647.14059691455,0.21456622390930616,0.007572037828410773,86.0
36671.60510852793,3.134920619526915e-05,0.008021853007292962,0.0
36671.60510852793,0.0012155987059223744,0.008021853007292962,0.0
36671.60510852793,0.001846227081971047,0.008021853007292962,0.0
36671.60510852793,0.002379503170401809,0.008021853007292962,4.0
36671.60510852793,0.0029266730275055303,0.004255293319070907,4.0
36671.60510852793,0.003878332155248701,0.004255293319070907,46.0
36671.60510852793,0.0061948183729832115,0.004255293319070907,63.0
36671.60510852793,0.012641923479655405,0.004255293319070907,107.0
36671.60510852793,0.015412419191529324,0.004255293319070907,102.0
36671.60510852793,0.018431421647745597,0.004255293319070907,75.0
36671.60510852793,0.020696022984908462,0.004255293319070907,101.0
36671.60510852793,0.022838928656372763,0.004255293319070907,162.0
36671.60510852793,0.0251473546510948,0.004211936323512581,143.0
36671.60510852793,0.02802063944720732,0.0025900107304477372,140.0
36671.60510852793,0.03131891724222554,0.0025900107304477372,170.0
36671.60510852793,0.03442988610849952,0.0025900107304477372,95.0
36671.60510852793,0.03756364433824816,0.0025900107304477372,142.0
36671.60510852793,0.04363605542764597,0.0025900107304477372,253.0
36671.60510852793,0.050824581169582925,0.0025900107304477372,269.0
36671.60510852793,0.059876970880121484,0.0025900107304477372,293.0
36671.60510852793,0.06399464132580931,0.0025900107304477372,308.0
36671.60510852793,0.07411248263332694,0.0025900107304477372,1107.0
36671.60510852793,0.08068243524318078,-0.0005105236451347345,101.0
36671.60510852793,0.08762579905658562,-0.0005105236451347345,283.0
36671.60510852793,0.10146011194402631,-0.0005485462810417433,477.0
36671.60510852793,0.1047813628388075,-0.0005485462810417433,22.0
36671.60510852793,0.123594230110364,-0.0005485462810417433,657.0
36671.60510852793,0.13915624194560522,0.0026414042315758193,871.0
36671.60510852793,0.162694952985897,0.0026414042315758193,470.0
36671.60510852793,0.21456622390930616,0.0026414042315758193,345.0
46845.420632828514,3.134920619526915e-05,0.008021853007292962,0.0
46845.420632828514,0.0012155987059223744,0.008021853007292962,0.0
46845.420632828514,0.001846227081971047,0.008021853007292962,0.0
46845.420632828514,0.002379503170401809,0.008021853007292962,0.0
46845.420632828514,0.0029266730275055303,0.004255293319070907,0.0
46845.420632828514,0.003878332155248701,0.004255293319070907,29.0
46845.420632828514,0.0061948183729832115,0.004255293319070907,4.0
46845.420632828514,0.012641923479655405,0.004255293319070907,134.0
46845.420632828514,0.015412419191529324,0.004255293319070907,14.0
46845.420632828514,0.018431421647745597,0.004255293319070907,67.0
46845.420632828514,0.020696022984908462,0.004255293319070907,88.0
46845.420632828514,0.022838928656372763,0.004255293319070907,1079.0
46845.420632828514,0.0251473546510948,0.004211936323512581,76.0
46845.420632828514,0.02802063944720732,0.0025900107304477372,144.0
46845.420632828514,0.03131891724222554,0.0025900107304477372,34.0
46845.420632828514,0.03442988610849952,0.0025900107304477372,16.0
46845.420632828514,0.03756364433824816,0.0025900107304477372,2379.0
46845.420632828514,0.04363605542764597,0.0025900107304477372,380.0
46845.420632828514,0.050824581169582925,0.0025900107304477372,103.0
46845.420632828514,0.059876970880121484,0.0025900107304477372,374.0
46845.420632828514,0.06399464132580931,0.0025900107304477372,161.0
46845.420632828514,0.07411248263332694,0.0025900107304477372,345.0
46845.420632828514,0.08068243524318078,-0.0005105236451347345,62.0
46845.420632828514,0.08762579905658562,-0.0005105236451347345,449.0
46845.420632828514,0.10146011194402631,-0.0005485462810417433,220.0
46845.420632828514,0.1047813628388075,-0.0005485462810417433,42.0
46845.420632828514,0.123594230110364,-0.0005485462810417433,261.0
46845.420632828514,0.13915624194560522,0.0026414042315758193,256.0
46845.420632828514,0.162694952985897,0.0026414042315758193,467.0
46845.420632828514,0.21456622390930616,0.0026414042315758193,216.0
70607.73077972204,3.134920619526915e-05,0.008021853007292962,0.0
70607.73077972204,0.0012155987059223744,0.008021853007292962,0.0
70607.73077972204,0.001846227081971047,0.008021853007292962,4.0
70607.73077972204,0.002379503170401809,0.008021853007292962,3.0
70607.73077972204,0.0029266730275055303,0.004255293319070907,0.0
70607.73077972204,0.003878332155248701,0.004255293319070907,672.0
70607.73077972204,0.0061948183729832115,0.004255293319070907,43.0
70607.73077972204,0.012641923479655405,0.004255293319070907,72.0
70607.73077972204,0.015412419191529324,0.004255293319070907,4.0
70607.73077972204,0.018431421647745597,0.004255293319070907,579.0
70607.73077972204,0.020696022984908462,0.004255293319070907,30.0
70607.73077972204,0.022838928656372763,0.004255293319070907,21.0
70607.73077972204,0.0251473546510948,0.004211936323512581,0.0
70607.73077972204,0.02802063944720732,0.0025900107304477372,23.0
70607.73077972204,0.03131891724222554,0.0025900107304477372,68.0
70607.73077972204,0.03442988610849952,0.0025900107304477372,253.0
70607.73077972204,0.03756364433824816,0.0025900107304477372,88.0
70607.73077972204,0.04363605542764597,0.0025900107304477372,126.0
70607.73077972204,0.050824581169582925,0.0025900107304477372,115.0
70607.73077972204,0.059876970880121484,0.0025900107304477372,45.0
70607.73077972204,0.06399464132580931,0.0025900107304477372,302.0
70607.73077972204,0.07411248263332694,0.0025900107304477372,559.0
70607.73077972204,0.08068243524318078,-0.0005105236451347345,96.0
70607.73077972204,0.08762579905658562,-0.0005105236451347345,861.0
70607.73077972204,0.10146011194402631,-0.0005485462810417433,292.0
70607.73077972204,0.1047813628388075,-0.0005485462810417433,165.0
70607.73077972204,0.123594230110364,-0.0005485462810417433,305.0
70607.73077972204,0.13915624194560522,-0.0006535255586725091,285.0
70607.73077972204,0.162694952985897,-0.0006535255586725091,365.0
70607.73077972204,0.21456622390930616,-0.0006535255586725091,1955.0
108268.44093943582,3.134920619526915e-05,0.008021853007292962,0.0
108268.44093943582,0.0012155987059223744,0.008021853007292962,0.0
108268.44093943582,0.001846227081971047,0.008021853007292962,0.0
108268.44093943582,0.002379503170401809,0.008021853007292962,0.0
108268.44093943582,0.0029266730275055303,0.004255293319070907,0.0
108268.44093943582,0.003878332155248701,0.004255293319070907,20.0
108268.44093943582,0.0061948183729832115,0.004255293319070907,6.0
108268.44093943582,0.012641923479655405,0.004255293319070907,55.0
108268.44093943582,0.015412419191529324,0.004255293319070907,0.0
108268.44093943582,0.018431421647745597,0.004255293319070907,2.0
108268.44093943582,0.020696022984908462,0.004255293319070907,0.0
108268.44093943582,0.022838928656372763,0.004255293319070907,19.0
108268.44093943582,0.0251473546510948,0.004211936323512581,47.0
108268.44093943582,0.02802063944720732,0.0025900107304477372,3.0
108268.44093943582,0.03131891724222554,0.0025900107304477372,63.0
108268.44093943582,0.03442988610849952,0.0025900107304477372,59.0
108268.44093943582,0.03756364433824816,0.0025900107304477372,30.0
108268.44093943582,0.04363605542764597,0.0025900107304477372,186.0
108268.44093943582,0.050824581169582925,0.0025900107304477372,50.0
108268.44093943582,0.059876970880121484,0.0025900107304477372,128.0
108268.44093943582,0.06399464132580931,0.0025900107304477372,31.0
108268.44093943582,0.07411248263332694,0.0025900107304477372,831.0
108268.44093943582,0.08068243524318078,-0.0005105236451347345,174.0
108268.44093943582,0.08762579905658562,-0.0005105236451347345,182.0
108268.44093943582,0.10146011194402631,-0.0005485462810417433,347.0
108268.44093943582,0.1047813628388075,-0.0005485462810417433,1535.0
108268.44093943582,0.123594230110364,-0.0005485462810417433,624.0
108268.44093943582,0.13915624194560522,-0.0006535255586725091,467.0
108268.44093943582,0.162694952985897,-0.0006535255586725091,1393.0
108268.44093943582,0.21456622390930616,-0.0006535255586725091,536.0
159874.9776715541,3.134920619526915e-05,0.008021853007292962,0.0
159874.9776715541,0.0012155987059223744,0.008021853007292962,0.0
159874.9776715541,0.001846227081971047,0.008021853007292962,0.0
159874.9776715541,0.002379503170401809,0.008021853007292962,0.0
159874.9776715541,0.0029266730275055303,0.004255293319070907,0.0
159874.9776715541,0.003878332155248701,0.004255293319070907,0.0
159874.9776715541,0.0061948183729832115,0.004255293319070907,36.0
159874.9776715541,0.012641923479655405,0.004255293319070907,24.0
159874.9776715541,0.015412419191529324,0.004255293319070907,979.0
159874.9776715541,0.018431421647745597,0.004255293319070907,0.0
159874.9776715541,0.020696022984908462,0.004255293319070907,0.0
159874.9776715541,0.022838928656372763,0.004255293319070907,56.0
159874.9776715541,0.0251473546510948,0.004211936323512581,14.0
159874.9776715541,0.02802063944720732,0.0025900107304477372,0.0
159874.9776715541,0.03131891724222554,0.0025900107304477372,94.0
159874.9776715541,0.03442988610849952,0.0025900107304477372,50.0
159874.9776715541,0.03756364433824816,0.0025900107304477372,10.0
159874.9776715541,0.04363605542764597,0.0025900107304477372,173.0
159874.9776715541,0.050824581169582925,0.0025900107304477372,121.0
159874.9776715541,0.059876970880121484,0.0025900107304477372,201.0
159874.9776715541,0.06399464132580931,0.0025900107304477372,70.0
159874.9776715541,0.07411248263332694,0.0025900107304477372,480.0
159874.9776715541,0.08068243524318078,-0.0005105236451347345,328.0
159874.9776715541,0.08762579905658562,-0.0005105236451347345,173.0
159874.9776715541,0.10146011194402631,-0.0005485462810417433,331.0
159874.9776715541,0.1047813628388075,-0.0005485462810417433,1655.0
159874.9776715541,0.123594230110364,-0.0005485462810417433,575.0
159874.9776715541,0.13915624194560522,-0.0006535255586725091,416.0
159874.9776715541,0.162694952985897,-0.0006535255586725091,597.0
159874.9776715541,0.21456622390930616,-0.0006535255586725091,280.0
193356.25643192156,3.134920619526915e-05,0.008021853007292962,0.0
193356.25643192156,0.0012155987059223744,0.008021853007292962,0.0
193356.25643192156,0.001846227081971047,0.008021853007292962,0.0
193356.25643192156,0.002379503170401809,0.008021853007292962,0.0
193356.25643192156,0.0029266730275055303,0.004255293319070907,0.0
193356.25643192156,0.003878332155248701,0.004255293319070907,0.0
193356.25643192156,0.0061948183729832115,0.004255293319070907,4.0
193356.25643192156,0.012641923479655405,0.004255293319070907,0.0
193356.25643192156,0.015412419191529324,0.004255293319070907,4.0
193356.25643192156,0.018431421647745597,0.004255293319070907,8.0
193356.25643192156,0.020696022984908462,0.004255293319070907,0.0
193356.25643192156,0.022838928656372763,0.004255293319070907,12.0
193356.25643192156,0.0251473546510948,0.004211936323512581,34.0
193356.25643192156,0.02802063944720732,0.0025900107304477372,0.0
193356.25643192156,0.03131891724222554,0.0025900107304477372,867.0
193356.25643192156,0.03442988610849952,0.0025900107304477372,169.0
193356.25643192156,0.03756364433824816,0.0025900107304477372,2.0
193356.25643192156,0.04363605542764597,0.0025900107304477372,32.0
193356.25643192156,0.050824581169582925,0.0025900107304477372,0.0
193356.25643192156,0.059876970880121484,0.0025900107304477372,150.0
193356.25643192156,0.06399464132580931,0.0025900107304477372,46.0
193356.25643192156,0.07411248263332694,0.0025900107304477372,48.0
193356.25643192156,0.08068243524318078,-0.0005105236451347345,579.0
193356.25643192156,0.08762579905658562,-0.0005105236451347345,949.0
193356.25643192156,0.10146011194402631,-0.0005485462810417433,113.0
193356.25643192156,0.1047813628388075,-0.0005485462810417433,0.0
193356.25643192156,0.123594230110364,-0.0005485462810417433,242.0
193356.25643192156,0.13915624194560522,-0.0006535255586725091,2164.0
193356.25643192156,0.162694952985897,-0.0006535255586725091,168.0
193356.25643192156,0.21456622390930616,-0.0006535255586725091,91.0
227534.66063029977,3.134920619526915e-05,0.008021853007292962,0.0
227534.66063029977,0.0012155987059223744,0.008021853007292962,0.0
227534.66063029977,0.001846227081971047,0.008021853007292962,0.0
227534.66063029977,0.002379503170401809,0.008021853007292962,0.0
227534.66063029977,0.0029266730275055303,0.004255293319070907,0.0
227534.66063029977,0.003878332155248701,0.004255293319070907,1128.0
227534.66063029977,0.0061948183729832115,0.004255293319070907,0.0
227534.66063029977,0.012641923479655405,0.004255293319070907,0.0
227534.66063029977,0.015412419191529324,0.004255293319070907,10.0
227534.66063029977,0.018431421647745597,0.004255293319070907,8.0
227534.66063029977,0.020696022984908462,0.004255293319070907,0.0
227534.66063029977,0.022838928656372763,0.004255293319070907,0.0
227534.66063029977,0.0251473546510948,0.004211936323512581,0.0
227534.66063029977,0.02802063944720732,0.0025900107304477372,0.0
227534.66063029977,0.03131891724222554,0.0025900107304477372,0.0
227534.66063029977,0.03442988610849952,0.0025900107304477372,16.0
227534.66063029977,0.03756364433824816,0.0025900107304477372,0.0
227534.66063029977,0.04363605542764597,0.0025900107304477372,543.0
227534.66063029977,0.050824581169582925,0.0025900107304477372,2.0
227534.66063029977,0.059876970880121484,0.0025900107304477372,49.0
227534.66063029977,0.06399464132580931,0.0025900107304477372,22.0
227534.66063029977,0.07411248263332694,0.0025900107304477372,22.0
227534.66063029977,0.08068243524318078,-0.0005105236451347345,3691.0
227534.66063029977,0.08762579905658562,-0.0005105236451347345,638.0
227534.66063029977,0.10146011194402631,-0.0005485462810417433,249.0
227534.66063029977,0.1047813628388075,-0.0005485462810417433,0.0
227534.66063029977,0.123594230110364,-0.0005485462810417433,227.0
227534.66063029977,0.13915624194560522,-0.0006535255586725091,7.0
227534.66063029977,0.162694952985897,-0.0006535255586725091,87.0
227534.66063029977,0.21456622390930616,-0.0006535255586725091,110.0
274537.99030035746,3.134920619526915e-05,0.008021853007292962,0.0
274537.99030035746,0.0012155987059223744,0.008021853007292962,0.0
274537.99030035746,0.001846227081971047,0.008021853007292962,0.0
274537.99030035746,0.002379503170401809,0.008021853007292962,0.0
274537.99030035746,0.0029266730275055303,0.004255293319070907,0.0
274537.99030035746,0.003878332155248701,0.004255293319070907,0.0
274537.99030035746,0.0061948183729832115,0.004255293319070907,0.0
274537.99030035746,0.012641923479655405,0.004255293319070907,0.0
274537.99030035746,0.015412419191529324,0.004255293319070907,7.0
274537.99030035746,0.018431421647745597,0.004255293319070907,12.0
274537.99030035746,0.020696022984908462,0.004255293319070907,0.0
274537.99030035746,0.022838928656372763,0.004255293319070907,0.0
274537.99030035746,0.0251473546510948,0.004211936323512581,4.0
274537.99030035746,0.02802063944720732,0.0025900107304477372,0.0
274537.99030035746,0.03131891724222554,0.0025900107304477372,4.0
274537.99030035746,0.03442988610849952,0.0025900107304477372,445.0
274537.99030035746,0.03756364433824816,0.0025900107304477372,0.0
274537.99030035746,0.04363605542764597,0.0025900107304477372,173.0
274537.99030035746,0.050824581169582925,0.0025900107304477372,62.0
274537.99030035746,0.059876970880121484,0.0025900107304477372,113.0
274537.99030035746,0.06399464132580931,0.0025900107304477372,12.0
274537.99030035746,0.07411248263332694,0.0025900107304477372,104.0
274537.99030035746,0.08068243524318078,-0.0005105236451347345,73.0
274537.99030035746,0.08762579905658562,-0.0005105236451347345,54.0
274537.99030035746,0.10146011194402631,-0.0005485462810417433,4890.0
274537.99030035746,0.1047813628388075,-0.0005485462810417433,30.0
274537.99030035746,0.123594230110364,-0.0005485462810417433,320.0
274537.99030035746,0.13915624194560522,-0.0006535255586725091,69.0
274537.99030035746,0.162694952985897,-0.0006535255586725091,254.0
274537.99030035746,0.21456622390930616,-0.0006535255586725091,24.0
320872.7186681552,3.134920619526915e-05,0.006046073852799697,0.0
320872.7186681552,0.0012155987059223744,0.006046073852799697,0.0
320872.7186681552,0.001846227081971047,0.006046073852799697,0.0
320872.7186681552,0.002379503170401809,0.006046073852799697,0.0
320872.7186681552,0.0029266730275055303,0.0022795141645776413,0.0
320872.7186681552,0.003878332155248701,0.0022795141645776413,0.0
320872.7186681552,0.0061948183729832115,0.0022795141645776413,0.0
320872.7186681552,0.012641923479655405,0.0022795141645776413,0.0
320872.7186681552,0.015412419191529324,0.0022795141645776413,0.0
320872.7186681552,0.018431421647745597,0.0022795141645776413,0.0
320872.7186681552,0.020696022984908462,0.0022795141645776413,0.0
320872.7186681552,0.022838928656372763,0.0022795141645776413,0.0
320872.7186681552,0.0251473546510948,0.002236157169019314,0.0
320872.7186681552,0.02802063944720732,0.0006142315759544701,0.0
320872.7186681552,0.03131891724222554,0.0006142315759544701,4.0
320872.7186681552,0.03442988610849952,0.0006142315759544701,21.0
320872.7186681552,0.03756364433824816,0.0006142315759544701,12.0
320872.7186681552,0.04363605542764597,0.0006142315759544701,71.0
320872.7186681552,0.050824581169582925,0.0006142315759544701,12.0
320872.7186681552,0.059876970880121484,0.0006142315759544701,0.0
320872.7186681552,0.06399464132580931,0.0006142315759544701,42.0
320872.7186681552,0.07411248263332694,0.0006142315759544701,76.0
320872.7186681552,0.08068243524318078,-0.002486302799628001,46.0
320872.7186681552,0.08762579905658562,-0.002486302799628001,97.0
320872.7186681552,0.10146011194402631,-0.00252432543553501,213.0
320872.7186681552,0.1047813628388075,-0.00252432543553501,3425.0
320872.7186681552,0.123594230110364,-0.00252432543553501,1015.0
320872.7186681552,0.13915624194560522,-0.0006535255586725091,379.0
320872.7186681552,0.162694952985897,-0.0006535255586725091,1818.0
320872.7186681552,0.21456622390930616,-0.0006535255586725091,51.0
