cum_jobs,length_density,f,freq
7.275957614183426e-12,0.06969584335810808,0.0003300278872736439,0.0
7.275957614183426e-12,1.1959754678571421,0.0003300278872736439,3.0
7.275957614183426e-12,1.6466900686935375,0.0003300278872736439,0.0
7.275957614183426e-12,1.9015141963565974,0.0003300278872736439,0.0
7.275957614183426e-12,2.3401151901238784,0.0003300278872736439,0.0
7.275957614183426e-12,2.6530401685979896,0.0003300278872736439,0.0
7.275957614183426e-12,3.5839088622079416,0.0003300278872736439,0.0
7.275957614183426e-12,5.19282211663031,0.0003300278872736439,0.0
7.275957614183426e-12,6.26486915896016,0.0003300278872736439,0.0
7.275957614183426e-12,7.16296446142168,0.0003300278872736439,0.0
7.275957614183426e-12,8.065710847476634,0.0003300278872736439,0.0
7.275957614183426e-12,9.092960520589198,0.0003300278872736439,0.0
7.275957614183426e-12,10.118053222823615,0.0003300278872736439,0.0
7.275957614183426e-12,11.520292718598707,0.0003300278872736439,0.0
7.275957614183426e-12,12.913382616976376,0.0003300278872736439,0.0
7.275957614183426e-12,14.25957374767508,0.0003300278872736439,0.0
7.275957614183426e-12,16.1002952487557,0.0003300278872736439,0.0
7.275957614183426e-12,18.36457230866222,0.0003300278872736439,0.0
7.275957614183426e-12,21.333628367561612,0.0003300278872736439,0.0
7.275957614183426e-12,24.095963954299837,0.0003300278872736439,0.0
7.275957614183426e-12,28.367049694680937,0.0031136034901039864,0.0
7.275957614183426e-12,32.14844535881037,0.0031136034901039864,0.0
7.275957614183426e-12,35.449510209211695,0.0031136034901039864,0.0
7.275957614183426e-12,43.221067617609215,0.0031136034901039864,0.0
7.275957614183426e-12,45.20423322929895,0.0031136034901039864,0.0
7.275957614183426e-12,49.16501709182676,0.014065769587912126,0.0
7.275957614183426e-12,58.33611774509549,0.014065769587912126,0.0
7.275957614183426e-12,58.61757651977216,0.013871448513833746,0.0
7.275957614183426e-12,76.59593422504283,0.013331584596172149,0.0
7.275957614183426e-12,105.69240610328004,0.013331584596172149,0.0
234.04140038858895,0.06969584335810808,0.0003300278872736439,0.0
234.04140038858895,1.1959754678571421,0.0003300278872736439,2581.0
234.04140038858895,1.6466900686935375,0.0003300278872736439,1710.0
234.04140038858895,1.9015141963565974,0.0003300278872736439,943.0
234.04140038858895,2.3401151901238784,0.0003300278872736439,680.0
234.04140038858895,2.6530401685979896,0.0003300278872736439,413.0
234.04140038858895,3.5839088622079416,0.0003300278872736439,205.0
234.04140038858895,5.19282211663031,0.0003300278872736439,81.0
234.04140038858895,6.26486915896016,0.0003300278872736439,49.0
234.04140038858895,7.16296446142168,0.0003300278872736439,12.0
234.04140038858895,8.065710847476634,0.0003300278872736439,4.0
234.04140038858895,9.092960520589198,0.0003300278872736439,4.0
234.04140038858895,10.118053222823615,0.0003300278872736439,4.0
234.04140038858895,11.520292718598707,0.0003300278872736439,15.0
234.04140038858895,12.913382616976376,0.0003300278872736439,11.0
234.04140038858895,14.25957374767508,0.0003300278872736439,0.0
234.04140038858895,16.1002952487557,0.0003300278872736439,0.0
234.04140038858895,18.36457230866222,0.0003300278872736439,4.0
234.04140038858895,21.333628367561612,0.0003300278872736439,8.0
234.04140038858895,24.095963954299837,0.0003300278872736439,0.0
234.04140038858895,28.367049694680937,0.0031136034901039864,0.0
234.04140038858895,32.14844535881037,0.0031136034901039864,12.0
234.04140038858895,35.449510209211695,0.0031136034901039864,0.0
234.04140038858895,43.221067617609215,0.0031136034901039864,0.0
234.04140038858895,45.20423322929895,0.0031136034901039864,0.0
234.04140038858895,49.16501709182676,0.014065769587912126,0.0
234.04140038858895,58.33611774509549,0.014065769587912126,0.0
234.04140038858895,58.61757651977216,0.013871448513833746,0.0
234.04140038858895,76.59593422504283,0.013331584596172149,0.0
234.04140038858895,105.69240610328004,0.013331584596172149,0.0
474.95864288126177,0.06969584335810808,0.0003300278872736439,0.0
474.95864288126177,1.1959754678571421,0.0003300278872736439,1177.0
474.95864288126177,1.6466900686935375,0.0003300278872736439,1528.0
474.95864288126177,1.9015141963565974,0.0003300278872736439,1035.0
474.95864288126177,2.3401151901238784,0.0003300278872736439,1194.0
474.95864288126177,2.6530401685979896,0.0003300278872736439,622.0
474.95864288126177,3.5839088622079416,0.0003300278872736439,534.0
474.95864288126177,5.19282211663031,0.0003300278872736439,438.0
474.95864288126177,6.26486915896016,0.0003300278872736439,129.0
474.95864288126177,7.16296446142168,0.0003300278872736439,20.0
474.95864288126177,8.065710847476634,0.0003300278872736439,28.0
474.95864288126177,9.092960520589198,0.0003300278872736439,0.0
474.95864288126177,10.118053222823615,0.0003300278872736439,0.0
474.95864288126177,11.520292718598707,0.0003300278872736439,0.0
474.95864288126177,12.913382616976376,0.0003300278872736439,0.0
474.95864288126177,14.25957374767508,0.0003300278872736439,0.0
474.95864288126177,16.1002952487557,0.0003300278872736439,0.0
474.95864288126177,18.36457230866222,0.0003300278872736439,0.0
474.95864288126177,21.333628367561612,0.0003300278872736439,4.0
474.95864288126177,24.095963954299837,0.0003300278872736439,0.0
474.95864288126177,28.367049694680937,0.0031136034901039864,0.0
474.95864288126177,32.14844535881037,0.0031136034901039864,0.0
474.95864288126177,35.449510209211695,0.0031136034901039864,0.0
474.95864288126177,43.221067617609215,0.0031136034901039864,0.0
474.95864288126177,45.20423322929895,0.0031136034901039864,0.0
474.95864288126177,49.16501709182676,0.014065769587912126,0.0
474.95864288126177,58.33611774509549,0.014065769587912126,0.0
474.95864288126177,58.61757651977216,0.013871448513833746,0.0
474.95864288126177,76.59593422504283,0.013331584596172149,0.0
474.95864288126177,105.69240610328004,0.013331584596172149,0.0
769.6677909017017,0.06969584335810808,0.0003300278872736439,0.0
769.6677909017017,1.1959754678571421,0.0003300278872736439,713.0
769.6677909017017,1.6466900686935375,0.0003300278872736439,1323.0
769.6677909017017,1.9015141963565974,0.0003300278872736439,667.0
769.6677909017017,2.3401151901238784,0.0003300278872736439,1041.0
769.6677909017017,2.6530401685979896,0.0003300278872736439,593.0
769.6677909017017,3.5839088622079416,0.0003300278872736439,525.0
769.6677909017017,5.19282211663031,0.0003300278872736439,510.0
769.6677909017017,6.26486915896016,0.0003300278872736439,431.0
769.6677909017017,7.16296446142168,0.0003300278872736439,214.0
769.6677909017017,8.065710847476634,0.0003300278872736439,692.0
769.6677909017017,9.092960520589198,0.0003300278872736439,60.0
769.6677909017017,10.118053222823615,0.0003300278872736439,0.0
769.6677909017017,11.520292718598707,0.0003300278872736439,16.0
769.6677909017017,12.913382616976376,0.0003300278872736439,14.0
769.6677909017017,14.25957374767508,0.0003300278872736439,0.0
769.6677909017017,16.1002952487557,0.0003300278872736439,0.0
769.6677909017017,18.36457230866222,0.0003300278872736439,0.0
769.6677909017017,21.333628367561612,0.0003300278872736439,0.0
769.6677909017017,24.095963954299837,0.0003300278872736439,0.0
769.6677909017017,28.367049694680937,0.0031136034901039864,0.0
769.6677909017017,32.14844535881037,0.0031136034901039864,0.0
769.6677909017017,35.449510209211695,0.0031136034901039864,0.0
769.6677909017017,43.221067617609215,0.0031136034901039864,0.0
769.6677909017017,45.20423322929895,0.0031136034901039864,0.0
769.6677909017017,49.16501709182676,0.014065769587912126,0.0
769.6677909017017,58.33611774509549,0.014065769587912126,0.0
769.6677909017017,58.61757651977216,0.013871448513833746,0.0
769.6677909017017,76.59593422504283,0.013331584596172149,0.0
769.6677909017017,105.69240610328004,0.013331584596172149,0.0
1128.3453892204197,0.06969584335810808,0.0003300278872736439,0.0
1128.3453892204197,1.1959754678571421,0.0003300278872736439,431.0
1128.3453892204197,1.6466900686935375,0.0003300278872736439,505.0
1128.3453892204197,1.9015141963565974,0.0003300278872736439,413.0
1128.3453892204197,2.3401151901238784,0.0003300278872736439,796.0
1128.3453892204197,2.6530401685979896,0.0003300278872736439,1139.0
1128.3453892204197,3.5839088622079416,0.0003300278872736439,662.0
1128.3453892204197,5.19282211663031,0.0003300278872736439,664.0
1128.3453892204197,6.26486915896016,0.0003300278872736439,841.0
1128.3453892204197,7.16296446142168,0.0003300278872736439,302.0
1128.3453892204197,8.065710847476634,0.0003300278872736439,289.0
1128.3453892204197,9.092960520589198,0.0003300278872736439,138.0
1128.3453892204197,10.118053222823615,0.0003300278872736439,63.0
1128.3453892204197,11.520292718598707,0.0003300278872736439,321.0
1128.3453892204197,12.913382616976376,0.0003300278872736439,42.0
1128.3453892204197,14.25957374767508,0.0003300278872736439,0.0
1128.3453892204197,16.1002952487557,0.0003300278872736439,73.0
1128.3453892204197,18.36457230866222,0.0003300278872736439,44.0
1128.3453892204197,21.333628367561612,0.0003300278872736439,0.0
1128.3453892204197,24.095963954299837,0.0003300278872736439,0.0
1128.3453892204197,28.367049694680937,0.0031136034901039864,14.0
1128.3453892204197,32.14844535881037,0.0031136034901039864,0.0
1128.3453892204197,35.449510209211695,0.0031136034901039864,0.0
1128.3453892204197,43.221067617609215,0.0031136034901039864,0.0
1128.3453892204197,45.20423322929895,0.0031136034901039864,0.0
1128.3453892204197,49.16501709182676,0.014065769587912126,0.0
1128.3453892204197,58.33611774509549,0.014065769587912126,0.0
1128.3453892204197,58.61757651977216,0.013871448513833746,0.0
1128.3453892204197,76.59593422504283,0.013331584596172149,0.0
1128.3453892204197,105.69240610328004,0.013331584596172149,0.0
1543.7907900810314,0.06969584335810808,0.0003300278872736439,0.0
1543.7907900810314,1.1959754678571421,0.0003300278872736439,526.0
1543.7907900810314,1.6466900686935375,0.0003300278872736439,317.0
1543.7907900810314,1.9015141963565974,0.0003300278872736439,362.0
1543.7907900810314,2.3401151901238784,0.0003300278872736439,683.0
1543.7907900810314,2.6530401685979896,0.0003300278872736439,519.0
1543.7907900810314,3.5839088622079416,0.0003300278872736439,572.0
1543.7907900810314,5.19282211663031,0.0003300278872736439,568.0
1543.7907900810314,6.26486915896016,0.0003300278872736439,384.0
1543.7907900810314,7.16296446142168,0.0003300278872736439,511.0
1543.7907900810314,8.065710847476634,0.0003300278872736439,169.0
1543.7907900810314,9.092960520589198,0.0003300278872736439,1363.0
1543.7907900810314,10.118053222823615,0.0003300278872736439,199.0
1543.7907900810314,11.520292718598707,0.0003300278872736439,174.0
1543.7907900810314,12.913382616976376,0.0003300278872736439,137.0
1543.7907900810314,14.25957374767508,0.0003300278872736439,73.0
1543.7907900810314,16.1002952487557,0.0003300278872736439,29.0
1543.7907900810314,18.36457230866222,0.0003300278872736439,63.0
1543.7907900810314,21.333628367561612,0.0003300278872736439,27.0
1543.7907900810314,24.095963954299837,0.0003300278872736439,0.0
1543.7907900810314,28.367049694680937,0.0031136034901039864,64.0
1543.7907900810314,32.14844535881037,0.0031136034901039864,2.0
1543.7907900810314,35.449510209211695,0.0031136034901039864,0.0
1543.7907900810314,43.221067617609215,0.0031136034901039864,24.0
1543.7907900810314,45.20423322929895,0.0031136034901039864,0.0
1543.7907900810314,49.16501709182676,0.014065769587912126,0.0
1543.7907900810314,58.33611774509549,0.014065769587912126,0.0
1543.7907900810314,58.61757651977216,0.013871448513833746,0.0
1543.7907900810314,76.59593422504283,0.013331584596172149,0.0
1543.7907900810314,105.69240610328004,0.013331584596172149,0.0
1975.1969890976034,0.06969584335810808,0.0003300278872736439,0.0
1975.1969890976034,1.1959754678571421,0.0003300278872736439,261.0
1975.1969890976034,1.6466900686935375,0.0003300278872736439,275.0
1975.1969890976034,1.9015141963565974,0.0003300278872736439,294.0
1975.1969890976034,2.3401151901238784,0.0003300278872736439,433.0
1975.1969890976034,2.6530401685979896,0.0003300278872736439,502.0
1975.1969890976034,3.5839088622079416,0.0003300278872736439,558.0
1975.1969890976034,5.19282211663031,0.0003300278872736439,554.0
1975.1969890976034,6.26486915896016,0.0003300278872736439,255.0
1975.1969890976034,7.16296446142168,0.0003300278872736439,598.0
1975.1969890976034,8.065710847476634,0.0003300278872736439,415.0
1975.1969890976034,9.092960520589198,0.0003300278872736439,550.0
1975.1969890976034,10.118053222823615,0.0003300278872736439,522.0
1975.1969890976034,11.520292718598707,0.0003300278872736439,552.0
1975.1969890976034,12.913382616976376,0.0003300278872736439,229.0
1975.1969890976034,14.25957374767508,0.0003300278872736439,120.0
1975.1969890976034,16.1002952487557,0.0003300278872736439,148.0
1975.1969890976034,18.36457230866222,0.0003300278872736439,143.0
1975.1969890976034,21.333628367561612,0.0003300278872736439,24.0
1975.1969890976034,24.095963954299837,0.0003300278872736439,6.0
1975.1969890976034,28.367049694680937,0.0031136034901039864,186.0
1975.1969890976034,32.14844535881037,0.0031136034901039864,38.0
1975.1969890976034,35.449510209211695,0.0031136034901039864,66.0
1975.1969890976034,43.221067617609215,0.0031136034901039864,3.0
1975.1969890976034,45.20423322929895,0.0031136034901039864,0.0
1975.1969890976034,49.16501709182676,0.014065769587912126,0.0
1975.1969890976034,58.33611774509549,0.014065769587912126,0.0
1975.1969890976034,58.61757651977216,0.013871448513833746,0.0
1975.1969890976034,76.59593422504283,0.013331584596172149,0.0
1975.1969890976034,105.69240610328004,0.013331584596172149,0.0
2515.501800248203,0.06969584335810808,0.0003300278872736439,0.0
2515.501800248203,1.1959754678571421,0.0003300278872736439,293.0
2515.501800248203,1.6466900686935375,0.0003300278872736439,135.0
2515.501800248203,1.9015141963565974,0.0003300278872736439,173.0
2515.501800248203,2.3401151901238784,0.0003300278872736439,455.0
2515.501800248203,2.6530401685979896,0.0003300278872736439,524.0
2515.501800248203,3.5839088622079416,0.0003300278872736439,720.0
2515.501800248203,5.19282211663031,0.0003300278872736439,279.0
2515.501800248203,6.26486915896016,0.0003300278872736439,189.0
2515.501800248203,7.16296446142168,0.0003300278872736439,254.0
2515.501800248203,8.065710847476634,0.0003300278872736439,1476.0
2515.501800248203,9.092960520589198,0.0003300278872736439,263.0
2515.501800248203,10.118053222823615,0.0003300278872736439,141.0
2515.501800248203,11.520292718598707,0.0003300278872736439,457.0
2515.501800248203,12.913382616976376,0.0003300278872736439,209.0
2515.501800248203,14.25957374767508,0.0003300278872736439,421.0
2515.501800248203,16.1002952487557,0.0003300278872736439,376.0
2515.501800248203,18.36457230866222,0.0003300278872736439,81.0
2515.501800248203,21.333628367561612,0.0003300278872736439,129.0
2515.501800248203,24.095963954299837,0.0003300278872736439,62.0
2515.501800248203,28.367049694680937,0.0031136034901039864,48.0
2515.501800248203,32.14844535881037,0.0031136034901039864,43.0
2515.501800248203,35.449510209211695,0.0031136034901039864,0.0
2515.501800248203,43.221067617609215,0.0031136034901039864,22.0
2515.501800248203,45.20423322929895,0.0031136034901039864,0.0
2515.501800248203,49.16501709182676,0.014065769587912126,0.0
2515.501800248203,58.33611774509549,0.014065769587912126,0.0
2515.501800248203,58.61757651977216,0.013871448513833746,0.0
2515.501800248203,76.59593422504283,0.013331584596172149,8.0
2515.501800248203,105.69240610328004,0.013331584596172149,0.0
3000.1998378501885,0.06969584335810808,0.0003300278872736439,0.0
3000.1998378501885,1.1959754678571421,0.0003300278872736439,135.0
3000.1998378501885,1.6466900686935375,0.0003300278872736439,244.0
3000.1998378501885,1.9015141963565974,0.0003300278872736439,103.0
3000.1998378501885,2.3401151901238784,0.0003300278872736439,198.0
3000.1998378501885,2.6530401685979896,0.0003300278872736439,1572.0
3000.1998378501885,3.5839088622079416,0.0003300278872736439,334.0
3000.1998378501885,5.19282211663031,0.0003300278872736439,425.0
3000.1998378501885,6.26486915896016,0.0003300278872736439,803.0
3000.1998378501885,7.16296446142168,0.0003300278872736439,336.0
3000.1998378501885,8.065710847476634,0.0003300278872736439,302.0
3000.1998378501885,9.092960520589198,0.0003300278872736439,387.0
3000.1998378501885,10.118053222823615,0.0003300278872736439,137.0
3000.1998378501885,11.520292718598707,0.0003300278872736439,224.0
3000.1998378501885,12.913382616976376,0.0003300278872736439,365.0
3000.1998378501885,14.25957374767508,0.0003300278872736439,324.0
3000.1998378501885,16.1002952487557,0.0003300278872736439,230.0
3000.1998378501885,18.36457230866222,0.0003300278872736439,351.0
3000.1998378501885,21.333628367561612,0.0003300278872736439,146.0
3000.1998378501885,24.095963954299837,0.0003300278872736439,46.0
3000.1998378501885,28.367049694680937,0.0031136034901039864,17.0
3000.1998378501885,32.14844535881037,0.0031136034901039864,52.0
3000.1998378501885,35.449510209211695,0.0031136034901039864,0.0
3000.1998378501885,43.221067617609215,0.0031136034901039864,12.0
3000.1998378501885,45.20423322929895,0.0031136034901039864,3.0
3000.1998378501885,49.16501709182676,0.014065769587912126,0.0
3000.1998378501885,58.33611774509549,0.014065769587912126,0.0
3000.1998378501885,58.61757651977216,0.013871448513833746,0.0
3000.1998378501885,76.59593422504283,0.013331584596172149,7.0
3000.1998378501885,105.69240610328004,0.013331584596172149,0.0
3990.6327675699868,0.06969584335810808,0.0003300278872736439,0.0
3990.6327675699868,1.1959754678571421,0.0003300278872736439,223.0
3990.6327675699868,1.6466900686935375,0.0003300278872736439,207.0
3990.6327675699868,1.9015141963565974,0.0003300278872736439,155.0
3990.6327675699868,2.3401151901238784,0.0003300278872736439,407.0
3990.6327675699868,2.6530401685979896,0.0003300278872736439,207.0
3990.6327675699868,3.5839088622079416,0.0003300278872736439,430.0
3990.6327675699868,5.19282211663031,0.0003300278872736439,496.0
3990.6327675699868,6.26486915896016,0.0003300278872736439,323.0
3990.6327675699868,7.16296446142168,0.0003300278872736439,525.0
3990.6327675699868,8.065710847476634,0.0003300278872736439,441.0
3990.6327675699868,9.092960520589198,0.0003300278872736439,398.0
3990.6327675699868,10.118053222823615,0.0003300278872736439,272.0
3990.6327675699868,11.520292718598707,0.0003300278872736439,380.0
3990.6327675699868,12.913382616976376,0.0003300278872736439,193.0
3990.6327675699868,14.25957374767508,0.0003300278872736439,413.0
3990.6327675699868,16.1002952487557,0.0003300278872736439,642.0
3990.6327675699868,18.36457230866222,0.0003300278872736439,346.0
3990.6327675699868,21.333628367561612,0.0003300278872736439,87.0
3990.6327675699868,24.095963954299837,0.0003300278872736439,46.0
3990.6327675699868,28.367049694680937,0.0031136034901039864,106.0
3990.6327675699868,32.14844535881037,0.0031136034901039864,67.0
3990.6327675699868,35.449510209211695,0.0031136034901039864,20.0
3990.6327675699868,43.221067617609215,0.0031136034901039864,446.0
3990.6327675699868,45.20423322929895,0.0031136034901039864,20.0
3990.6327675699868,49.16501709182676,0.014065769587912126,16.0
3990.6327675699868,58.33611774509549,0.014065769587912126,4.0
3990.6327675699868,58.61757651977216,0.013871448513833746,0.0
3990.6327675699868,76.59593422504283,0.013331584596172149,0.0
3990.6327675699868,105.69240610328004,0.013331584596172149,4.0
4775.948516162629,0.06969584335810808,0.0003300278872736439,0.0
4775.948516162629,1.1959754678571421,0.0003300278872736439,94.0
4775.948516162629,1.6466900686935375,0.0003300278872736439,94.0
4775.948516162629,1.9015141963565974,0.0003300278872736439,114.0
4775.948516162629,2.3401151901238784,0.0003300278872736439,207.0
4775.948516162629,2.6530401685979896,0.0003300278872736439,138.0
4775.948516162629,3.5839088622079416,0.0003300278872736439,339.0
4775.948516162629,5.19282211663031,0.0003300278872736439,355.0
4775.948516162629,6.26486915896016,0.0003300278872736439,1577.0
4775.948516162629,7.16296446142168,0.0003300278872736439,156.0
4775.948516162629,8.065710847476634,0.0003300278872736439,304.0
4775.948516162629,9.092960520589198,0.0003300278872736439,389.0
4775.948516162629,10.118053222823615,0.0003300278872736439,268.0
4775.948516162629,11.520292718598707,0.0003300278872736439,192.0
4775.948516162629,12.913382616976376,0.0003300278872736439,290.0
4775.948516162629,14.25957374767508,0.0003300278872736439,349.0
4775.948516162629,16.1002952487557,0.0003300278872736439,605.0
4775.948516162629,18.36457230866222,0.0003300278872736439,348.0
4775.948516162629,21.333628367561612,0.0003300278872736439,124.0
4775.948516162629,24.095963954299837,0.0003300278872736439,147.0
4775.948516162629,28.367049694680937,0.0031136034901039864,161.0
4775.948516162629,32.14844535881037,0.0031136034901039864,303.0
4775.948516162629,35.449510209211695,0.0031136034901039864,8.0
4775.948516162629,43.221067617609215,0.0031136034901039864,36.0
4775.948516162629,45.20423322929895,0.0031136034901039864,0.0
4775.948516162629,49.16501709182676,0.014065769587912126,61.0
4775.948516162629,58.33611774509549,0.014065769587912126,44.0
4775.948516162629,58.61757651977216,0.013871448513833746,16.0
4775.948516162629,76.59593422504283,0.013331584596172149,66.0
4775.948516162629,105.69240610328004,0.013331584596172149,4.0
5604.75992395731,0.06969584335810808,0.0003300278872736439,0.0
5604.75992395731,1.1959754678571421,0.0003300278872736439,61.0
5604.75992395731,1.6466900686935375,0.0003300278872736439,74.0
5604.75992395731,1.9015141963565974,0.0003300278872736439,78.0
5604.75992395731,2.3401151901238784,0.0003300278872736439,194.0
5604.75992395731,2.6530401685979896,0.0003300278872736439,116.0
5604.75992395731,3.5839088622079416,0.0003300278872736439,227.0
5604.75992395731,5.19282211663031,0.0003300278872736439,359.0
5604.75992395731,6.26486915896016,0.0003300278872736439,190.0
5604.75992395731,7.16296446142168,0.0003300278872736439,1646.0
5604.75992395731,8.065710847476634,0.0003300278872736439,249.0
5604.75992395731,9.092960520589198,0.0003300278872736439,315.0
5604.75992395731,10.118053222823615,0.0003300278872736439,486.0
5604.75992395731,11.520292718598707,0.0003300278872736439,163.0
5604.75992395731,12.913382616976376,0.0003300278872736439,275.0
5604.75992395731,14.25957374767508,0.0003300278872736439,292.0
5604.75992395731,16.1002952487557,0.0003300278872736439,168.0
5604.75992395731,18.36457230866222,0.0003300278872736439,195.0
5604.75992395731,21.333628367561612,0.0003300278872736439,168.0
5604.75992395731,24.095963954299837,0.0003300278872736439,345.0
5604.75992395731,28.367049694680937,0.0031136034901039864,515.0
5604.75992395731,32.14844535881037,0.0031136034901039864,116.0
5604.75992395731,35.449510209211695,0.0031136034901039864,311.0
5604.75992395731,43.221067617609215,0.0031136034901039864,19.0
5604.75992395731,45.20423322929895,0.0031136034901039864,60.0
5604.75992395731,49.16501709182676,0.014065769587912126,30.0
5604.75992395731,58.33611774509549,0.014065769587912126,28.0
5604.75992395731,58.61757651977216,0.013871448513833746,0.0
5604.75992395731,76.59593422504283,0.013331584596172149,33.0
5604.75992395731,105.69240610328004,0.013331584596172149,111.0
6673.110353604381,0.06969584335810808,0.0003300278872736439,0.0
6673.110353604381,1.1959754678571421,0.0003300278872736439,58.0
6673.110353604381,1.6466900686935375,0.0003300278872736439,68.0
6673.110353604381,1.9015141963565974,0.0003300278872736439,78.0
6673.110353604381,2.3401151901238784,0.0003300278872736439,144.0
6673.110353604381,2.6530401685979896,0.0003300278872736439,79.0
6673.110353604381,3.5839088622079416,0.0003300278872736439,138.0
6673.110353604381,5.19282211663031,0.0003300278872736439,375.0
6673.110353604381,6.26486915896016,0.0003300278872736439,185.0
6673.110353604381,7.16296446142168,0.0003300278872736439,344.0
6673.110353604381,8.065710847476634,0.0003300278872736439,119.0
6673.110353604381,9.092960520589198,0.0003300278872736439,144.0
6673.110353604381,10.118053222823615,0.0003300278872736439,359.0
6673.110353604381,11.520292718598707,0.0003300278872736439,300.0
6673.110353604381,12.913382616976376,0.0003300278872736439,789.0
6673.110353604381,14.25957374767508,0.0003300278872736439,906.0
6673.110353604381,16.1002952487557,0.0003300278872736439,348.0
6673.110353604381,18.36457230866222,0.0003300278872736439,152.0
6673.110353604381,21.333628367561612,0.0003300278872736439,130.0
6673.110353604381,24.095963954299837,0.0003300278872736439,250.0
6673.110353604381,28.367049694680937,0.0031136034901039864,247.0
6673.110353604381,32.14844535881037,0.0031136034901039864,39.0
6673.110353604381,35.449510209211695,0.0031136034901039864,41.0
6673.110353604381,43.221067617609215,0.0031136034901039864,1398.0
6673.110353604381,45.20423322929895,0.0031136034901039864,8.0
6673.110353604381,49.16501709182676,0.014065769587912126,8.0
6673.110353604381,58.33611774509549,0.014065769587912126,31.0
6673.110353604381,58.61757651977216,0.013871448513833746,0.0
6673.110353604381,76.59593422504283,0.013331584596172149,4.0
6673.110353604381,105.69240610328004,0.013331584596172149,0.0
7484.778023567196,0.06969584335810808,0.0003300278872736439,0.0
7484.778023567196,1.1959754678571421,0.0003300278872736439,24.0
7484.778023567196,1.6466900686935375,0.0003300278872736439,28.0
7484.778023567196,1.9015141963565974,0.0003300278872736439,36.0
7484.778023567196,2.3401151901238784,0.0003300278872736439,48.0
7484.778023567196,2.6530401685979896,0.0003300278872736439,51.0
7484.778023567196,3.5839088622079416,0.0003300278872736439,94.0
7484.778023567196,5.19282211663031,0.0003300278872736439,145.0
7484.778023567196,6.26486915896016,0.0003300278872736439,48.0
7484.778023567196,7.16296446142168,0.0003300278872736439,1035.0
7484.778023567196,8.065710847476634,0.0003300278872736439,181.0
7484.778023567196,9.092960520589198,0.0003300278872736439,218.0
7484.778023567196,10.118053222823615,0.0003300278872736439,214.0
7484.778023567196,11.520292718598707,0.0003300278872736439,225.0
7484.778023567196,12.913382616976376,0.0003300278872736439,143.0
7484.778023567196,14.25957374767508,0.0003300278872736439,1041.0
7484.778023567196,16.1002952487557,0.0003300278872736439,98.0
7484.778023567196,18.36457230866222,0.0003300278872736439,1800.0
7484.778023567196,21.333628367561612,0.0003300278872736439,177.0
7484.778023567196,24.095963954299837,0.0003300278872736439,127.0
7484.778023567196,28.367049694680937,0.0031136034901039864,450.0
7484.778023567196,32.14844535881037,0.0031136034901039864,56.0
7484.778023567196,35.449510209211695,0.0031136034901039864,72.0
7484.778023567196,43.221067617609215,0.0031136034901039864,96.0
7484.778023567196,45.20423322929895,0.0031136034901039864,12.0
7484.778023567196,49.16501709182676,0.014065769587912126,96.0
7484.778023567196,58.33611774509549,0.014065769587912126,81.0
7484.778023567196,58.61757651977216,0.013871448513833746,0.0
7484.778023567196,76.59593422504283,0.013331584596172149,152.0
7484.778023567196,105.69240610328004,0.013331584596172149,12.0
8524.964644320688,0.06969584335810808,0.0003300278872736439,0.0
8524.964644320688,1.1959754678571421,0.0003300278872736439,40.0
8524.964644320688,1.6466900686935375,0.0003300278872736439,31.0
8524.964644320688,1.9015141963565974,0.0003300278872736439,128.0
8524.964644320688,2.3401151901238784,0.0003300278872736439,48.0
8524.964644320688,2.6530401685979896,0.0003300278872736439,39.0
8524.964644320688,3.5839088622079416,0.0003300278872736439,363.0
8524.964644320688,5.19282211663031,0.0003300278872736439,118.0
8524.964644320688,6.26486915896016,0.0003300278872736439,98.0
8524.964644320688,7.16296446142168,0.0003300278872736439,158.0
8524.964644320688,8.065710847476634,0.0003300278872736439,142.0
8524.964644320688,9.092960520589198,0.0003300278872736439,209.0
8524.964644320688,10.118053222823615,0.0003300278872736439,163.0
8524.964644320688,11.520292718598707,0.0003300278872736439,217.0
8524.964644320688,12.913382616976376,0.0003300278872736439,317.0
8524.964644320688,14.25957374767508,0.0003300278872736439,212.0
8524.964644320688,16.1002952487557,0.0003300278872736439,162.0
8524.964644320688,18.36457230866222,0.0003300278872736439,100.0
8524.964644320688,21.333628367561612,0.0003300278872736439,114.0
8524.964644320688,24.095963954299837,0.0003300278872736439,117.0
8524.964644320688,28.367049694680937,0.0031136034901039864,222.0
8524.964644320688,32.14844535881037,0.0031136034901039864,323.0
8524.964644320688,35.449510209211695,0.0031136034901039864,2333.0
8524.964644320688,43.221067617609215,0.0031136034901039864,125.0
8524.964644320688,45.20423322929895,0.0031136034901039864,16.0
8524.964644320688,49.16501709182676,0.014065769587912126,872.0
8524.964644320688,58.33611774509549,0.014065769587912126,20.0
8524.964644320688,58.61757651977216,0.013871448513833746,0.0
8524.964644320688,76.59593422504283,0.013331584596172149,46.0
8524.964644320688,105.69240610328004,0.013331584596172149,48.0
9484.076494982022,0.06969584335810808,0.0003300278872736439,0.0
9484.076494982022,1.1959754678571421,0.0003300278872736439,16.0
9484.076494982022,1.6466900686935375,0.0003300278872736439,12.0
9484.076494982022,1.9015141963565974,0.0003300278872736439,4.0
9484.076494982022,2.3401151901238784,0.0003300278872736439,22.0
9484.076494982022,2.6530401685979896,0.0003300278872736439,25.0
9484.076494982022,3.5839088622079416,0.0003300278872736439,134.0
9484.076494982022,5.19282211663031,0.0003300278872736439,82.0
9484.076494982022,6.26486915896016,0.0003300278872736439,835.0
9484.076494982022,7.16296446142168,0.0003300278872736439,76.0
9484.076494982022,8.065710847476634,0.0003300278872736439,97.0
9484.076494982022,9.092960520589198,0.0003300278872736439,890.0
9484.076494982022,10.118053222823615,0.0003300278872736439,141.0
9484.076494982022,11.520292718598707,0.0003300278872736439,78.0
9484.076494982022,12.913382616976376,0.0003300278872736439,461.0
9484.076494982022,14.25957374767508,0.0003300278872736439,116.0
9484.076494982022,16.1002952487557,0.0003300278872736439,86.0
9484.076494982022,18.36457230866222,0.0003300278872736439,28.0
9484.076494982022,21.333628367561612,0.0003300278872736439,124.0
9484.076494982022,24.095963954299837,0.0003300278872736439,734.0
9484.076494982022,28.367049694680937,0.0031136034901039864,886.0
9484.076494982022,32.14844535881037,0.0031136034901039864,48.0
9484.076494982022,35.449510209211695,0.0031136034901039864,18.0
9484.076494982022,43.221067617609215,0.0031136034901039864,119.0
9484.076494982022,45.20423322929895,0.0031136034901039864,16.0
9484.076494982022,49.16501709182676,0.014065769587912126,67.0
9484.076494982022,58.33611774509549,0.014065769587912126,51.0
9484.076494982022,58.61757651977216,0.013871448513833746,0.0
9484.076494982022,76.59593422504283,0.013331584596172149,1627.0
9484.076494982022,105.69240610328004,0.013331584596172149,8.0
12978.985530772647,0.06969584335810808,0.0005407226425900945,0.0
12978.985530772647,1.1959754678571421,0.0005407226425900945,153.0
12978.985530772647,1.6466900686935375,0.0005407226425900945,29.0
12978.985530772647,1.9015141963565974,0.0005407226425900945,24.0
12978.985530772647,2.3401151901238784,0.0005407226425900945,54.0
12978.985530772647,2.6530401685979896,0.0005407226425900945,104.0
12978.985530772647,3.5839088622079416,0.0005407226425900945,371.0
12978.985530772647,5.19282211663031,0.0005407226425900945,206.0
12978.985530772647,6.26486915896016,0.0005407226425900945,173.0
12978.985530772647,7.16296446142168,0.0005407226425900945,391.0
12978.985530772647,8.065710847476634,0.0005407226425900945,484.0
12978.985530772647,9.092960520589198,0.0005407226425900945,217.0
12978.985530772647,10.118053222823615,0.0005407226425900945,296.0
12978.985530772647,11.520292718598707,0.0002773073888617841,247.0
12978.985530772647,12.913382616976376,0.0002773073888617841,566.0
12978.985530772647,14.25957374767508,0.0002773073888617841,278.0
12978.985530772647,16.1002952487557,0.0002773073888617841,387.0
12978.985530772647,18.36457230866222,0.0002773073888617841,261.0
12978.985530772647,21.333628367561612,0.0002773073888617841,230.0
12978.985530772647,24.095963954299837,0.0002773073888617841,1163.0
12978.985530772647,28.367049694680937,4.7140197975521345e-05,209.0
12978.985530772647,32.14844535881037,4.7140197975521345e-05,118.0
12978.985530772647,35.449510209211695,4.7140197975521345e-05,187.0
12978.985530772647,43.221067617609215,4.7140197975521345e-05,324.0
12978.985530772647,45.20423322929895,4.7140197975521345e-05,35.0
12978.985530772647,49.16501709182676,0.01099930629578366,71.0
12978.985530772647,58.33611774509549,0.01099930629578366,138.0
12978.985530772647,58.61757651977216,0.01080498522170528,0.0
12978.985530772647,76.59593422504283,0.010265121304043685,188.0
12978.985530772647,105.69240610328004,0.010265121304043685,43.0
15553.375390703339,0.06969584335810808,-0.0003876226859362309,0.0
15553.375390703339,1.1959754678571421,-0.0003876226859362309,78.0
15553.375390703339,1.6466900686935375,-0.0003876226859362309,210.0
15553.375390703339,1.9015141963565974,-0.0003876226859362309,2307.0
15553.375390703339,2.3401151901238784,-0.0003876226859362309,71.0
15553.375390703339,2.6530401685979896,-0.0003876226859362309,44.0
15553.375390703339,3.5839088622079416,-0.0003876226859362309,103.0
15553.375390703339,5.19282211663031,-0.0003876226859362309,278.0
15553.375390703339,6.26486915896016,-0.0003876226859362309,58.0
15553.375390703339,7.16296446142168,-0.0003876226859362309,85.0
15553.375390703339,8.065710847476634,-0.0003876226859362309,210.0
15553.375390703339,9.092960520589198,-0.0003876226859362309,393.0
15553.375390703339,10.118053222823615,-0.0003876226859362309,460.0
15553.375390703339,11.520292718598707,-0.0006510379396645413,28.0
15553.375390703339,12.913382616976376,-0.0006510379396645413,405.0
15553.375390703339,14.25957374767508,-0.0006510379396645413,197.0
15553.375390703339,16.1002952487557,-0.0006510379396645413,401.0
15553.375390703339,18.36457230866222,-0.0006510379396645413,499.0
15553.375390703339,21.333628367561612,-0.0006510379396645413,178.0
15553.375390703339,24.095963954299837,-0.0006510379396645413,99.0
15553.375390703339,28.367049694680937,-0.000881205130550804,191.0
15553.375390703339,32.14844535881037,-0.000881205130550804,91.0
15553.375390703339,35.449510209211695,-0.000881205130550804,92.0
15553.375390703339,43.221067617609215,-0.000881205130550804,102.0
15553.375390703339,45.20423322929895,-0.000881205130550804,0.0
15553.375390703339,49.16501709182676,0.01099930629578366,26.0
15553.375390703339,58.33611774509549,0.01099930629578366,25.0
15553.375390703339,58.61757651977216,0.01080498522170528,0.0
15553.375390703339,76.59593422504283,0.010265121304043685,66.0
15553.375390703339,105.69240610328004,0.010265121304043685,29.0
18279.281360753674,0.06969584335810808,-0.0003876226859362309,0.0
18279.281360753674,1.1959754678571421,-0.0003876226859362309,23.0
18279.281360753674,1.6466900686935375,-0.0003876226859362309,32.0
18279.281360753674,1.9015141963565974,-0.0003876226859362309,8.0
18279.281360753674,2.3401151901238784,-0.0003876226859362309,48.0
18279.281360753674,2.6530401685979896,-0.0003876226859362309,20.0
18279.281360753674,3.5839088622079416,-0.0003876226859362309,103.0
18279.281360753674,5.19282211663031,-0.0003876226859362309,95.0
18279.281360753674,6.26486915896016,-0.0003876226859362309,56.0
18279.281360753674,7.16296446142168,-0.0003876226859362309,132.0
18279.281360753674,8.065710847476634,-0.0003876226859362309,69.0
18279.281360753674,9.092960520589198,-0.0003876226859362309,163.0
18279.281360753674,10.118053222823615,-0.0003876226859362309,1647.0
18279.281360753674,11.520292718598707,-0.0006510379396645413,117.0
18279.281360753674,12.913382616976376,-0.0006510379396645413,787.0
18279.281360753674,14.25957374767508,-0.0006510379396645413,92.0
18279.281360753674,16.1002952487557,-0.0006510379396645413,114.0
18279.281360753674,18.36457230866222,-0.0006510379396645413,254.0
18279.281360753674,21.333628367561612,-0.0006510379396645413,164.0
18279.281360753674,24.095963954299837,-0.0006510379396645413,126.0
18279.281360753674,28.367049694680937,-0.000881205130550804,193.0
18279.281360753674,32.14844535881037,-0.000881205130550804,228.0
18279.281360753674,35.449510209211695,-0.000881205130550804,87.0
18279.281360753674,43.221067617609215,-0.000881205130550804,214.0
18279.281360753674,45.20423322929895,-0.000881205130550804,18.0
18279.281360753674,49.16501709182676,0.01099930629578366,52.0
18279.281360753674,58.33611774509549,0.01099930629578366,129.0
18279.281360753674,58.61757651977216,0.01080498522170528,0.0
18279.281360753674,76.59593422504283,0.010265121304043685,185.0
18279.281360753674,105.69240610328004,0.010265121304043685,2155.0
22871.846037835305,0.06969584335810808,-0.0003876226859362309,0.0
22871.846037835305,1.1959754678571421,-0.0003876226859362309,12.0
22871.846037835305,1.6466900686935375,-0.0003876226859362309,16.0
22871.846037835305,1.9015141963565974,-0.0003876226859362309,45.0
22871.846037835305,2.3401151901238784,-0.0003876226859362309,16.0
22871.846037835305,2.6530401685979896,-0.0003876226859362309,18.0
22871.846037835305,3.5839088622079416,-0.0003876226859362309,52.0
22871.846037835305,5.19282211663031,-0.0003876226859362309,152.0
22871.846037835305,6.26486915896016,-0.0003876226859362309,54.0
22871.846037835305,7.16296446142168,-0.0003876226859362309,115.0
22871.846037835305,8.065710847476634,-0.0003876226859362309,99.0
22871.846037835305,9.092960520589198,-0.0003876226859362309,142.0
22871.846037835305,10.118053222823615,-0.0003876226859362309,245.0
22871.846037835305,11.520292718598707,-0.0006510379396645413,301.0
22871.846037835305,12.913382616976376,-0.0006510379396645413,188.0
22871.846037835305,14.25957374767508,-0.0006510379396645413,199.0
22871.846037835305,16.1002952487557,-0.0006510379396645413,419.0
22871.846037835305,18.36457230866222,-0.0006510379396645413,313.0
22871.846037835305,21.333628367561612,-0.0006510379396645413,354.0
22871.846037835305,24.095963954299837,-0.0006510379396645413,528.0
22871.846037835305,28.367049694680937,-0.000881205130550804,385.0
22871.846037835305,32.14844535881037,-0.000881205130550804,365.0
22871.846037835305,35.449510209211695,-0.000881205130550804,217.0
22871.846037835305,43.221067617609215,-0.000881205130550804,361.0
22871.846037835305,45.20423322929895,-0.000881205130550804,71.0
22871.846037835305,49.16501709182676,0.01099930629578366,75.0
22871.846037835305,58.33611774509549,0.01099930629578366,280.0
22871.846037835305,58.61757651977216,0.01080498522170528,0.0
22871.846037835305,76.59593422504283,0.010265121304043685,223.0
22871.846037835305,105.69240610328004,0.010265121304043685,1538.0
25647.14059691455,0.06969584335810808,-0.0016835038402908788,0.0
25647.14059691455,1.1959754678571421,-0.0016835038402908788,0.0
25647.14059691455,1.6466900686935375,-0.0016835038402908788,0.0
25647.14059691455,1.9015141963565974,-0.0016835038402908788,0.0
25647.14059691455,2.3401151901238784,-0.0016835038402908788,12.0
25647.14059691455,2.6530401685979896,-0.0016835038402908788,0.0
25647.14059691455,3.5839088622079416,-0.0016835038402908788,37.0
25647.14059691455,5.19282211663031,-0.0016835038402908788,84.0
25647.14059691455,6.26486915896016,-0.0016835038402908788,18.0
25647.14059691455,7.16296446142168,-0.0016835038402908788,16.0
25647.14059691455,8.065710847476634,-0.0016835038402908788,70.0
25647.14059691455,9.092960520589198,-0.0016835038402908788,97.0
25647.14059691455,10.118053222823615,-0.0016835038402908788,146.0
25647.14059691455,11.520292718598707,-0.001946919094019189,24.0
25647.14059691455,12.913382616976376,-0.001946919094019189,81.0
25647.14059691455,14.25957374767508,-0.001946919094019189,116.0
25647.14059691455,16.1002952487557,-0.001946919094019189,1069.0
25647.14059691455,18.36457230866222,-0.001946919094019189,144.0
25647.14059691455,21.333628367561612,-0.001946919094019189,300.0
25647.14059691455,24.095963954299837,-0.001946919094019189,128.0
25647.14059691455,28.367049694680937,-0.000881205130550804,262.0
25647.14059691455,32.14844535881037,-0.000881205130550804,3703.0
25647.14059691455,35.449510209211695,-0.000881205130550804,195.0
25647.14059691455,43.221067617609215,-0.000881205130550804,183.0
25647.14059691455,45.20423322929895,-0.000881205130550804,71.0
25647.14059691455,49.16501709182676,0.01099930629578366,20.0
25647.14059691455,58.33611774509549,0.01099930629578366,263.0
25647.14059691455,58.61757651977216,0.01080498522170528,24.0
25647.14059691455,76.59593422504283,0.010265121304043685,74.0
25647.14059691455,105.69240610328004,0.010265121304043685,110.0
36671.60510852793,0.06969584335810808,-0.0016835038402908788,0.0
36671.60510852793,1.1959754678571421,-0.0016835038402908788,0.0
36671.60510852793,1.6466900686935375,-0.0016835038402908788,64.0
36671.60510852793,1.9015141963565974,-0.0016835038402908788,8.0
36671.60510852793,2.3401151901238784,-0.0016835038402908788,4.0
36671.60510852793,2.6530401685979896,-0.0016835038402908788,0.0
36671.60510852793,3.5839088622079416,-0.0016835038402908788,45.0
36671.60510852793,5.19282211663031,-0.0016835038402908788,52.0
36671.60510852793,6.26486915896016,-0.0016835038402908788,18.0
36671.60510852793,7.16296446142168,-0.0016835038402908788,18.0
36671.60510852793,8.065710847476634,-0.0016835038402908788,38.0
36671.60510852793,9.092960520589198,-0.0016835038402908788,100.0
36671.60510852793,10.118053222823615,-0.0016835038402908788,173.0
36671.60510852793,11.520292718598707,-0.001946919094019189,257.0
36671.60510852793,12.913382616976376,-0.001946919094019189,210.0
36671.60510852793,14.25957374767508,-0.001946919094019189,182.0
36671.60510852793,16.1002952487557,-0.001946919094019189,336.0
36671.60510852793,18.36457230866222,-0.001946919094019189,303.0
36671.60510852793,21.333628367561612,-0.001946919094019189,306.0
36671.60510852793,24.095963954299837,-0.001946919094019189,203.0
36671.60510852793,28.367049694680937,-0.000881205130550804,342.0
36671.60510852793,32.14844535881037,-0.000881205130550804,476.0
36671.60510852793,35.449510209211695,-0.000881205130550804,1066.0
36671.60510852793,43.221067617609215,-0.000881205130550804,655.0
36671.60510852793,45.20423322929895,-0.000881205130550804,135.0
36671.60510852793,49.16501709182676,0.01099930629578366,80.0
36671.60510852793,58.33611774509549,0.01099930629578366,552.0
36671.60510852793,58.61757651977216,0.01080498522170528,101.0
36671.60510852793,76.59593422504283,0.010265121304043685,421.0
36671.60510852793,105.69240610328004,0.010265121304043685,554.0
46845.420632828514,0.06969584335810808,-0.0015951926463394891,0.0
46845.420632828514,1.1959754678571421,-0.0015951926463394891,0.0
46845.420632828514,1.6466900686935375,-0.0015951926463394891,29.0
46845.420632828514,1.9015141963565974,-0.0015951926463394891,4.0
46845.420632828514,2.3401151901238784,-0.0015951926463394891,0.0
46845.420632828514,2.6530401685979896,-0.0015951926463394891,0.0
46845.420632828514,3.5839088622079416,-0.0015951926463394891,38.0
46845.420632828514,5.19282211663031,-0.0015951926463394891,41.0
46845.420632828514,6.26486915896016,-0.0015951926463394891,6.0
46845.420632828514,7.16296446142168,-0.0015951926463394891,6.0
46845.420632828514,8.065710847476634,-0.0015951926463394891,1085.0
46845.420632828514,9.092960520589198,-0.0015951926463394891,52.0
46845.420632828514,10.118053222823615,-0.0015951926463394891,0.0
46845.420632828514,11.520292718598707,-0.0018586079000677993,372.0
46845.420632828514,12.913382616976376,-0.0018586079000677993,107.0
46845.420632828514,14.25957374767508,-0.0018586079000677993,79.0
46845.420632828514,16.1002952487557,-0.0018586079000677993,208.0
46845.420632828514,18.36457230866222,-0.0018586079000677993,159.0
46845.420632828514,21.333628367561612,-0.0018586079000677993,2854.0
46845.420632828514,24.095963954299837,-0.0018586079000677993,499.0
46845.420632828514,28.367049694680937,-0.0007928939365994144,81.0
46845.420632828514,32.14844535881037,-0.0007928939365994144,336.0
46845.420632828514,35.449510209211695,-0.0007928939365994144,289.0
46845.420632828514,43.221067617609215,-0.0007928939365994144,284.0
46845.420632828514,45.20423322929895,-0.0007928939365994144,18.0
46845.420632828514,49.16501709182676,0.01099930629578366,63.0
46845.420632828514,58.33611774509549,0.01099930629578366,441.0
46845.420632828514,58.61757651977216,0.01080498522170528,0.0
46845.420632828514,76.59593422504283,0.010265121304043685,220.0
46845.420632828514,105.69240610328004,0.010265121304043685,130.0
70607.73077972204,0.06969584335810808,-0.0024658425816601556,0.0
70607.73077972204,1.1959754678571421,-0.0024658425816601556,7.0
70607.73077972204,1.6466900686935375,-0.0024658425816601556,0.0
70607.73077972204,1.9015141963565974,-0.0024658425816601556,12.0
70607.73077972204,2.3401151901238784,-0.0024658425816601556,0.0
70607.73077972204,2.6530401685979896,-0.0024658425816601556,0.0
70607.73077972204,3.5839088622079416,-0.0024658425816601556,40.0
70607.73077972204,5.19282211663031,-0.0024658425816601556,63.0
70607.73077972204,6.26486915896016,-0.0024658425816601556,4.0
70607.73077972204,7.16296446142168,-0.0024658425816601556,20.0
70607.73077972204,8.065710847476634,-0.0024658425816601556,9.0
70607.73077972204,9.092960520589198,-0.0024658425816601556,45.0
70607.73077972204,10.118053222823615,-0.0024658425816601556,72.0
70607.73077972204,11.520292718598707,-0.0027292578353884664,717.0
70607.73077972204,12.913382616976376,-0.0027292578353884664,225.0
70607.73077972204,14.25957374767508,-0.0027292578353884664,761.0
70607.73077972204,16.1002952487557,-0.0027292578353884664,61.0
70607.73077972204,18.36457230866222,-0.0027292578353884664,384.0
70607.73077972204,21.333628367561612,-0.0027292578353884664,39.0
70607.73077972204,24.095963954299837,-0.0027292578353884664,921.0
70607.73077972204,28.367049694680937,-0.001663543871920081,116.0
70607.73077972204,32.14844535881037,-0.001663543871920081,584.0
70607.73077972204,35.449510209211695,-0.001663543871920081,254.0
70607.73077972204,43.221067617609215,-0.001663543871920081,452.0
70607.73077972204,45.20423322929895,-0.001663543871920081,120.0
70607.73077972204,49.16501709182676,-0.002273122989339347,130.0
70607.73077972204,58.33611774509549,-0.002273122989339347,313.0
70607.73077972204,58.61757651977216,-0.0024674440634177286,0.0
70607.73077972204,76.59593422504283,-0.0030073079810793235,168.0
70607.73077972204,105.69240610328004,-5.855168443499385e-05,34.0
108268.44093943582,0.06969584335810808,-0.0024658425816601556,0.0
108268.44093943582,1.1959754678571421,-0.0024658425816601556,0.0
108268.44093943582,1.6466900686935375,-0.0024658425816601556,0.0
108268.44093943582,1.9015141963565974,-0.0024658425816601556,0.0
108268.44093943582,2.3401151901238784,-0.0024658425816601556,0.0
108268.44093943582,2.6530401685979896,-0.0024658425816601556,0.0
108268.44093943582,3.5839088622079416,-0.0024658425816601556,0.0
108268.44093943582,5.19282211663031,-0.0024658425816601556,10.0
108268.44093943582,6.26486915896016,-0.0024658425816601556,36.0
108268.44093943582,7.16296446142168,-0.0024658425816601556,0.0
108268.44093943582,8.065710847476634,-0.0024658425816601556,16.0
108268.44093943582,9.092960520589198,-0.0024658425816601556,0.0
108268.44093943582,10.118053222823615,-0.0024658425816601556,25.0
108268.44093943582,11.520292718598707,-0.0027292578353884664,32.0
108268.44093943582,12.913382616976376,-0.0027292578353884664,32.0
108268.44093943582,14.25957374767508,-0.0027292578353884664,86.0
108268.44093943582,16.1002952487557,-0.0027292578353884664,60.0
108268.44093943582,18.36457230866222,-0.0027292578353884664,89.0
108268.44093943582,21.333628367561612,-0.0027292578353884664,70.0
108268.44093943582,24.095963954299837,-0.0027292578353884664,125.0
108268.44093943582,28.367049694680937,-0.001663543871920081,317.0
108268.44093943582,32.14844535881037,-0.001663543871920081,239.0
108268.44093943582,35.449510209211695,-0.001663543871920081,1007.0
108268.44093943582,43.221067617609215,-0.001663543871920081,415.0
108268.44093943582,45.20423322929895,-0.001663543871920081,133.0
108268.44093943582,49.16501709182676,-0.002273122989339347,606.0
108268.44093943582,58.33611774509549,-0.002273122989339347,1350.0
108268.44093943582,58.61757651977216,-0.0024674440634177286,56.0
108268.44093943582,76.59593422504283,-0.0030073079810793235,1680.0
108268.44093943582,105.69240610328004,-5.855168443499385e-05,238.0
159874.9776715541,0.06969584335810808,-0.0024658425816601556,0.0
159874.9776715541,1.1959754678571421,-0.0024658425816601556,0.0
159874.9776715541,1.6466900686935375,-0.0024658425816601556,0.0
159874.9776715541,1.9015141963565974,-0.0024658425816601556,0.0
159874.9776715541,2.3401151901238784,-0.0024658425816601556,0.0
159874.9776715541,2.6530401685979896,-0.0024658425816601556,0.0
159874.9776715541,3.5839088622079416,-0.0024658425816601556,0.0
159874.9776715541,5.19282211663031,-0.0024658425816601556,36.0
159874.9776715541,6.26486915896016,-0.0024658425816601556,0.0
159874.9776715541,7.16296446142168,-0.0024658425816601556,0.0
159874.9776715541,8.065710847476634,-0.0024658425816601556,4.0
159874.9776715541,9.092960520589198,-0.0024658425816601556,0.0
159874.9776715541,10.118053222823615,-0.0024658425816601556,87.0
159874.9776715541,11.520292718598707,-0.0027292578353884664,74.0
159874.9776715541,12.913382616976376,-0.0027292578353884664,52.0
159874.9776715541,14.25957374767508,-0.0027292578353884664,0.0
159874.9776715541,16.1002952487557,-0.0027292578353884664,53.0
159874.9776715541,18.36457230866222,-0.0027292578353884664,148.0
159874.9776715541,21.333628367561612,-0.0027292578353884664,24.0
159874.9776715541,24.095963954299837,-0.0027292578353884664,474.0
159874.9776715541,28.367049694680937,-0.001663543871920081,1139.0
159874.9776715541,32.14844535881037,-0.001663543871920081,147.0
159874.9776715541,35.449510209211695,-0.001663543871920081,108.0
159874.9776715541,43.221067617609215,-0.001663543871920081,553.0
159874.9776715541,45.20423322929895,-0.001663543871920081,80.0
159874.9776715541,49.16501709182676,-0.002273122989339347,576.0
159874.9776715541,58.33611774509549,-0.002273122989339347,358.0
159874.9776715541,58.61757651977216,-0.0024674440634177286,1545.0
159874.9776715541,76.59593422504283,-0.0030073079810793235,563.0
159874.9776715541,105.69240610328004,-5.855168443499385e-05,360.0
193356.25643192156,0.06969584335810808,-0.0024658425816601556,0.0
193356.25643192156,1.1959754678571421,-0.0024658425816601556,0.0
193356.25643192156,1.6466900686935375,-0.0024658425816601556,0.0
193356.25643192156,1.9015141963565974,-0.0024658425816601556,0.0
193356.25643192156,2.3401151901238784,-0.0024658425816601556,0.0
193356.25643192156,2.6530401685979896,-0.0024658425816601556,0.0
193356.25643192156,3.5839088622079416,-0.0024658425816601556,0.0
193356.25643192156,5.19282211663031,-0.0024658425816601556,30.0
193356.25643192156,6.26486915896016,-0.0024658425816601556,0.0
193356.25643192156,7.16296446142168,-0.0024658425816601556,0.0
193356.25643192156,8.065710847476634,-0.0024658425816601556,4.0
193356.25643192156,9.092960520589198,-0.0024658425816601556,0.0
193356.25643192156,10.118053222823615,-0.0024658425816601556,863.0
193356.25643192156,11.520292718598707,-0.0027292578353884664,0.0
193356.25643192156,12.913382616976376,-0.0027292578353884664,12.0
193356.25643192156,14.25957374767508,-0.0027292578353884664,0.0
193356.25643192156,16.1002952487557,-0.0027292578353884664,176.0
193356.25643192156,18.36457230866222,-0.0027292578353884664,32.0
193356.25643192156,21.333628367561612,-0.0027292578353884664,6.0
193356.25643192156,24.095963954299837,-0.0027292578353884664,103.0
193356.25643192156,28.367049694680937,-0.001663543871920081,34.0
193356.25643192156,32.14844535881037,-0.001663543871920081,116.0
193356.25643192156,35.449510209211695,-0.001663543871920081,1023.0
193356.25643192156,43.221067617609215,-0.001663543871920081,293.0
193356.25643192156,45.20423322929895,-0.001663543871920081,12.0
193356.25643192156,49.16501709182676,-0.002273122989339347,2747.0
193356.25643192156,58.33611774509549,-0.002273122989339347,24.0
193356.25643192156,58.61757651977216,-0.0024674440634177286,0.0
193356.25643192156,76.59593422504283,-0.0030073079810793235,124.0
193356.25643192156,105.69240610328004,-5.855168443499385e-05,95.0
227534.66063029977,0.06969584335810808,-0.0027634436239286587,0.0
227534.66063029977,1.1959754678571421,-0.0027634436239286587,0.0
227534.66063029977,1.6466900686935375,-0.0027634436239286587,0.0
227534.66063029977,1.9015141963565974,-0.0027634436239286587,0.0
227534.66063029977,2.3401151901238784,-0.0027634436239286587,0.0
227534.66063029977,2.6530401685979896,-0.0027634436239286587,0.0
227534.66063029977,3.5839088622079416,-0.0027634436239286587,0.0
227534.66063029977,5.19282211663031,-0.0027634436239286587,0.0
227534.66063029977,6.26486915896016,-0.0027634436239286587,0.0
227534.66063029977,7.16296446142168,-0.0027634436239286587,12.0
227534.66063029977,8.065710847476634,-0.0027634436239286587,10.0
227534.66063029977,9.092960520589198,-0.0027634436239286587,8.0
227534.66063029977,10.118053222823615,-0.0027634436239286587,0.0
227534.66063029977,11.520292718598707,-0.0030268588776569696,1128.0
227534.66063029977,12.913382616976376,-0.0030268588776569696,0.0
227534.66063029977,14.25957374767508,-0.0030268588776569696,0.0
227534.66063029977,16.1002952487557,-0.0030268588776569696,0.0
227534.66063029977,18.36457230866222,-0.0030268588776569696,0.0
227534.66063029977,21.333628367561612,-0.0030268588776569696,49.0
227534.66063029977,24.095963954299837,-0.0030268588776569696,4.0
227534.66063029977,28.367049694680937,-0.001961144914188584,71.0
227534.66063029977,32.14844535881037,-0.001961144914188584,48.0
227534.66063029977,35.449510209211695,-0.001961144914188584,194.0
227534.66063029977,43.221067617609215,-0.001961144914188584,669.0
227534.66063029977,45.20423322929895,-0.001961144914188584,59.0
227534.66063029977,49.16501709182676,-0.0025707240316078504,1444.0
227534.66063029977,58.33611774509549,-0.0025707240316078504,2306.0
227534.66063029977,58.61757651977216,-0.0007749870587709101,0.0
227534.66063029977,76.59593422504283,-0.0007749870587709101,776.0
227534.66063029977,105.69240610328004,0.002173769237873419,43.0
274537.99030035746,0.06969584335810808,-0.0027634436239286587,0.0
274537.99030035746,1.1959754678571421,-0.0027634436239286587,0.0
274537.99030035746,1.6466900686935375,-0.0027634436239286587,0.0
274537.99030035746,1.9015141963565974,-0.0027634436239286587,0.0
274537.99030035746,2.3401151901238784,-0.0027634436239286587,0.0
274537.99030035746,2.6530401685979896,-0.0027634436239286587,0.0
274537.99030035746,3.5839088622079416,-0.0027634436239286587,0.0
274537.99030035746,5.19282211663031,-0.0027634436239286587,0.0
274537.99030035746,6.26486915896016,-0.0027634436239286587,0.0
274537.99030035746,7.16296446142168,-0.0027634436239286587,39.0
274537.99030035746,8.065710847476634,-0.0027634436239286587,7.0
274537.99030035746,9.092960520589198,-0.0027634436239286587,365.0
274537.99030035746,10.118053222823615,-0.0027634436239286587,0.0
274537.99030035746,11.520292718598707,-0.0030268588776569696,0.0
274537.99030035746,12.913382616976376,-0.0030268588776569696,0.0
274537.99030035746,14.25957374767508,-0.0030268588776569696,4.0
274537.99030035746,16.1002952487557,-0.0030268588776569696,54.0
274537.99030035746,18.36457230866222,-0.0030268588776569696,0.0
274537.99030035746,21.333628367561612,-0.0030268588776569696,30.0
274537.99030035746,24.095963954299837,-0.0030268588776569696,4.0
274537.99030035746,28.367049694680937,-0.001961144914188584,200.0
274537.99030035746,32.14844535881037,-0.001961144914188584,104.0
274537.99030035746,35.449510209211695,-0.001961144914188584,204.0
274537.99030035746,43.221067617609215,-0.001961144914188584,305.0
274537.99030035746,45.20423322929895,-0.001961144914188584,4702.0
274537.99030035746,49.16501709182676,-0.0025707240316078504,149.0
274537.99030035746,58.33611774509549,-0.0025707240316078504,256.0
274537.99030035746,58.61757651977216,-0.0007749870587709101,4.0
274537.99030035746,76.59593422504283,-0.0007749870587709101,174.0
274537.99030035746,105.69240610328004,0.002173769237873419,82.0
320872.7186681552,0.06969584335810808,-0.0034248206417331908,0.0
320872.7186681552,1.1959754678571421,-0.0034248206417331908,0.0
320872.7186681552,1.6466900686935375,-0.0034248206417331908,0.0
320872.7186681552,1.9015141963565974,-0.0034248206417331908,0.0
320872.7186681552,2.3401151901238784,-0.0034248206417331908,0.0
320872.7186681552,2.6530401685979896,-0.0034248206417331908,0.0
320872.7186681552,3.5839088622079416,-0.0034248206417331908,0.0
320872.7186681552,5.19282211663031,-0.0034248206417331908,0.0
320872.7186681552,6.26486915896016,-0.0034248206417331908,0.0
320872.7186681552,7.16296446142168,-0.0034248206417331908,0.0
320872.7186681552,8.065710847476634,-0.0034248206417331908,0.0
320872.7186681552,9.092960520589198,-0.0034248206417331908,0.0
320872.7186681552,10.118053222823615,-0.0034248206417331908,0.0
320872.7186681552,11.520292718598707,-0.003688235895461501,0.0
320872.7186681552,12.913382616976376,-0.003688235895461501,22.0
320872.7186681552,14.25957374767508,-0.003688235895461501,0.0
320872.7186681552,16.1002952487557,-0.003688235895461501,32.0
320872.7186681552,18.36457230866222,-0.003688235895461501,0.0
320872.7186681552,21.333628367561612,-0.003688235895461501,12.0
320872.7186681552,24.095963954299837,-0.003688235895461501,4.0
320872.7186681552,28.367049694680937,-0.002622521931993116,81.0
320872.7186681552,32.14844535881037,-0.002622521931993116,34.0
320872.7186681552,35.449510209211695,-0.002622521931993116,58.0
320872.7186681552,43.221067617609215,-0.002622521931993116,90.0
320872.7186681552,45.20423322929895,-0.002622521931993116,1812.0
320872.7186681552,49.16501709182676,-0.0032321010494123815,30.0
320872.7186681552,58.33611774509549,-0.0032321010494123815,154.0
320872.7186681552,58.61757651977216,-0.0007749870587709101,4124.0
320872.7186681552,76.59593422504283,-0.0007749870587709101,311.0
320872.7186681552,105.69240610328004,0.002173769237873419,513.0
