Lowest income group,evenness_income_resi,f,freq
3.469446951953614e-18,0.19999999999999996,-0.006798627781316419,0.0
3.469446951953614e-18,0.21094676402671164,-0.0068392120842456095,0.0
3.469446951953614e-18,0.2250528040001724,-0.0070825781471950885,0.0
3.469446951953614e-18,0.23279055742224525,-0.0070825781471950885,0.0
3.469446951953614e-18,0.25032299741602065,-0.0070825781471950885,0.0
3.469446951953614e-18,0.2626262626262626,-0.0070825781471950885,0.0
3.469446951953614e-18,0.2794245858761988,-0.0038500974826553794,0.0
3.469446951953614e-18,0.29731232622798887,-0.0038500974826553794,0.0
3.469446951953614e-18,0.3098591549295774,-0.0038500974826553794,0.0
3.469446951953614e-18,0.33262411347517723,-0.0036736261146211474,0.0
3.469446951953614e-18,0.33333333333333326,-0.0036736261146211474,0.0
3.469446951953614e-18,0.334625322997416,-0.0036736261146211474,20649.0
3.469446951953614e-18,0.3555555555555555,-0.0036736261146211474,1042.0
3.469446951953614e-18,0.36075600340903397,-0.0036736261146211474,1311.0
3.469446951953614e-18,0.3748479318734793,-0.0036736261146211474,977.0
3.469446951953614e-18,0.381315885132679,-0.003826116759895992,2089.0
3.469446951953614e-18,0.3933040123661843,-0.003826116759895992,2632.0
3.469446951953614e-18,0.4082811747713047,-0.003826116759895992,1287.0
3.469446951953614e-18,0.4184791137055519,-0.003826116759895992,1056.0
3.469446951953614e-18,0.4355393349553933,-0.003826116759895992,1303.0
3.469446951953614e-18,0.4588987163288103,-0.003826116759895992,1622.0
3.469446951953614e-18,0.47326024962038443,-0.003826116759895992,1918.0
3.469446951953614e-18,0.4956109956109956,-0.003826116759895992,3118.0
3.469446951953614e-18,0.5064197530864197,-0.003826116759895992,3747.0
3.469446951953614e-18,0.5265987549518958,-0.003826116759895992,2813.0
3.469446951953614e-18,0.5706605222734255,-0.003826116759895992,1571.0
3.469446951953614e-18,0.6212246302029584,-0.004206163392180194,2289.0
3.469446951953614e-18,0.6666666666666665,-0.004206163392180194,516.0
3.469446951953614e-18,0.6692307692307692,-0.0014559787789695938,34492.0
3.469446951953614e-18,0.9595959595959596,0.0003525838475543106,2511.0
0.008720930232558141,0.19999999999999996,-0.004757540065870408,0.0
0.008720930232558141,0.21094676402671164,-0.004798124368799598,0.0
0.008720930232558141,0.2250528040001724,-0.005041490431749077,0.0
0.008720930232558141,0.23279055742224525,-0.005041490431749077,0.0
0.008720930232558141,0.25032299741602065,-0.005041490431749077,0.0
0.008720930232558141,0.2626262626262626,-0.005041490431749077,0.0
0.008720930232558141,0.2794245858761988,-0.0018090097672093677,0.0
0.008720930232558141,0.29731232622798887,-0.0018090097672093677,0.0
0.008720930232558141,0.3098591549295774,-0.0018090097672093677,0.0
0.008720930232558141,0.33262411347517723,-0.00142800589369195,0.0
0.008720930232558141,0.33333333333333326,-0.00142800589369195,0.0
0.008720930232558141,0.334625322997416,-0.00142800589369195,0.0
0.008720930232558141,0.3555555555555555,-0.00142800589369195,0.0
0.008720930232558141,0.36075600340903397,-0.00142800589369195,0.0
0.008720930232558141,0.3748479318734793,-0.00142800589369195,0.0
0.008720930232558141,0.381315885132679,-0.001580496538966795,0.0
0.008720930232558141,0.3933040123661843,-0.001580496538966795,0.0
0.008720930232558141,0.4082811747713047,-0.001580496538966795,0.0
0.008720930232558141,0.4184791137055519,-0.001580496538966795,0.0
0.008720930232558141,0.4355393349553933,-0.001580496538966795,0.0
0.008720930232558141,0.4588987163288103,-0.001573754005965088,0.0
0.008720930232558141,0.47326024962038443,-0.001573754005965088,0.0
0.008720930232558141,0.4956109956109956,-0.001573754005965088,0.0
0.008720930232558141,0.5064197530864197,-0.001573754005965088,0.0
0.008720930232558141,0.5265987549518958,-0.001573754005965088,0.0
0.008720930232558141,0.5706605222734255,-0.001573754005965088,0.0
0.008720930232558141,0.6212246302029584,-0.00195380063824929,0.0
0.008720930232558141,0.6666666666666665,-0.00195380063824929,0.0
0.008720930232558141,0.6692307692307692,-0.0026691769613274214,0.0
0.008720930232558141,0.9595959595959596,-0.0026691769613274214,0.0
0.039538822303282956,0.19999999999999996,-0.004757540065870408,0.0
0.039538822303282956,0.21094676402671164,-0.004798124368799598,0.0
0.039538822303282956,0.2250528040001724,-0.005041490431749077,0.0
0.039538822303282956,0.23279055742224525,-0.005041490431749077,0.0
0.039538822303282956,0.25032299741602065,-0.005041490431749077,0.0
0.039538822303282956,0.2626262626262626,-0.005041490431749077,0.0
0.039538822303282956,0.2794245858761988,-0.0018090097672093677,0.0
0.039538822303282956,0.29731232622798887,-0.0018090097672093677,311.0
0.039538822303282956,0.3098591549295774,-0.0018090097672093677,70.0
0.039538822303282956,0.33262411347517723,-0.00142800589369195,124.0
0.039538822303282956,0.33333333333333326,-0.00142800589369195,0.0
0.039538822303282956,0.334625322997416,-0.00142800589369195,25.0
0.039538822303282956,0.3555555555555555,-0.00142800589369195,142.0
0.039538822303282956,0.36075600340903397,-0.00142800589369195,8.0
0.039538822303282956,0.3748479318734793,-0.00142800589369195,163.0
0.039538822303282956,0.381315885132679,-0.001580496538966795,55.0
0.039538822303282956,0.3933040123661843,-0.001580496538966795,69.0
0.039538822303282956,0.4082811747713047,-0.001580496538966795,92.0
0.039538822303282956,0.4184791137055519,-0.001580496538966795,71.0
0.039538822303282956,0.4355393349553933,-0.001580496538966795,36.0
0.039538822303282956,0.4588987163288103,-0.001573754005965088,141.0
0.039538822303282956,0.47326024962038443,-0.001573754005965088,20.0
0.039538822303282956,0.4956109956109956,-0.001573754005965088,81.0
0.039538822303282956,0.5064197530864197,-0.001573754005965088,14.0
0.039538822303282956,0.5265987549518958,-0.001573754005965088,100.0
0.039538822303282956,0.5706605222734255,-0.001573754005965088,961.0
0.039538822303282956,0.6212246302029584,-0.00195380063824929,50.0
0.039538822303282956,0.6666666666666665,-0.00195380063824929,160.0
0.039538822303282956,0.6692307692307692,-0.0026691769613274214,0.0
0.039538822303282956,0.9595959595959596,-0.0026691769613274214,26.0
0.04332186424773225,0.19999999999999996,-0.004757540065870408,0.0
0.04332186424773225,0.21094676402671164,-0.004798124368799598,0.0
0.04332186424773225,0.2250528040001724,-0.005041490431749077,0.0
0.04332186424773225,0.23279055742224525,-0.005041490431749077,0.0
0.04332186424773225,0.25032299741602065,-0.005041490431749077,0.0
0.04332186424773225,0.2626262626262626,-0.005041490431749077,0.0
0.04332186424773225,0.2794245858761988,-0.0018090097672093677,123.0
0.04332186424773225,0.29731232622798887,-0.0018090097672093677,106.0
0.04332186424773225,0.3098591549295774,-0.0018090097672093677,18.0
0.04332186424773225,0.33262411347517723,-0.00142800589369195,1954.0
0.04332186424773225,0.33333333333333326,-0.00142800589369195,0.0
0.04332186424773225,0.334625322997416,-0.00142800589369195,0.0
0.04332186424773225,0.3555555555555555,-0.00142800589369195,15.0
0.04332186424773225,0.36075600340903397,-0.00142800589369195,8.0
0.04332186424773225,0.3748479318734793,-0.00142800589369195,9.0
0.04332186424773225,0.381315885132679,-0.001580496538966795,46.0
0.04332186424773225,0.3933040123661843,-0.001580496538966795,52.0
0.04332186424773225,0.4082811747713047,-0.001580496538966795,53.0
0.04332186424773225,0.4184791137055519,-0.001580496538966795,0.0
0.04332186424773225,0.4355393349553933,-0.001580496538966795,98.0
0.04332186424773225,0.4588987163288103,-0.001573754005965088,64.0
0.04332186424773225,0.47326024962038443,-0.001573754005965088,12.0
0.04332186424773225,0.4956109956109956,-0.001573754005965088,76.0
0.04332186424773225,0.5064197530864197,-0.001573754005965088,8.0
0.04332186424773225,0.5265987549518958,-0.001573754005965088,22.0
0.04332186424773225,0.5706605222734255,-0.001573754005965088,26.0
0.04332186424773225,0.6212246302029584,-0.00195380063824929,3.0
0.04332186424773225,0.6666666666666665,-0.00195380063824929,4.0
0.04332186424773225,0.6692307692307692,-0.0026691769613274214,0.0
0.04332186424773225,0.9595959595959596,-0.0026691769613274214,14.0
0.0471306120315685,0.19999999999999996,-0.004757540065870408,0.0
0.0471306120315685,0.21094676402671164,-0.004798124368799598,0.0
0.0471306120315685,0.2250528040001724,-0.005041490431749077,0.0
0.0471306120315685,0.23279055742224525,-0.005041490431749077,0.0
0.0471306120315685,0.25032299741602065,-0.005041490431749077,0.0
0.0471306120315685,0.2626262626262626,-0.005041490431749077,0.0
0.0471306120315685,0.2794245858761988,-0.0018090097672093677,147.0
0.0471306120315685,0.29731232622798887,-0.0018090097672093677,707.0
0.0471306120315685,0.3098591549295774,-0.0018090097672093677,62.0
0.0471306120315685,0.33262411347517723,-0.00142800589369195,39.0
0.0471306120315685,0.33333333333333326,-0.00142800589369195,0.0
0.0471306120315685,0.334625322997416,-0.00142800589369195,14.0
0.0471306120315685,0.3555555555555555,-0.00142800589369195,78.0
0.0471306120315685,0.36075600340903397,-0.00142800589369195,55.0
0.0471306120315685,0.3748479318734793,-0.00142800589369195,68.0
0.0471306120315685,0.381315885132679,-0.001580496538966795,20.0
0.0471306120315685,0.3933040123661843,-0.001580496538966795,34.0
0.0471306120315685,0.4082811747713047,-0.001580496538966795,324.0
0.0471306120315685,0.4184791137055519,-0.001580496538966795,92.0
0.0471306120315685,0.4355393349553933,-0.001580496538966795,82.0
0.0471306120315685,0.4588987163288103,-0.001573754005965088,87.0
0.0471306120315685,0.47326024962038443,-0.001573754005965088,26.0
0.0471306120315685,0.4956109956109956,-0.001573754005965088,42.0
0.0471306120315685,0.5064197530864197,-0.001573754005965088,13.0
0.0471306120315685,0.5265987549518958,-0.001573754005965088,11.0
0.0471306120315685,0.5706605222734255,-0.001573754005965088,735.0
0.0471306120315685,0.6212246302029584,-0.00195380063824929,72.0
0.0471306120315685,0.6666666666666665,-0.00195380063824929,62.0
0.0471306120315685,0.6692307692307692,-0.0026691769613274214,0.0
0.0471306120315685,0.9595959595959596,-0.0026691769613274214,12.0
0.049822695035460995,0.19999999999999996,-0.004757540065870408,0.0
0.049822695035460995,0.21094676402671164,-0.004798124368799598,0.0
0.049822695035460995,0.2250528040001724,-0.005041490431749077,0.0
0.049822695035460995,0.23279055742224525,-0.005041490431749077,0.0
0.049822695035460995,0.25032299741602065,-0.005041490431749077,0.0
0.049822695035460995,0.2626262626262626,-0.005041490431749077,0.0
0.049822695035460995,0.2794245858761988,-0.0018090097672093677,1052.0
0.049822695035460995,0.29731232622798887,-0.0018090097672093677,38.0
0.049822695035460995,0.3098591549295774,-0.0018090097672093677,51.0
0.049822695035460995,0.33262411347517723,-0.00142800589369195,54.0
0.049822695035460995,0.33333333333333326,-0.00142800589369195,0.0
0.049822695035460995,0.334625322997416,-0.00142800589369195,4.0
0.049822695035460995,0.3555555555555555,-0.00142800589369195,59.0
0.049822695035460995,0.36075600340903397,-0.00142800589369195,12.0
0.049822695035460995,0.3748479318734793,-0.00142800589369195,19.0
0.049822695035460995,0.381315885132679,-0.001580496538966795,4.0
0.049822695035460995,0.3933040123661843,-0.001580496538966795,23.0
0.049822695035460995,0.4082811747713047,-0.001580496538966795,45.0
0.049822695035460995,0.4184791137055519,-0.001580496538966795,28.0
0.049822695035460995,0.4355393349553933,-0.001580496538966795,72.0
0.049822695035460995,0.4588987163288103,-0.001573754005965088,106.0
0.049822695035460995,0.47326024962038443,-0.001573754005965088,37.0
0.049822695035460995,0.4956109956109956,-0.001573754005965088,113.0
0.049822695035460995,0.5064197530864197,-0.001573754005965088,41.0
0.049822695035460995,0.5265987549518958,-0.001573754005965088,870.0
0.049822695035460995,0.5706605222734255,-0.001573754005965088,43.0
0.049822695035460995,0.6212246302029584,-0.00195380063824929,98.0
0.049822695035460995,0.6666666666666665,-0.00195380063824929,24.0
0.049822695035460995,0.6692307692307692,-0.0026691769613274214,0.0
0.049822695035460995,0.9595959595959596,-0.0026691769613274214,18.0
0.050139664804469276,0.19999999999999996,-0.004757540065870408,0.0
0.050139664804469276,0.21094676402671164,-0.004798124368799598,0.0
0.050139664804469276,0.2250528040001724,-0.005041490431749077,0.0
0.050139664804469276,0.23279055742224525,-0.005041490431749077,0.0
0.050139664804469276,0.25032299741602065,-0.005041490431749077,0.0
0.050139664804469276,0.2626262626262626,-0.005041490431749077,0.0
0.050139664804469276,0.2794245858761988,-0.0018090097672093677,71.0
0.050139664804469276,0.29731232622798887,-0.0018090097672093677,48.0
0.050139664804469276,0.3098591549295774,-0.0018090097672093677,32.0
0.050139664804469276,0.33262411347517723,-0.00142800589369195,31.0
0.050139664804469276,0.33333333333333326,-0.00142800589369195,0.0
0.050139664804469276,0.334625322997416,-0.00142800589369195,22.0
0.050139664804469276,0.3555555555555555,-0.00142800589369195,0.0
0.050139664804469276,0.36075600340903397,-0.00142800589369195,6.0
0.050139664804469276,0.3748479318734793,-0.00142800589369195,0.0
0.050139664804469276,0.381315885132679,-0.001580496538966795,14.0
0.050139664804469276,0.3933040123661843,-0.001580496538966795,4.0
0.050139664804469276,0.4082811747713047,-0.001580496538966795,12.0
0.050139664804469276,0.4184791137055519,-0.001580496538966795,7.0
0.050139664804469276,0.4355393349553933,-0.001580496538966795,71.0
0.050139664804469276,0.4588987163288103,-0.001573754005965088,8.0
0.050139664804469276,0.47326024962038443,-0.001573754005965088,27.0
0.050139664804469276,0.4956109956109956,-0.001573754005965088,4.0
0.050139664804469276,0.5064197530864197,-0.001573754005965088,0.0
0.050139664804469276,0.5265987549518958,-0.001573754005965088,0.0
0.050139664804469276,0.5706605222734255,-0.001573754005965088,12.0
0.050139664804469276,0.6212246302029584,-0.00195380063824929,0.0
0.050139664804469276,0.6666666666666665,-0.00195380063824929,3428.0
0.050139664804469276,0.6692307692307692,-0.0026691769613274214,0.0
0.050139664804469276,0.9595959595959596,-0.0026691769613274214,18.0
0.05499546325234399,0.19999999999999996,-0.00195505650775963,0.0
0.05499546325234399,0.21094676402671164,-0.001995640810688821,0.0
0.05499546325234399,0.2250528040001724,-0.0022390068736382993,0.0
0.05499546325234399,0.23279055742224525,-0.0022390068736382993,0.0
0.05499546325234399,0.25032299741602065,-0.0022390068736382993,0.0
0.05499546325234399,0.2626262626262626,-0.0022390068736382993,213.0
0.05499546325234399,0.2794245858761988,-0.0012706870838941234,345.0
0.05499546325234399,0.29731232622798887,-0.0012706870838941234,161.0
0.05499546325234399,0.3098591549295774,-0.0012706870838941234,100.0
0.05499546325234399,0.33262411347517723,-0.001297659261376632,221.0
0.05499546325234399,0.33333333333333326,-0.001297659261376632,0.0
0.05499546325234399,0.334625322997416,-0.001297659261376632,4.0
0.05499546325234399,0.3555555555555555,-0.001297659261376632,198.0
0.05499546325234399,0.36075600340903397,-0.001297659261376632,26.0
0.05499546325234399,0.3748479318734793,-0.001297659261376632,60.0
0.05499546325234399,0.381315885132679,-0.001580496538966795,60.0
0.05499546325234399,0.3933040123661843,-0.001580496538966795,84.0
0.05499546325234399,0.4082811747713047,-0.001580496538966795,361.0
0.05499546325234399,0.4184791137055519,-0.001580496538966795,77.0
0.05499546325234399,0.4355393349553933,-0.001580496538966795,49.0
0.05499546325234399,0.4588987163288103,-0.001573754005965088,172.0
0.05499546325234399,0.47326024962038443,-0.001573754005965088,121.0
0.05499546325234399,0.4956109956109956,-0.001573754005965088,72.0
0.05499546325234399,0.5064197530864197,-0.001573754005965088,38.0
0.05499546325234399,0.5265987549518958,-0.001573754005965088,100.0
0.05499546325234399,0.5706605222734255,-0.001573754005965088,135.0
0.05499546325234399,0.6212246302029584,-0.00195380063824929,127.0
0.05499546325234399,0.6666666666666665,-0.00195380063824929,42.0
0.05499546325234399,0.6692307692307692,-0.0026691769613274214,4.0
0.05499546325234399,0.9595959595959596,-0.0026691769613274214,36.0
0.058737277902363286,0.19999999999999996,-0.00012186485389888821,0.0
0.058737277902363286,0.21094676402671164,-0.00016244915682807844,0.0
0.058737277902363286,0.2250528040001724,-0.00040581521977755674,0.0
0.058737277902363286,0.23279055742224525,-0.00040581521977755674,0.0
0.058737277902363286,0.25032299741602065,-0.00040581521977755674,0.0
0.058737277902363286,0.2626262626262626,-0.00040581521977755674,357.0
0.058737277902363286,0.2794245858761988,-0.0012706870838941234,145.0
0.058737277902363286,0.29731232622798887,-0.0012706870838941234,180.0
0.058737277902363286,0.3098591549295774,-0.0012706870838941234,73.0
0.058737277902363286,0.33262411347517723,-0.001297659261376632,196.0
0.058737277902363286,0.33333333333333326,-0.001297659261376632,0.0
0.058737277902363286,0.334625322997416,-0.001297659261376632,19.0
0.058737277902363286,0.3555555555555555,-0.001297659261376632,176.0
0.058737277902363286,0.36075600340903397,-0.001297659261376632,7.0
0.058737277902363286,0.3748479318734793,-0.001297659261376632,114.0
0.058737277902363286,0.381315885132679,-0.001580496538966795,56.0
0.058737277902363286,0.3933040123661843,-0.001580496538966795,40.0
0.058737277902363286,0.4082811747713047,-0.001580496538966795,127.0
0.058737277902363286,0.4184791137055519,-0.001580496538966795,283.0
0.058737277902363286,0.4355393349553933,-0.001580496538966795,57.0
0.058737277902363286,0.4588987163288103,-0.001573754005965088,125.0
0.058737277902363286,0.47326024962038443,-0.001573754005965088,51.0
0.058737277902363286,0.4956109956109956,-0.001573754005965088,44.0
0.058737277902363286,0.5064197530864197,-0.001573754005965088,8.0
0.058737277902363286,0.5265987549518958,-0.001573754005965088,64.0
0.058737277902363286,0.5706605222734255,-0.001573754005965088,130.0
0.058737277902363286,0.6212246302029584,-0.00195380063824929,140.0
0.058737277902363286,0.6666666666666665,-0.00195380063824929,15.0
0.058737277902363286,0.6692307692307692,-0.0026691769613274214,10.0
0.058737277902363286,0.9595959595959596,-0.0026691769613274214,63.0
0.05989403681117028,0.19999999999999996,-0.00012186485389888821,0.0
0.05989403681117028,0.21094676402671164,-0.00016244915682807844,0.0
0.05989403681117028,0.2250528040001724,-0.00040581521977755674,0.0
0.05989403681117028,0.23279055742224525,-0.00040581521977755674,0.0
0.05989403681117028,0.25032299741602065,-0.00040581521977755674,0.0
0.05989403681117028,0.2626262626262626,-0.00040581521977755674,224.0
0.05989403681117028,0.2794245858761988,-0.0012706870838941234,54.0
0.05989403681117028,0.29731232622798887,-0.0012706870838941234,58.0
0.05989403681117028,0.3098591549295774,-0.0012706870838941234,10.0
0.05989403681117028,0.33262411347517723,-0.001297659261376632,111.0
0.05989403681117028,0.33333333333333326,-0.001297659261376632,0.0
0.05989403681117028,0.334625322997416,-0.001297659261376632,0.0
0.05989403681117028,0.3555555555555555,-0.001297659261376632,51.0
0.05989403681117028,0.36075600340903397,-0.001297659261376632,51.0
0.05989403681117028,0.3748479318734793,-0.001297659261376632,2.0
0.05989403681117028,0.381315885132679,-0.001580496538966795,24.0
0.05989403681117028,0.3933040123661843,-0.001580496538966795,44.0
0.05989403681117028,0.4082811747713047,-0.001580496538966795,143.0
0.05989403681117028,0.4184791137055519,-0.001580496538966795,0.0
0.05989403681117028,0.4355393349553933,-0.001580496538966795,46.0
0.05989403681117028,0.4588987163288103,-0.001573754005965088,50.0
0.05989403681117028,0.47326024962038443,-0.001573754005965088,1740.0
0.05989403681117028,0.4956109956109956,-0.001573754005965088,8.0
0.05989403681117028,0.5064197530864197,-0.001573754005965088,4.0
0.05989403681117028,0.5265987549518958,-0.001573754005965088,0.0
0.05989403681117028,0.5706605222734255,-0.001573754005965088,34.0
0.05989403681117028,0.6212246302029584,-0.00195380063824929,18.0
0.05989403681117028,0.6666666666666665,-0.00195380063824929,20.0
0.05989403681117028,0.6692307692307692,-0.0026691769613274214,0.0
0.05989403681117028,0.9595959595959596,-0.0026691769613274214,14.0
0.06242206982543641,0.19999999999999996,-0.00012186485389888821,0.0
0.06242206982543641,0.21094676402671164,-0.00016244915682807844,0.0
0.06242206982543641,0.2250528040001724,-0.00040581521977755674,0.0
0.06242206982543641,0.23279055742224525,-0.00040581521977755674,0.0
0.06242206982543641,0.25032299741602065,-0.00040581521977755674,0.0
0.06242206982543641,0.2626262626262626,-0.00040581521977755674,1269.0
0.06242206982543641,0.2794245858761988,-0.0012706870838941234,90.0
0.06242206982543641,0.29731232622798887,-0.0012706870838941234,104.0
0.06242206982543641,0.3098591549295774,-0.0012706870838941234,37.0
0.06242206982543641,0.33262411347517723,-0.001297659261376632,79.0
0.06242206982543641,0.33333333333333326,-0.001297659261376632,0.0
0.06242206982543641,0.334625322997416,-0.001297659261376632,0.0
0.06242206982543641,0.3555555555555555,-0.001297659261376632,71.0
0.06242206982543641,0.36075600340903397,-0.001297659261376632,2.0
0.06242206982543641,0.3748479318734793,-0.001297659261376632,118.0
0.06242206982543641,0.381315885132679,-0.001580496538966795,0.0
0.06242206982543641,0.3933040123661843,-0.001580496538966795,26.0
0.06242206982543641,0.4082811747713047,-0.001580496538966795,72.0
0.06242206982543641,0.4184791137055519,-0.001580496538966795,43.0
0.06242206982543641,0.4355393349553933,-0.001580496538966795,188.0
0.06242206982543641,0.4588987163288103,-0.001573754005965088,144.0
0.06242206982543641,0.47326024962038443,-0.001573754005965088,7.0
0.06242206982543641,0.4956109956109956,-0.001573754005965088,75.0
0.06242206982543641,0.5064197530864197,-0.001573754005965088,0.0
0.06242206982543641,0.5265987549518958,-0.001573754005965088,79.0
0.06242206982543641,0.5706605222734255,-0.001573754005965088,96.0
0.06242206982543641,0.6212246302029584,-0.00195380063824929,13.0
0.06242206982543641,0.6666666666666665,-0.00195380063824929,0.0
0.06242206982543641,0.6692307692307692,-0.0026691769613274214,0.0
0.06242206982543641,0.9595959595959596,-0.0026691769613274214,15.0
0.06259796238244514,0.19999999999999996,-0.00012186485389888821,0.0
0.06259796238244514,0.21094676402671164,-0.00016244915682807844,0.0
0.06259796238244514,0.2250528040001724,-0.00040581521977755674,0.0
0.06259796238244514,0.23279055742224525,-0.00040581521977755674,0.0
0.06259796238244514,0.25032299741602065,-0.00040581521977755674,111.0
0.06259796238244514,0.2626262626262626,-0.00040581521977755674,0.0
0.06259796238244514,0.2794245858761988,-0.0012706870838941234,136.0
0.06259796238244514,0.29731232622798887,-0.0012706870838941234,81.0
0.06259796238244514,0.3098591549295774,-0.0012706870838941234,30.0
0.06259796238244514,0.33262411347517723,-0.001297659261376632,0.0
0.06259796238244514,0.33333333333333326,-0.001297659261376632,0.0
0.06259796238244514,0.334625322997416,-0.001297659261376632,961.0
0.06259796238244514,0.3555555555555555,-0.001297659261376632,31.0
0.06259796238244514,0.36075600340903397,-0.001297659261376632,0.0
0.06259796238244514,0.3748479318734793,-0.001297659261376632,8.0
0.06259796238244514,0.381315885132679,-0.001580496538966795,0.0
0.06259796238244514,0.3933040123661843,-0.001580496538966795,30.0
0.06259796238244514,0.4082811747713047,-0.001580496538966795,12.0
0.06259796238244514,0.4184791137055519,-0.001580496538966795,15.0
0.06259796238244514,0.4355393349553933,-0.001580496538966795,0.0
0.06259796238244514,0.4588987163288103,-0.001573754005965088,27.0
0.06259796238244514,0.47326024962038443,-0.001573754005965088,16.0
0.06259796238244514,0.4956109956109956,-0.001573754005965088,0.0
0.06259796238244514,0.5064197530864197,-0.001573754005965088,25.0
0.06259796238244514,0.5265987549518958,-0.001573754005965088,0.0
0.06259796238244514,0.5706605222734255,-0.001573754005965088,70.0
0.06259796238244514,0.6212246302029584,-0.00195380063824929,69.0
0.06259796238244514,0.6666666666666665,-0.00195380063824929,7.0
0.06259796238244514,0.6692307692307692,-0.0026691769613274214,0.0
0.06259796238244514,0.9595959595959596,-0.0026691769613274214,1150.0
0.06570235628797527,0.19999999999999996,-0.00012186485389888821,0.0
0.06570235628797527,0.21094676402671164,-0.00016244915682807844,0.0
0.06570235628797527,0.2250528040001724,-0.00040581521977755674,0.0
0.06570235628797527,0.23279055742224525,-0.00040581521977755674,0.0
0.06570235628797527,0.25032299741602065,-0.00040581521977755674,351.0
0.06570235628797527,0.2626262626262626,-0.00040581521977755674,66.0
0.06570235628797527,0.2794245858761988,-0.0012706870838941234,82.0
0.06570235628797527,0.29731232622798887,-0.0012706870838941234,175.0
0.06570235628797527,0.3098591549295774,-0.0012706870838941234,54.0
0.06570235628797527,0.33262411347517723,-0.001297659261376632,261.0
0.06570235628797527,0.33333333333333326,-0.001297659261376632,0.0
0.06570235628797527,0.334625322997416,-0.001297659261376632,23.0
0.06570235628797527,0.3555555555555555,-0.001297659261376632,284.0
0.06570235628797527,0.36075600340903397,-0.001297659261376632,0.0
0.06570235628797527,0.3748479318734793,-0.001297659261376632,8.0
0.06570235628797527,0.381315885132679,-0.001580496538966795,38.0
0.06570235628797527,0.3933040123661843,-0.001580496538966795,71.0
0.06570235628797527,0.4082811747713047,-0.001580496538966795,54.0
0.06570235628797527,0.4184791137055519,-0.001580496538966795,1136.0
0.06570235628797527,0.4355393349553933,-0.001580496538966795,85.0
0.06570235628797527,0.4588987163288103,-0.001573754005965088,112.0
0.06570235628797527,0.47326024962038443,-0.001573754005965088,15.0
0.06570235628797527,0.4956109956109956,-0.001573754005965088,37.0
0.06570235628797527,0.5064197530864197,-0.001573754005965088,8.0
0.06570235628797527,0.5265987549518958,-0.001573754005965088,265.0
0.06570235628797527,0.5706605222734255,-0.001573754005965088,8.0
0.06570235628797527,0.6212246302029584,-0.00195380063824929,8.0
0.06570235628797527,0.6666666666666665,-0.00195380063824929,16.0
0.06570235628797527,0.6692307692307692,-0.0026691769613274214,0.0
0.06570235628797527,0.9595959595959596,-0.0026691769613274214,6.0
0.06981386065079144,0.19999999999999996,-0.00012186485389888821,0.0
0.06981386065079144,0.21094676402671164,-0.00016244915682807844,0.0
0.06981386065079144,0.2250528040001724,-0.00040581521977755674,0.0
0.06981386065079144,0.23279055742224525,-0.00040581521977755674,0.0
0.06981386065079144,0.25032299741602065,-0.00040581521977755674,568.0
0.06981386065079144,0.2626262626262626,-0.00040581521977755674,96.0
0.06981386065079144,0.2794245858761988,-0.0012706870838941234,209.0
0.06981386065079144,0.29731232622798887,-0.0012706870838941234,124.0
0.06981386065079144,0.3098591549295774,-0.0012706870838941234,133.0
0.06981386065079144,0.33262411347517723,-0.001297659261376632,251.0
0.06981386065079144,0.33333333333333326,-0.001297659261376632,0.0
0.06981386065079144,0.334625322997416,-0.001297659261376632,51.0
0.06981386065079144,0.3555555555555555,-0.001297659261376632,156.0
0.06981386065079144,0.36075600340903397,-0.001297659261376632,106.0
0.06981386065079144,0.3748479318734793,-0.001297659261376632,80.0
0.06981386065079144,0.381315885132679,-0.001580496538966795,49.0
0.06981386065079144,0.3933040123661843,-0.001580496538966795,79.0
0.06981386065079144,0.4082811747713047,-0.001580496538966795,246.0
0.06981386065079144,0.4184791137055519,-0.001580496538966795,20.0
0.06981386065079144,0.4355393349553933,-0.001580496538966795,76.0
0.06981386065079144,0.4588987163288103,-0.001573754005965088,113.0
0.06981386065079144,0.47326024962038443,-0.001573754005965088,138.0
0.06981386065079144,0.4956109956109956,-0.001573754005965088,175.0
0.06981386065079144,0.5064197530864197,-0.001573754005965088,48.0
0.06981386065079144,0.5265987549518958,-0.001573754005965088,220.0
0.06981386065079144,0.5706605222734255,-0.001573754005965088,124.0
0.06981386065079144,0.6212246302029584,-0.00195380063824929,66.0
0.06981386065079144,0.6666666666666665,-0.00195380063824929,57.0
0.06981386065079144,0.6692307692307692,-0.0026691769613274214,12.0
0.06981386065079144,0.9595959595959596,-0.0026691769613274214,37.0
0.07135975777594275,0.19999999999999996,-0.0003077106216616398,0.0
0.07135975777594275,0.21094676402671164,-4.954559320788889e-05,0.0
0.07135975777594275,0.2250528040001724,-4.954559320788889e-05,0.0
0.07135975777594275,0.23279055742224525,-4.954559320788889e-05,0.0
0.07135975777594275,0.25032299741602065,-4.954559320788889e-05,119.0
0.07135975777594275,0.2626262626262626,-4.954559320788889e-05,28.0
0.07135975777594275,0.2794245858761988,-0.0009144174573244556,53.0
0.07135975777594275,0.29731232622798887,-0.0009144174573244556,18.0
0.07135975777594275,0.3098591549295774,-0.0009144174573244556,78.0
0.07135975777594275,0.33262411347517723,-0.0009413896348069642,80.0
0.07135975777594275,0.33333333333333326,-0.0009413896348069642,0.0
0.07135975777594275,0.334625322997416,-0.0009413896348069642,0.0
0.07135975777594275,0.3555555555555555,-0.0009413896348069642,8.0
0.07135975777594275,0.36075600340903397,-0.0009413896348069642,45.0
0.07135975777594275,0.3748479318734793,-0.0009413896348069642,1461.0
0.07135975777594275,0.381315885132679,-0.0012242269123971274,4.0
0.07135975777594275,0.3933040123661843,-0.0012242269123971274,20.0
0.07135975777594275,0.4082811747713047,-0.0012242269123971274,109.0
0.07135975777594275,0.4184791137055519,-0.0012242269123971274,23.0
0.07135975777594275,0.4355393349553933,-0.0012242269123971274,10.0
0.07135975777594275,0.4588987163288103,-0.0012174843793954198,8.0
0.07135975777594275,0.47326024962038443,-0.0012174843793954198,8.0
0.07135975777594275,0.4956109956109956,-0.0012174843793954198,10.0
0.07135975777594275,0.5064197530864197,-0.0012174843793954198,0.0
0.07135975777594275,0.5265987549518958,-0.0012174843793954198,17.0
0.07135975777594275,0.5706605222734255,-0.0012174843793954198,0.0
0.07135975777594275,0.6212246302029584,-0.0015805016494748626,82.0
0.07135975777594275,0.6666666666666665,-0.0015805016494748626,4.0
0.07135975777594275,0.6692307692307692,-0.0022958779725529943,0.0
0.07135975777594275,0.9595959595959596,-0.0022958779725529943,925.0
0.071570859419465,0.19999999999999996,-0.0003077106216616398,0.0
0.071570859419465,0.21094676402671164,0.0002612379369775007,0.0
0.071570859419465,0.2250528040001724,0.0002612379369775007,0.0
0.071570859419465,0.23279055742224525,0.0002612379369775007,0.0
0.071570859419465,0.25032299741602065,0.0002612379369775007,220.0
0.071570859419465,0.2626262626262626,0.0002612379369775007,134.0
0.071570859419465,0.2794245858761988,-0.0006036339271390658,12.0
0.071570859419465,0.29731232622798887,-0.0006036339271390658,97.0
0.071570859419465,0.3098591549295774,-0.0006036339271390658,24.0
0.071570859419465,0.33262411347517723,-0.0006306061046215743,71.0
0.071570859419465,0.33333333333333326,-0.0006306061046215743,0.0
0.071570859419465,0.334625322997416,-0.0006306061046215743,42.0
0.071570859419465,0.3555555555555555,-0.0006306061046215743,46.0
0.071570859419465,0.36075600340903397,-0.0006306061046215743,0.0
0.071570859419465,0.3748479318734793,-0.0006306061046215743,51.0
0.071570859419465,0.381315885132679,-0.0009134433822117376,39.0
0.071570859419465,0.3933040123661843,-0.0009134433822117376,32.0
0.071570859419465,0.4082811747713047,-0.0009134433822117376,30.0
0.071570859419465,0.4184791137055519,-0.0009134433822117376,59.0
0.071570859419465,0.4355393349553933,-0.0009134433822117376,28.0
0.071570859419465,0.4588987163288103,-0.0009067008492100301,15.0
0.071570859419465,0.47326024962038443,-0.0009067008492100301,28.0
0.071570859419465,0.4956109956109956,-0.0009067008492100301,45.0
0.071570859419465,0.5064197530864197,-0.0009067008492100301,0.0
0.071570859419465,0.5265987549518958,-0.0009067008492100301,4.0
0.071570859419465,0.5706605222734255,-0.0009067008492100301,0.0
0.071570859419465,0.6212246302029584,-0.001269718119289473,1790.0
0.071570859419465,0.6666666666666665,-0.001269718119289473,10.0
0.071570859419465,0.6692307692307692,-0.0019850944423676045,0.0
0.071570859419465,0.9595959595959596,-0.0019850944423676045,0.0
0.0737084647101625,0.19999999999999996,-0.0003077106216616398,0.0
0.0737084647101625,0.21094676402671164,0.0002612379369775007,0.0
0.0737084647101625,0.2250528040001724,0.0002612379369775007,0.0
0.0737084647101625,0.23279055742224525,0.0002612379369775007,0.0
0.0737084647101625,0.25032299741602065,0.0002612379369775007,342.0
0.0737084647101625,0.2626262626262626,0.0002612379369775007,87.0
0.0737084647101625,0.2794245858761988,-0.0006036339271390658,140.0
0.0737084647101625,0.29731232622798887,-0.0006036339271390658,44.0
0.0737084647101625,0.3098591549295774,-0.0006036339271390658,74.0
0.0737084647101625,0.33262411347517723,-0.0006306061046215743,151.0
0.0737084647101625,0.33333333333333326,-0.0006306061046215743,0.0
0.0737084647101625,0.334625322997416,-0.0006306061046215743,5.0
0.0737084647101625,0.3555555555555555,-0.0006306061046215743,594.0
0.0737084647101625,0.36075600340903397,-0.0006306061046215743,4.0
0.0737084647101625,0.3748479318734793,-0.0006306061046215743,80.0
0.0737084647101625,0.381315885132679,-0.0009134433822117376,66.0
0.0737084647101625,0.3933040123661843,-0.0009134433822117376,53.0
0.0737084647101625,0.4082811747713047,-0.0009134433822117376,82.0
0.0737084647101625,0.4184791137055519,-0.0009134433822117376,127.0
0.0737084647101625,0.4355393349553933,-0.0009134433822117376,36.0
0.0737084647101625,0.4588987163288103,-0.0009067008492100301,42.0
0.0737084647101625,0.47326024962038443,-0.0009067008492100301,3.0
0.0737084647101625,0.4956109956109956,-0.0009067008492100301,23.0
0.0737084647101625,0.5064197530864197,-0.0009067008492100301,8.0
0.0737084647101625,0.5265987549518958,-0.0009067008492100301,33.0
0.0737084647101625,0.5706605222734255,-0.0009067008492100301,185.0
0.0737084647101625,0.6212246302029584,-0.001269718119289473,4.0
0.0737084647101625,0.6666666666666665,-0.001269718119289473,0.0
0.0737084647101625,0.6692307692307692,-0.0019850944423676045,0.0
0.0737084647101625,0.9595959595959596,-0.0019850944423676045,16.0
0.076759410801964,0.19999999999999996,-0.0003077106216616398,0.0
0.076759410801964,0.21094676402671164,0.0002612379369775007,0.0
0.076759410801964,0.2250528040001724,0.0002612379369775007,0.0
0.076759410801964,0.23279055742224525,0.0002612379369775007,88.0
0.076759410801964,0.25032299741602065,0.0002612379369775007,376.0
0.076759410801964,0.2626262626262626,0.0002612379369775007,4.0
0.076759410801964,0.2794245858761988,-0.0006036339271390658,149.0
0.076759410801964,0.29731232622798887,-0.0006036339271390658,48.0
0.076759410801964,0.3098591549295774,-0.0006036339271390658,162.0
0.076759410801964,0.33262411347517723,-0.0006306061046215743,95.0
0.076759410801964,0.33333333333333326,-0.0006306061046215743,0.0
0.076759410801964,0.334625322997416,-0.0006306061046215743,40.0
0.076759410801964,0.3555555555555555,-0.0006306061046215743,83.0
0.076759410801964,0.36075600340903397,-0.0006306061046215743,19.0
0.076759410801964,0.3748479318734793,-0.0006306061046215743,55.0
0.076759410801964,0.381315885132679,-0.0009134433822117376,8.0
0.076759410801964,0.3933040123661843,-0.0009134433822117376,32.0
0.076759410801964,0.4082811747713047,-0.0009134433822117376,65.0
0.076759410801964,0.4184791137055519,-0.0009134433822117376,8.0
0.076759410801964,0.4355393349553933,-0.0009134433822117376,108.0
0.076759410801964,0.4588987163288103,-0.0009067008492100301,137.0
0.076759410801964,0.47326024962038443,-0.0009067008492100301,56.0
0.076759410801964,0.4956109956109956,-0.0009067008492100301,20.0
0.076759410801964,0.5064197530864197,-0.0009067008492100301,23.0
0.076759410801964,0.5265987549518958,-0.0009067008492100301,4.0
0.076759410801964,0.5706605222734255,-0.0009067008492100301,110.0
0.076759410801964,0.6212246302029584,-0.001058078815197786,20.0
0.076759410801964,0.6666666666666665,-0.001058078815197786,12.0
0.076759410801964,0.6692307692307692,-0.001773455138275918,0.0
0.076759410801964,0.9595959595959596,-0.001773455138275918,369.0
0.07886762360446571,0.19999999999999996,-0.0003077106216616398,0.0
0.07886762360446571,0.21094676402671164,0.0002612379369775007,0.0
0.07886762360446571,0.2250528040001724,0.0002612379369775007,0.0
0.07886762360446571,0.23279055742224525,0.0002612379369775007,925.0
0.07886762360446571,0.25032299741602065,0.0002612379369775007,123.0
0.07886762360446571,0.2626262626262626,0.0002612379369775007,364.0
0.07886762360446571,0.2794245858761988,-0.0006036339271390658,112.0
0.07886762360446571,0.29731232622798887,-0.0006036339271390658,193.0
0.07886762360446571,0.3098591549295774,-0.0006036339271390658,96.0
0.07886762360446571,0.33262411347517723,-0.0006306061046215743,198.0
0.07886762360446571,0.33333333333333326,-0.0006306061046215743,0.0
0.07886762360446571,0.334625322997416,-0.0006306061046215743,11.0
0.07886762360446571,0.3555555555555555,-0.0006306061046215743,72.0
0.07886762360446571,0.36075600340903397,-0.0006306061046215743,91.0
0.07886762360446571,0.3748479318734793,-0.0006306061046215743,4.0
0.07886762360446571,0.381315885132679,-0.0009134433822117376,20.0
0.07886762360446571,0.3933040123661843,-0.0009134433822117376,103.0
0.07886762360446571,0.4082811747713047,-0.0009134433822117376,4.0
0.07886762360446571,0.4184791137055519,-0.0009134433822117376,15.0
0.07886762360446571,0.4355393349553933,-0.0009134433822117376,16.0
0.07886762360446571,0.4588987163288103,-0.0009067008492100301,95.0
0.07886762360446571,0.47326024962038443,-0.0009067008492100301,72.0
0.07886762360446571,0.4956109956109956,-0.0009067008492100301,8.0
0.07886762360446571,0.5064197530864197,-0.0009067008492100301,0.0
0.07886762360446571,0.5265987549518958,-0.0009067008492100301,22.0
0.07886762360446571,0.5706605222734255,-0.0009067008492100301,37.0
0.07886762360446571,0.6212246302029584,-0.001058078815197786,28.0
0.07886762360446571,0.6666666666666665,-0.001058078815197786,34.0
0.07886762360446571,0.6692307692307692,-0.001773455138275918,0.0
0.07886762360446571,0.9595959595959596,-0.001773455138275918,4.0
0.08097180738690173,0.19999999999999996,-0.00032184577562236307,0.0
0.08097180738690173,0.21094676402671164,0.0002471027830167774,0.0
0.08097180738690173,0.2250528040001724,0.0002471027830167774,0.0
0.08097180738690173,0.23279055742224525,0.0002471027830167774,514.0
0.08097180738690173,0.25032299741602065,0.0002471027830167774,147.0
0.08097180738690173,0.2626262626262626,0.0002471027830167774,89.0
0.08097180738690173,0.2794245858761988,-0.0006177690810997891,80.0
0.08097180738690173,0.29731232622798887,-0.0006177690810997891,148.0
0.08097180738690173,0.3098591549295774,-0.0006177690810997891,126.0
0.08097180738690173,0.33262411347517723,-0.0006447412585822976,555.0
0.08097180738690173,0.33333333333333326,-0.0006447412585822976,0.0
0.08097180738690173,0.334625322997416,-0.0006447412585822976,42.0
0.08097180738690173,0.3555555555555555,-0.0006447412585822976,84.0
0.08097180738690173,0.36075600340903397,-0.0006447412585822976,59.0
0.08097180738690173,0.3748479318734793,-0.0006447412585822976,20.0
0.08097180738690173,0.381315885132679,0.004646106681968542,0.0
0.08097180738690173,0.3933040123661843,0.004646106681968542,29.0
0.08097180738690173,0.4082811747713047,0.004646106681968542,18.0
0.08097180738690173,0.4184791137055519,0.004646106681968542,4.0
0.08097180738690173,0.4355393349553933,0.004646106681968542,879.0
0.08097180738690173,0.4588987163288103,0.004652849214970249,88.0
0.08097180738690173,0.47326024962038443,0.004652849214970249,0.0
0.08097180738690173,0.4956109956109956,0.004652849214970249,18.0
0.08097180738690173,0.5064197530864197,0.004652849214970249,0.0
0.08097180738690173,0.5265987549518958,0.004652849214970249,24.0
0.08097180738690173,0.5706605222734255,0.004652849214970249,58.0
0.08097180738690173,0.6212246302029584,0.00482138754536933,4.0
0.08097180738690173,0.6666666666666665,0.00482138754536933,0.0
0.08097180738690173,0.6692307692307692,0.004106011222291199,0.0
0.08097180738690173,0.9595959595959596,0.004106011222291199,10.0
0.08132026296339519,0.19999999999999996,-0.00032184577562236307,0.0
0.08132026296339519,0.21094676402671164,0.0002471027830167774,0.0
0.08132026296339519,0.2250528040001724,0.0002471027830167774,0.0
0.08132026296339519,0.23279055742224525,0.0002471027830167774,2193.0
0.08132026296339519,0.25032299741602065,0.0002471027830167774,277.0
0.08132026296339519,0.2626262626262626,0.0002471027830167774,18.0
0.08132026296339519,0.2794245858761988,-0.0006177690810997891,96.0
0.08132026296339519,0.29731232622798887,-0.0006177690810997891,26.0
0.08132026296339519,0.3098591549295774,-0.0006177690810997891,74.0
0.08132026296339519,0.33262411347517723,-0.0005795325765775933,12.0
0.08132026296339519,0.33333333333333326,-0.0005795325765775933,0.0
0.08132026296339519,0.334625322997416,-0.0005795325765775933,0.0
0.08132026296339519,0.3555555555555555,-0.0005795325765775933,95.0
0.08132026296339519,0.36075600340903397,-0.0005795325765775933,0.0
0.08132026296339519,0.3748479318734793,-0.0005795325765775933,0.0
0.08132026296339519,0.381315885132679,0.004711315363973246,31.0
0.08132026296339519,0.3933040123661843,0.004711315363973246,4.0
0.08132026296339519,0.4082811747713047,0.004711315363973246,0.0
0.08132026296339519,0.4184791137055519,0.004711315363973246,30.0
0.08132026296339519,0.4355393349553933,0.004711315363973246,12.0
0.08132026296339519,0.4588987163288103,0.004718057896974954,25.0
0.08132026296339519,0.47326024962038443,0.004718057896974954,0.0
0.08132026296339519,0.4956109956109956,0.004718057896974954,12.0
0.08132026296339519,0.5064197530864197,0.004718057896974954,0.0
0.08132026296339519,0.5265987549518958,0.004718057896974954,4.0
0.08132026296339519,0.5706605222734255,0.004718057896974954,36.0
0.08132026296339519,0.6212246302029584,0.004886596227374035,4.0
0.08132026296339519,0.6666666666666665,0.004886596227374035,125.0
0.08132026296339519,0.6692307692307692,0.004171219904295902,0.0
0.08132026296339519,0.9595959595959596,0.004171219904295902,8.0
0.08348484848484848,0.19999999999999996,-0.00032184577562236307,0.0
0.08348484848484848,0.21094676402671164,0.0002471027830167774,0.0
0.08348484848484848,0.2250528040001724,0.0002471027830167774,877.0
0.08348484848484848,0.23279055742224525,0.0002471027830167774,169.0
0.08348484848484848,0.25032299741602065,0.0002471027830167774,159.0
0.08348484848484848,0.2626262626262626,0.0002471027830167774,299.0
0.08348484848484848,0.2794245858761988,0.006770723835188782,66.0
0.08348484848484848,0.29731232622798887,0.006770723835188782,321.0
0.08348484848484848,0.3098591549295774,0.006770723835188782,154.0
0.08348484848484848,0.33262411347517723,0.006808960339710978,138.0
0.08348484848484848,0.33333333333333326,0.006808960339710978,0.0
0.08348484848484848,0.334625322997416,0.006808960339710978,105.0
0.08348484848484848,0.3555555555555555,0.006808960339710978,39.0
0.08348484848484848,0.36075600340903397,0.006808960339710978,68.0
0.08348484848484848,0.3748479318734793,0.006808960339710978,143.0
0.08348484848484848,0.381315885132679,0.012099808280261819,53.0
0.08348484848484848,0.3933040123661843,0.012099808280261819,14.0
0.08348484848484848,0.4082811747713047,0.012099808280261819,156.0
0.08348484848484848,0.4184791137055519,0.012099808280261819,36.0
0.08348484848484848,0.4355393349553933,0.012099808280261819,16.0
0.08348484848484848,0.4588987163288103,0.012106550813263527,152.0
0.08348484848484848,0.47326024962038443,0.012106550813263527,0.0
0.08348484848484848,0.4956109956109956,0.012106550813263527,36.0
0.08348484848484848,0.5064197530864197,0.012106550813263527,0.0
0.08348484848484848,0.5265987549518958,0.012106550813263527,12.0
0.08348484848484848,0.5706605222734255,0.012106550813263527,53.0
0.08348484848484848,0.6212246302029584,0.012275089143662607,18.0
0.08348484848484848,0.6666666666666665,0.012275089143662607,8.0
0.08348484848484848,0.6692307692307692,0.011559712820584477,12.0
0.08348484848484848,0.9595959595959596,0.011559712820584477,16.0
0.08703886693017128,0.19999999999999996,-0.00032184577562236307,0.0
0.08703886693017128,0.21094676402671164,0.0002471027830167774,0.0
0.08703886693017128,0.2250528040001724,0.0002471027830167774,530.0
0.08703886693017128,0.23279055742224525,0.0002471027830167774,43.0
0.08703886693017128,0.25032299741602065,0.0002471027830167774,242.0
0.08703886693017128,0.2626262626262626,0.0002471027830167774,153.0
0.08703886693017128,0.2794245858761988,0.006770723835188782,139.0
0.08703886693017128,0.29731232622798887,0.006770723835188782,378.0
0.08703886693017128,0.3098591549295774,0.006770723835188782,87.0
0.08703886693017128,0.33262411347517723,0.006808960339710978,206.0
0.08703886693017128,0.33333333333333326,0.006808960339710978,0.0
0.08703886693017128,0.334625322997416,0.006808960339710978,0.0
0.08703886693017128,0.3555555555555555,0.006808960339710978,195.0
0.08703886693017128,0.36075600340903397,0.006808960339710978,8.0
0.08703886693017128,0.3748479318734793,0.006808960339710978,121.0
0.08703886693017128,0.381315885132679,0.012099808280261819,83.0
0.08703886693017128,0.3933040123661843,0.012099808280261819,11.0
0.08703886693017128,0.4082811747713047,0.012099808280261819,129.0
0.08703886693017128,0.4184791137055519,0.012099808280261819,47.0
0.08703886693017128,0.4355393349553933,0.012099808280261819,58.0
0.08703886693017128,0.4588987163288103,0.012106550813263527,196.0
0.08703886693017128,0.47326024962038443,0.012106550813263527,8.0
0.08703886693017128,0.4956109956109956,0.012106550813263527,80.0
0.08703886693017128,0.5064197530864197,0.012106550813263527,128.0
0.08703886693017128,0.5265987549518958,0.012106550813263527,2.0
0.08703886693017128,0.5706605222734255,0.012106550813263527,111.0
0.08703886693017128,0.6212246302029584,0.012275089143662607,18.0
0.08703886693017128,0.6666666666666665,0.012275089143662607,0.0
0.08703886693017128,0.6692307692307692,0.011559712820584477,0.0
0.08703886693017128,0.9595959595959596,0.011559712820584477,21.0
0.08934943896008339,0.19999999999999996,-0.00032184577562236307,0.0
0.08934943896008339,0.21094676402671164,0.0002471027830167774,0.0
0.08934943896008339,0.2250528040001724,0.0002471027830167774,1156.0
0.08934943896008339,0.23279055742224525,0.0002471027830167774,32.0
0.08934943896008339,0.25032299741602065,0.0002471027830167774,218.0
0.08934943896008339,0.2626262626262626,0.0002471027830167774,138.0
0.08934943896008339,0.2794245858761988,0.006770723835188782,144.0
0.08934943896008339,0.29731232622798887,0.006770723835188782,109.0
0.08934943896008339,0.3098591549295774,0.006770723835188782,130.0
0.08934943896008339,0.33262411347517723,0.006808960339710978,179.0
0.08934943896008339,0.33333333333333326,0.006808960339710978,0.0
0.08934943896008339,0.334625322997416,0.006808960339710978,59.0
0.08934943896008339,0.3555555555555555,0.006808960339710978,116.0
0.08934943896008339,0.36075600340903397,0.006808960339710978,4.0
0.08934943896008339,0.3748479318734793,0.006808960339710978,114.0
0.08934943896008339,0.381315885132679,0.012099808280261819,21.0
0.08934943896008339,0.3933040123661843,0.012099808280261819,34.0
0.08934943896008339,0.4082811747713047,0.012099808280261819,4.0
0.08934943896008339,0.4184791137055519,0.012099808280261819,30.0
0.08934943896008339,0.4355393349553933,0.012099808280261819,47.0
0.08934943896008339,0.4588987163288103,0.012106550813263527,15.0
0.08934943896008339,0.47326024962038443,0.012106550813263527,13.0
0.08934943896008339,0.4956109956109956,0.012106550813263527,14.0
0.08934943896008339,0.5064197530864197,0.012106550813263527,4.0
0.08934943896008339,0.5265987549518958,0.012106550813263527,40.0
0.08934943896008339,0.5706605222734255,0.012106550813263527,44.0
0.08934943896008339,0.6212246302029584,0.012275089143662607,4.0
0.08934943896008339,0.6666666666666665,0.012275089143662607,16.0
0.08934943896008339,0.6692307692307692,0.011559712820584477,0.0
0.08934943896008339,0.9595959595959596,0.011559712820584477,17.0
0.09098869606750518,0.19999999999999996,-0.00032184577562236307,0.0
0.09098869606750518,0.21094676402671164,0.0002471027830167774,0.0
0.09098869606750518,0.2250528040001724,0.0002471027830167774,682.0
0.09098869606750518,0.23279055742224525,0.0002471027830167774,43.0
0.09098869606750518,0.25032299741602065,0.0002471027830167774,107.0
0.09098869606750518,0.2626262626262626,0.0002471027830167774,105.0
0.09098869606750518,0.2794245858761988,0.006770723835188782,214.0
0.09098869606750518,0.29731232622798887,0.006770723835188782,36.0
0.09098869606750518,0.3098591549295774,0.006770723835188782,412.0
0.09098869606750518,0.33262411347517723,0.006808960339710978,112.0
0.09098869606750518,0.33333333333333326,0.006808960339710978,0.0
0.09098869606750518,0.334625322997416,0.006808960339710978,8.0
0.09098869606750518,0.3555555555555555,0.006808960339710978,91.0
0.09098869606750518,0.36075600340903397,0.006808960339710978,35.0
0.09098869606750518,0.3748479318734793,0.006808960339710978,6.0
0.09098869606750518,0.381315885132679,0.012099808280261819,31.0
0.09098869606750518,0.3933040123661843,0.012099808280261819,40.0
0.09098869606750518,0.4082811747713047,0.012099808280261819,85.0
0.09098869606750518,0.4184791137055519,0.012099808280261819,0.0
0.09098869606750518,0.4355393349553933,0.012099808280261819,259.0
0.09098869606750518,0.4588987163288103,0.012106550813263527,75.0
0.09098869606750518,0.47326024962038443,0.012106550813263527,25.0
0.09098869606750518,0.4956109956109956,0.012106550813263527,85.0
0.09098869606750518,0.5064197530864197,0.012106550813263527,0.0
0.09098869606750518,0.5265987549518958,0.012106550813263527,197.0
0.09098869606750518,0.5706605222734255,0.012106550813263527,20.0
0.09098869606750518,0.6212246302029584,0.012275089143662607,4.0
0.09098869606750518,0.6666666666666665,0.012275089143662607,6.0
0.09098869606750518,0.6692307692307692,0.011559712820584477,0.0
0.09098869606750518,0.9595959595959596,0.011559712820584477,22.0
0.09368351063829787,0.19999999999999996,-0.00032184577562236307,0.0
0.09368351063829787,0.21094676402671164,0.0002471027830167774,454.0
0.09368351063829787,0.2250528040001724,0.0002471027830167774,83.0
0.09368351063829787,0.23279055742224525,0.0002471027830167774,83.0
0.09368351063829787,0.25032299741602065,0.0002471027830167774,63.0
0.09368351063829787,0.2626262626262626,0.0002471027830167774,163.0
0.09368351063829787,0.2794245858761988,0.006770723835188782,159.0
0.09368351063829787,0.29731232622798887,0.006770723835188782,139.0
0.09368351063829787,0.3098591549295774,0.006770723835188782,136.0
0.09368351063829787,0.33262411347517723,0.006808960339710978,87.0
0.09368351063829787,0.33333333333333326,0.006808960339710978,0.0
0.09368351063829787,0.334625322997416,0.006808960339710978,0.0
0.09368351063829787,0.3555555555555555,0.006808960339710978,86.0
0.09368351063829787,0.36075600340903397,0.006808960339710978,88.0
0.09368351063829787,0.3748479318734793,0.006808960339710978,4.0
0.09368351063829787,0.381315885132679,0.012099808280261819,2.0
0.09368351063829787,0.3933040123661843,0.012099808280261819,76.0
0.09368351063829787,0.4082811747713047,0.012099808280261819,4.0
0.09368351063829787,0.4184791137055519,0.012099808280261819,348.0
0.09368351063829787,0.4355393349553933,0.012099808280261819,4.0
0.09368351063829787,0.4588987163288103,0.012106550813263527,20.0
0.09368351063829787,0.47326024962038443,0.012106550813263527,4.0
0.09368351063829787,0.4956109956109956,0.012106550813263527,23.0
0.09368351063829787,0.5064197530864197,0.012106550813263527,20.0
0.09368351063829787,0.5265987549518958,0.012106550813263527,14.0
0.09368351063829787,0.5706605222734255,0.012106550813263527,66.0
0.09368351063829787,0.6212246302029584,0.012275089143662607,0.0
0.09368351063829787,0.6666666666666665,0.012275089143662607,0.0
0.09368351063829787,0.6692307692307692,0.011559712820584477,0.0
0.09368351063829787,0.9595959595959596,0.011559712820584477,0.0
0.09516947989570468,0.19999999999999996,-0.00032184577562236307,0.0
0.09516947989570468,0.21094676402671164,0.0002471027830167774,494.0
0.09516947989570468,0.2250528040001724,0.0002471027830167774,234.0
0.09516947989570468,0.23279055742224525,0.0002471027830167774,118.0
0.09516947989570468,0.25032299741602065,0.0002471027830167774,194.0
0.09516947989570468,0.2626262626262626,0.0002471027830167774,10.0
0.09516947989570468,0.2794245858761988,0.006770723835188782,27.0
0.09516947989570468,0.29731232622798887,0.006770723835188782,140.0
0.09516947989570468,0.3098591549295774,0.006770723835188782,40.0
0.09516947989570468,0.33262411347517723,0.006808960339710978,103.0
0.09516947989570468,0.33333333333333326,0.006808960339710978,0.0
0.09516947989570468,0.334625322997416,0.006808960339710978,63.0
0.09516947989570468,0.3555555555555555,0.006808960339710978,275.0
0.09516947989570468,0.36075600340903397,0.006808960339710978,29.0
0.09516947989570468,0.3748479318734793,0.006808960339710978,28.0
0.09516947989570468,0.381315885132679,0.012099808280261819,85.0
0.09516947989570468,0.3933040123661843,0.012099808280261819,49.0
0.09516947989570468,0.4082811747713047,0.012099808280261819,32.0
0.09516947989570468,0.4184791137055519,0.012099808280261819,149.0
0.09516947989570468,0.4355393349553933,0.012099808280261819,0.0
0.09516947989570468,0.4588987163288103,0.012106550813263527,36.0
0.09516947989570468,0.47326024962038443,0.012106550813263527,0.0
0.09516947989570468,0.4956109956109956,0.012106550813263527,0.0
0.09516947989570468,0.5064197530864197,0.012106550813263527,136.0
0.09516947989570468,0.5265987549518958,0.012106550813263527,30.0
0.09516947989570468,0.5706605222734255,0.012106550813263527,147.0
0.09516947989570468,0.6212246302029584,0.012275089143662607,12.0
0.09516947989570468,0.6666666666666665,0.012275089143662607,18.0
0.09516947989570468,0.6692307692307692,0.011559712820584477,0.0
0.09516947989570468,0.9595959595959596,0.011559712820584477,0.0
0.09672694052419355,0.19999999999999996,-0.00032184577562236307,0.0
0.09672694052419355,0.21094676402671164,0.0002471027830167774,1014.0
0.09672694052419355,0.2250528040001724,0.0002471027830167774,64.0
0.09672694052419355,0.23279055742224525,0.0002471027830167774,50.0
0.09672694052419355,0.25032299741602065,0.0002471027830167774,370.0
0.09672694052419355,0.2626262626262626,0.0002471027830167774,127.0
0.09672694052419355,0.2794245858761988,0.006770723835188782,115.0
0.09672694052419355,0.29731232622798887,0.006770723835188782,116.0
0.09672694052419355,0.3098591549295774,0.006770723835188782,16.0
0.09672694052419355,0.33262411347517723,0.006808960339710978,332.0
0.09672694052419355,0.33333333333333326,0.006808960339710978,0.0
0.09672694052419355,0.334625322997416,0.006808960339710978,35.0
0.09672694052419355,0.3555555555555555,0.006808960339710978,8.0
0.09672694052419355,0.36075600340903397,0.006808960339710978,26.0
0.09672694052419355,0.3748479318734793,0.006808960339710978,16.0
0.09672694052419355,0.381315885132679,0.012099808280261819,0.0
0.09672694052419355,0.3933040123661843,0.012099808280261819,32.0
0.09672694052419355,0.4082811747713047,0.012099808280261819,38.0
0.09672694052419355,0.4184791137055519,0.012099808280261819,0.0
0.09672694052419355,0.4355393349553933,0.012099808280261819,28.0
0.09672694052419355,0.4588987163288103,0.012106550813263527,83.0
0.09672694052419355,0.47326024962038443,0.012106550813263527,4.0
0.09672694052419355,0.4956109956109956,0.012106550813263527,159.0
0.09672694052419355,0.5064197530864197,0.012106550813263527,97.0
0.09672694052419355,0.5265987549518958,0.012106550813263527,0.0
0.09672694052419355,0.5706605222734255,0.012106550813263527,4.0
0.09672694052419355,0.6212246302029584,0.012275089143662607,8.0
0.09672694052419355,0.6666666666666665,0.012275089143662607,0.0
0.09672694052419355,0.6692307692307692,0.011559712820584477,0.0
0.09672694052419355,0.9595959595959596,0.011559712820584477,12.0
0.098252442002442,0.19999999999999996,0.0006834685748391685,0.0
0.098252442002442,0.21094676402671164,0.0011092047701428288,1524.0
0.098252442002442,0.2250528040001724,0.0011092047701428288,160.0
0.098252442002442,0.23279055742224525,0.0011092047701428288,12.0
0.098252442002442,0.25032299741602065,0.0011092047701428288,225.0
0.098252442002442,0.2626262626262626,0.0011092047701428288,117.0
0.098252442002442,0.2794245858761988,0.007467902094257779,98.0
0.098252442002442,0.29731232622798887,0.007467902094257779,267.0
0.098252442002442,0.3098591549295774,0.007467902094257779,40.0
0.098252442002442,0.33262411347517723,0.007506138598779973,100.0
0.098252442002442,0.33333333333333326,0.007506138598779973,0.0
0.098252442002442,0.334625322997416,0.007506138598779973,24.0
0.098252442002442,0.3555555555555555,0.007506138598779973,94.0
0.098252442002442,0.36075600340903397,0.007506138598779973,12.0
0.098252442002442,0.3748479318734793,0.007506138598779973,40.0
0.098252442002442,0.381315885132679,0.012121195059309286,0.0
0.098252442002442,0.3933040123661843,0.012121195059309286,42.0
0.098252442002442,0.4082811747713047,0.012121195059309286,34.0
0.098252442002442,0.4184791137055519,0.012121195059309286,53.0
0.098252442002442,0.4355393349553933,0.012121195059309286,19.0
0.098252442002442,0.4588987163288103,0.012127937592310994,75.0
0.098252442002442,0.47326024962038443,0.012127937592310994,0.0
0.098252442002442,0.4956109956109956,0.012127937592310994,16.0
0.098252442002442,0.5064197530864197,0.012127937592310994,0.0
0.098252442002442,0.5265987549518958,0.012127937592310994,0.0
0.098252442002442,0.5706605222734255,0.012127937592310994,88.0
0.098252442002442,0.6212246302029584,0.012275089143662607,12.0
0.098252442002442,0.6666666666666665,0.012275089143662607,17.0
0.098252442002442,0.6692307692307692,0.011559712820584477,0.0
0.098252442002442,0.9595959595959596,0.011559712820584477,15.0
0.09989604989604992,0.19999999999999996,0.0006834685748391685,0.0
0.09989604989604992,0.21094676402671164,0.0011092047701428288,334.0
0.09989604989604992,0.2250528040001724,0.0011092047701428288,46.0
0.09989604989604992,0.23279055742224525,0.0011092047701428288,16.0
0.09989604989604992,0.25032299741602065,0.0011092047701428288,16.0
0.09989604989604992,0.2626262626262626,0.0011092047701428288,66.0
0.09989604989604992,0.2794245858761988,0.007467902094257779,46.0
0.09989604989604992,0.29731232622798887,0.007467902094257779,119.0
0.09989604989604992,0.3098591549295774,0.007467902094257779,103.0
0.09989604989604992,0.33262411347517723,0.007506138598779973,44.0
0.09989604989604992,0.33333333333333326,0.007506138598779973,0.0
0.09989604989604992,0.334625322997416,0.007506138598779973,0.0
0.09989604989604992,0.3555555555555555,0.007506138598779973,0.0
0.09989604989604992,0.36075600340903397,0.007506138598779973,2101.0
0.09989604989604992,0.3748479318734793,0.007506138598779973,6.0
0.09989604989604992,0.381315885132679,0.012121195059309286,0.0
0.09989604989604992,0.3933040123661843,0.012121195059309286,33.0
0.09989604989604992,0.4082811747713047,0.012121195059309286,19.0
0.09989604989604992,0.4184791137055519,0.012121195059309286,46.0
0.09989604989604992,0.4355393349553933,0.012121195059309286,10.0
0.09989604989604992,0.4588987163288103,0.012127937592310994,0.0
0.09989604989604992,0.47326024962038443,0.012127937592310994,0.0
0.09989604989604992,0.4956109956109956,0.012127937592310994,41.0
0.09989604989604992,0.5064197530864197,0.012127937592310994,0.0
0.09989604989604992,0.5265987549518958,0.012127937592310994,0.0
0.09989604989604992,0.5706605222734255,0.012127937592310994,0.0
0.09989604989604992,0.6212246302029584,0.012275089143662607,0.0
0.09989604989604992,0.6666666666666665,0.012275089143662607,22.0
0.09989604989604992,0.6692307692307692,0.011559712820584477,0.0
0.09989604989604992,0.9595959595959596,0.011559712820584477,0.0
