median_distance_from_home,cum_jobs,f,freq
0.0,7.275957614183426e-12,-0.0005152043843247394,0.0
0.0,234.04140038858895,-0.0005152043843247394,0.0
0.0,474.95864288126177,-0.0005152043843247394,0.0
0.0,769.6677909017017,-0.0005152043843247394,0.0
0.0,1128.3453892204197,-0.0004211458957011013,0.0
0.0,1543.7907900810314,-0.0004211458957011013,0.0
0.0,1975.1969890976034,-0.0004211458957011013,0.0
0.0,2515.501800248203,-0.0004211458957011013,0.0
0.0,3000.1998378501885,0.00032505031693738434,0.0
0.0,3990.6327675699868,0.00032505031693738434,0.0
0.0,4775.948516162629,0.000334194237772972,0.0
0.0,5604.75992395731,0.000334194237772972,0.0
0.0,6673.110353604381,0.000334194237772972,0.0
0.0,7484.778023567196,0.0005126861573167553,0.0
0.0,8524.964644320688,0.0005126861573167553,0.0
0.0,9484.076494982022,0.0005126861573167553,0.0
0.0,12978.985530772647,0.0005126861573167553,0.0
0.0,15553.375390703339,0.0005126861573167553,0.0
0.0,18279.281360753674,0.0005126861573167553,0.0
0.0,22871.846037835305,0.0005126861573167553,0.0
0.0,25647.14059691455,0.0005126861573167553,0.0
0.0,36671.60510852793,0.001568574614496041,0.0
0.0,46845.420632828514,0.0018708251900380782,0.0
0.0,70607.73077972204,0.0018708251900380782,0.0
0.0,108268.44093943582,0.0018708251900380782,0.0
0.0,159874.9776715541,0.0018708251900380782,0.0
0.0,193356.25643192156,0.0018708251900380782,0.0
0.0,227534.66063029977,0.0018708251900380782,0.0
0.0,274537.99030035746,0.0018708251900380782,0.0
0.0,320872.7186681552,0.0018708251900380782,0.0
0.00820490427974363,7.275957614183426e-12,-0.0005152043843247394,3.0
0.00820490427974363,234.04140038858895,-0.0005152043843247394,2686.0
0.00820490427974363,474.95864288126177,-0.0005152043843247394,2749.0
0.00820490427974363,769.6677909017017,-0.0005152043843247394,2917.0
0.00820490427974363,1128.3453892204197,-0.0004211458957011013,2950.0
0.00820490427974363,1543.7907900810314,-0.0004211458957011013,3070.0
0.00820490427974363,1975.1969890976034,-0.0004211458957011013,3033.0
0.00820490427974363,2515.501800248203,-0.0004211458957011013,3048.0
0.00820490427974363,3000.1998378501885,0.00032505031693738434,2273.0
0.00820490427974363,3990.6327675699868,0.00032505031693738434,3024.0
0.00820490427974363,4775.948516162629,0.000334194237772972,3129.0
0.00820490427974363,5604.75992395731,0.000334194237772972,3314.0
0.00820490427974363,6673.110353604381,0.000334194237772972,3146.0
0.00820490427974363,7484.778023567196,0.0005126861573167553,3193.0
0.00820490427974363,8524.964644320688,0.0005126861573167553,3263.0
0.00820490427974363,9484.076494982022,0.0005126861573167553,3287.0
0.00820490427974363,12978.985530772647,0.0005126861573167553,3001.0
0.00820490427974363,15553.375390703339,0.0005126861573167553,3264.0
0.00820490427974363,18279.281360753674,0.0005126861573167553,3123.0
0.00820490427974363,22871.846037835305,0.0005126861573167553,2997.0
0.00820490427974363,25647.14059691455,0.0005126861573167553,3722.0
0.00820490427974363,36671.60510852793,0.001568574614496041,2962.0
0.00820490427974363,46845.420632828514,0.0018708251900380782,3114.0
0.00820490427974363,70607.73077972204,0.0018708251900380782,3734.0
0.00820490427974363,108268.44093943582,0.0018708251900380782,3053.0
0.00820490427974363,159874.9776715541,0.0018708251900380782,2726.0
0.00820490427974363,193356.25643192156,0.0018708251900380782,2793.0
0.00820490427974363,227534.66063029977,0.0018708251900380782,3131.0
0.00820490427974363,274537.99030035746,0.0018708251900380782,3480.0
0.00820490427974363,320872.7186681552,0.0018708251900380782,3439.0
0.10021666643044114,7.275957614183426e-12,-0.0005152043843247394,0.0
0.10021666643044114,234.04140038858895,-0.0005152043843247394,300.0
0.10021666643044114,474.95864288126177,-0.0005152043843247394,267.0
0.10021666643044114,769.6677909017017,-0.0005152043843247394,156.0
0.10021666643044114,1128.3453892204197,-0.0004211458957011013,199.0
0.10021666643044114,1543.7907900810314,-0.0004211458957011013,185.0
0.10021666643044114,1975.1969890976034,-0.0004211458957011013,184.0
0.10021666643044114,2515.501800248203,-0.0004211458957011013,143.0
0.10021666643044114,3000.1998378501885,0.00032505031693738434,170.0
0.10021666643044114,3990.6327675699868,0.00032505031693738434,217.0
0.10021666643044114,4775.948516162629,0.000334194237772972,164.0
0.10021666643044114,5604.75992395731,0.000334194237772972,113.0
0.10021666643044114,6673.110353604381,0.000334194237772972,136.0
0.10021666643044114,7484.778023567196,0.0005126861573167553,110.0
0.10021666643044114,8524.964644320688,0.0005126861573167553,96.0
0.10021666643044114,9484.076494982022,0.0005126861573167553,86.0
0.10021666643044114,12978.985530772647,0.0005126861573167553,181.0
0.10021666643044114,15553.375390703339,0.0005126861573167553,127.0
0.10021666643044114,18279.281360753674,0.0005126861573167553,97.0
0.10021666643044114,22871.846037835305,0.0005126861573167553,162.0
0.10021666643044114,25647.14059691455,0.0005126861573167553,81.0
0.10021666643044114,36671.60510852793,0.001568574614496041,179.0
0.10021666643044114,46845.420632828514,0.0018708251900380782,55.0
0.10021666643044114,70607.73077972204,0.0018708251900380782,73.0
0.10021666643044114,108268.44093943582,0.0018708251900380782,123.0
0.10021666643044114,159874.9776715541,0.0018708251900380782,113.0
0.10021666643044114,193356.25643192156,0.0018708251900380782,66.0
0.10021666643044114,227534.66063029977,0.0018708251900380782,51.0
0.10021666643044114,274537.99030035746,0.0018708251900380782,29.0
0.10021666643044114,320872.7186681552,0.0018708251900380782,37.0
0.20794507538821705,7.275957614183426e-12,-0.0005152043843247394,0.0
0.20794507538821705,234.04140038858895,-0.0005152043843247394,180.0
0.20794507538821705,474.95864288126177,-0.0005152043843247394,140.0
0.20794507538821705,769.6677909017017,-0.0005152043843247394,159.0
0.20794507538821705,1128.3453892204197,-0.0004211458957011013,132.0
0.20794507538821705,1543.7907900810314,-0.0004211458957011013,83.0
0.20794507538821705,1975.1969890976034,-0.0004211458957011013,99.0
0.20794507538821705,2515.501800248203,-0.0004211458957011013,80.0
0.20794507538821705,3000.1998378501885,0.00032505031693738434,162.0
0.20794507538821705,3990.6327675699868,0.00032505031693738434,146.0
0.20794507538821705,4775.948516162629,0.000334194237772972,111.0
0.20794507538821705,5604.75992395731,0.000334194237772972,154.0
0.20794507538821705,6673.110353604381,0.000334194237772972,106.0
0.20794507538821705,7484.778023567196,0.0005126861573167553,350.0
0.20794507538821705,8524.964644320688,0.0005126861573167553,62.0
0.20794507538821705,9484.076494982022,0.0005126861573167553,60.0
0.20794507538821705,12978.985530772647,0.0005126861573167553,142.0
0.20794507538821705,15553.375390703339,0.0005126861573167553,193.0
0.20794507538821705,18279.281360753674,0.0005126861573167553,220.0
0.20794507538821705,22871.846037835305,0.0005126861573167553,149.0
0.20794507538821705,25647.14059691455,0.0005126861573167553,55.0
0.20794507538821705,36671.60510852793,0.001568574614496041,216.0
0.20794507538821705,46845.420632828514,0.0018708251900380782,45.0
0.20794507538821705,70607.73077972204,0.0018708251900380782,97.0
0.20794507538821705,108268.44093943582,0.0018708251900380782,119.0
0.20794507538821705,159874.9776715541,0.0018708251900380782,85.0
0.20794507538821705,193356.25643192156,0.0018708251900380782,248.0
0.20794507538821705,227534.66063029977,0.0018708251900380782,125.0
0.20794507538821705,274537.99030035746,0.0018708251900380782,117.0
0.20794507538821705,320872.7186681552,0.0018708251900380782,78.0
0.3669432579268701,7.275957614183426e-12,-0.0005152043843247394,0.0
0.3669432579268701,234.04140038858895,-0.0005152043843247394,181.0
0.3669432579268701,474.95864288126177,-0.0005152043843247394,138.0
0.3669432579268701,769.6677909017017,-0.0005152043843247394,201.0
0.3669432579268701,1128.3453892204197,-0.0004211458957011013,125.0
0.3669432579268701,1543.7907900810314,-0.0004211458957011013,163.0
0.3669432579268701,1975.1969890976034,-0.0004211458957011013,136.0
0.3669432579268701,2515.501800248203,-0.0004211458957011013,111.0
0.3669432579268701,3000.1998378501885,0.00032505031693738434,134.0
0.3669432579268701,3990.6327675699868,0.00032505031693738434,134.0
0.3669432579268701,4775.948516162629,0.000334194237772972,148.0
0.3669432579268701,5604.75992395731,0.000334194237772972,95.0
0.3669432579268701,6673.110353604381,0.000334194237772972,157.0
0.3669432579268701,7484.778023567196,0.0005126861573167553,111.0
0.3669432579268701,8524.964644320688,0.0005126861573167553,108.0
0.3669432579268701,9484.076494982022,0.0005126861573167553,126.0
0.3669432579268701,12978.985530772647,0.0005126861573167553,132.0
0.3669432579268701,15553.375390703339,0.0005126861573167553,101.0
0.3669432579268701,18279.281360753674,0.0005126861573167553,213.0
0.3669432579268701,22871.846037835305,0.0005126861573167553,491.0
0.3669432579268701,25647.14059691455,0.0005126861573167553,99.0
0.3669432579268701,36671.60510852793,0.001568574614496041,218.0
0.3669432579268701,46845.420632828514,0.0018708251900380782,73.0
0.3669432579268701,70607.73077972204,0.0018708251900380782,61.0
0.3669432579268701,108268.44093943582,0.0018708251900380782,163.0
0.3669432579268701,159874.9776715541,0.0018708251900380782,100.0
0.3669432579268701,193356.25643192156,0.0018708251900380782,66.0
0.3669432579268701,227534.66063029977,0.0018708251900380782,40.0
0.3669432579268701,274537.99030035746,0.0018708251900380782,51.0
0.3669432579268701,320872.7186681552,0.0018708251900380782,49.0
0.4122962936980059,7.275957614183426e-12,-0.0005152043843247394,0.0
0.4122962936980059,234.04140038858895,-0.0005152043843247394,42.0
0.4122962936980059,474.95864288126177,-0.0005152043843247394,86.0
0.4122962936980059,769.6677909017017,-0.0005152043843247394,13.0
0.4122962936980059,1128.3453892204197,-0.0004211458957011013,142.0
0.4122962936980059,1543.7907900810314,-0.0004211458957011013,125.0
0.4122962936980059,1975.1969890976034,-0.0004211458957011013,101.0
0.4122962936980059,2515.501800248203,-0.0004211458957011013,103.0
0.4122962936980059,3000.1998378501885,0.00032505031693738434,121.0
0.4122962936980059,3990.6327675699868,0.00032505031693738434,74.0
0.4122962936980059,4775.948516162629,0.000334194237772972,165.0
0.4122962936980059,5604.75992395731,0.000334194237772972,199.0
0.4122962936980059,6673.110353604381,0.000334194237772972,54.0
0.4122962936980059,7484.778023567196,0.0005126861573167553,17.0
0.4122962936980059,8524.964644320688,0.0005126861573167553,44.0
0.4122962936980059,9484.076494982022,0.0005126861573167553,29.0
0.4122962936980059,12978.985530772647,0.0005126861573167553,144.0
0.4122962936980059,15553.375390703339,0.0005126861573167553,26.0
0.4122962936980059,18279.281360753674,0.0005126861573167553,64.0
0.4122962936980059,22871.846037835305,0.0005126861573167553,62.0
0.4122962936980059,25647.14059691455,0.0005126861573167553,30.0
0.4122962936980059,36671.60510852793,0.001568574614496041,66.0
0.4122962936980059,46845.420632828514,0.0018708251900380782,192.0
0.4122962936980059,70607.73077972204,0.0018708251900380782,269.0
0.4122962936980059,108268.44093943582,0.0018708251900380782,285.0
0.4122962936980059,159874.9776715541,0.0018708251900380782,294.0
0.4122962936980059,193356.25643192156,0.0018708251900380782,23.0
0.4122962936980059,227534.66063029977,0.0018708251900380782,607.0
0.4122962936980059,274537.99030035746,0.0018708251900380782,379.0
0.4122962936980059,320872.7186681552,0.0018708251900380782,323.0
0.5286883784566214,7.275957614183426e-12,-0.0005152043843247394,0.0
0.5286883784566214,234.04140038858895,-0.0005152043843247394,101.0
0.5286883784566214,474.95864288126177,-0.0005152043843247394,112.0
0.5286883784566214,769.6677909017017,-0.0005152043843247394,95.0
0.5286883784566214,1128.3453892204197,-0.0004211458957011013,98.0
0.5286883784566214,1543.7907900810314,-0.0004211458957011013,80.0
0.5286883784566214,1975.1969890976034,-0.0004211458957011013,205.0
0.5286883784566214,2515.501800248203,-0.0004211458957011013,89.0
0.5286883784566214,3000.1998378501885,0.00032505031693738434,80.0
0.5286883784566214,3990.6327675699868,0.00032505031693738434,111.0
0.5286883784566214,4775.948516162629,0.000334194237772972,122.0
0.5286883784566214,5604.75992395731,0.000334194237772972,183.0
0.5286883784566214,6673.110353604381,0.000334194237772972,247.0
0.5286883784566214,7484.778023567196,0.0005126861573167553,293.0
0.5286883784566214,8524.964644320688,0.0005126861573167553,203.0
0.5286883784566214,9484.076494982022,0.0005126861573167553,182.0
0.5286883784566214,12978.985530772647,0.0005126861573167553,139.0
0.5286883784566214,15553.375390703339,0.0005126861573167553,190.0
0.5286883784566214,18279.281360753674,0.0005126861573167553,73.0
0.5286883784566214,22871.846037835305,0.0005126861573167553,106.0
0.5286883784566214,25647.14059691455,0.0005126861573167553,92.0
0.5286883784566214,36671.60510852793,0.001568574614496041,148.0
0.5286883784566214,46845.420632828514,0.0018708251900380782,46.0
0.5286883784566214,70607.73077972204,0.0018708251900380782,86.0
0.5286883784566214,108268.44093943582,0.0018708251900380782,83.0
0.5286883784566214,159874.9776715541,0.0018708251900380782,113.0
0.5286883784566214,193356.25643192156,0.0018708251900380782,209.0
0.5286883784566214,227534.66063029977,0.0018708251900380782,27.0
0.5286883784566214,274537.99030035746,0.0018708251900380782,54.0
0.5286883784566214,320872.7186681552,0.0018708251900380782,369.0
0.726190284519113,7.275957614183426e-12,-0.0005152043843247394,0.0
0.726190284519113,234.04140038858895,-0.0005152043843247394,132.0
0.726190284519113,474.95864288126177,-0.0005152043843247394,157.0
0.726190284519113,769.6677909017017,-0.0005152043843247394,156.0
0.726190284519113,1128.3453892204197,-0.0004211458957011013,148.0
0.726190284519113,1543.7907900810314,-0.0004211458957011013,123.0
0.726190284519113,1975.1969890976034,-0.0004211458957011013,180.0
0.726190284519113,2515.501800248203,-0.0004211458957011013,168.0
0.726190284519113,3000.1998378501885,0.00032505031693738434,133.0
0.726190284519113,3990.6327675699868,0.00032505031693738434,248.0
0.726190284519113,4775.948516162629,0.000334194237772972,129.0
0.726190284519113,5604.75992395731,0.000334194237772972,101.0
0.726190284519113,6673.110353604381,0.000334194237772972,116.0
0.726190284519113,7484.778023567196,0.0005126861573167553,89.0
0.726190284519113,8524.964644320688,0.0005126861573167553,276.0
0.726190284519113,9484.076494982022,0.0005126861573167553,148.0
0.726190284519113,12978.985530772647,0.0005126861573167553,195.0
0.726190284519113,15553.375390703339,0.0005126861573167553,80.0
0.726190284519113,18279.281360753674,0.0005126861573167553,116.0
0.726190284519113,22871.846037835305,0.0005126861573167553,130.0
0.726190284519113,25647.14059691455,0.0005126861573167553,104.0
0.726190284519113,36671.60510852793,0.001568574614496041,184.0
0.726190284519113,46845.420632828514,0.0018708251900380782,193.0
0.726190284519113,70607.73077972204,0.0018708251900380782,166.0
0.726190284519113,108268.44093943582,0.0018708251900380782,101.0
0.726190284519113,159874.9776715541,0.0018708251900380782,77.0
0.726190284519113,193356.25643192156,0.0018708251900380782,27.0
0.726190284519113,227534.66063029977,0.0018708251900380782,22.0
0.726190284519113,274537.99030035746,0.0018708251900380782,41.0
0.726190284519113,320872.7186681552,0.0018708251900380782,66.0
0.83610309539106,7.275957614183426e-12,-0.0005152043843247394,0.0
0.83610309539106,234.04140038858895,-0.0005152043843247394,99.0
0.83610309539106,474.95864288126177,-0.0005152043843247394,94.0
0.83610309539106,769.6677909017017,-0.0005152043843247394,173.0
0.83610309539106,1128.3453892204197,-0.0004211458957011013,134.0
0.83610309539106,1543.7907900810314,-0.0004211458957011013,126.0
0.83610309539106,1975.1969890976034,-0.0004211458957011013,123.0
0.83610309539106,2515.501800248203,-0.0004211458957011013,308.0
0.83610309539106,3000.1998378501885,0.00032505031693738434,111.0
0.83610309539106,3990.6327675699868,0.00032505031693738434,157.0
0.83610309539106,4775.948516162629,0.000334194237772972,153.0
0.83610309539106,5604.75992395731,0.000334194237772972,144.0
0.83610309539106,6673.110353604381,0.000334194237772972,120.0
0.83610309539106,7484.778023567196,0.0005126861573167553,121.0
0.83610309539106,8524.964644320688,0.0005126861573167553,48.0
0.83610309539106,9484.076494982022,0.0005126861573167553,116.0
0.83610309539106,12978.985530772647,0.0005126861573167553,119.0
0.83610309539106,15553.375390703339,0.0005126861573167553,134.0
0.83610309539106,18279.281360753674,0.0005126861573167553,249.0
0.83610309539106,22871.846037835305,0.0005126861573167553,87.0
0.83610309539106,25647.14059691455,0.0005126861573167553,64.0
0.83610309539106,36671.60510852793,0.001568574614496041,55.0
0.83610309539106,46845.420632828514,0.0018708251900380782,592.0
0.83610309539106,70607.73077972204,0.0018708251900380782,116.0
0.83610309539106,108268.44093943582,0.0018708251900380782,72.0
0.83610309539106,159874.9776715541,0.0018708251900380782,36.0
0.83610309539106,193356.25643192156,0.0018708251900380782,264.0
0.83610309539106,227534.66063029977,0.0018708251900380782,4.0
0.83610309539106,274537.99030035746,0.0018708251900380782,19.0
0.83610309539106,320872.7186681552,0.0018708251900380782,87.0
1.0408991457266978,7.275957614183426e-12,-0.0005152043843247394,0.0
1.0408991457266978,234.04140038858895,-0.0005152043843247394,93.0
1.0408991457266978,474.95864288126177,-0.0005152043843247394,99.0
1.0408991457266978,769.6677909017017,-0.0005152043843247394,138.0
1.0408991457266978,1128.3453892204197,-0.0004211458957011013,118.0
1.0408991457266978,1543.7907900810314,-0.0004211458957011013,168.0
1.0408991457266978,1975.1969890976034,-0.0004211458957011013,123.0
1.0408991457266978,2515.501800248203,-0.0004211458957011013,112.0
1.0408991457266978,3000.1998378501885,0.00032505031693738434,121.0
1.0408991457266978,3990.6327675699868,0.00032505031693738434,118.0
1.0408991457266978,4775.948516162629,0.000334194237772972,138.0
1.0408991457266978,5604.75992395731,0.000334194237772972,105.0
1.0408991457266978,6673.110353604381,0.000334194237772972,117.0
1.0408991457266978,7484.778023567196,0.0005126861573167553,211.0
1.0408991457266978,8524.964644320688,0.0005126861573167553,134.0
1.0408991457266978,9484.076494982022,0.0005126861573167553,93.0
1.0408991457266978,12978.985530772647,0.0005126861573167553,177.0
1.0408991457266978,15553.375390703339,0.0005126861573167553,85.0
1.0408991457266978,18279.281360753674,0.0005126861573167553,62.0
1.0408991457266978,22871.846037835305,0.0005126861573167553,122.0
1.0408991457266978,25647.14059691455,0.0005126861573167553,283.0
1.0408991457266978,36671.60510852793,0.001568574614496041,175.0
1.0408991457266978,46845.420632828514,0.0018708251900380782,82.0
1.0408991457266978,70607.73077972204,0.0018708251900380782,44.0
1.0408991457266978,108268.44093943582,0.0018708251900380782,66.0
1.0408991457266978,159874.9776715541,0.0018708251900380782,362.0
1.0408991457266978,193356.25643192156,0.0018708251900380782,111.0
1.0408991457266978,227534.66063029977,0.0018708251900380782,66.0
1.0408991457266978,274537.99030035746,0.0018708251900380782,49.0
1.0408991457266978,320872.7186681552,0.0018708251900380782,30.0
1.3857551586939323,7.275957614183426e-12,-0.0005152043843247394,0.0
1.3857551586939323,234.04140038858895,-0.0005152043843247394,75.0
1.3857551586939323,474.95864288126177,-0.0005152043843247394,143.0
1.3857551586939323,769.6677909017017,-0.0005152043843247394,119.0
1.3857551586939323,1128.3453892204197,-0.0004211458957011013,187.0
1.3857551586939323,1543.7907900810314,-0.0004211458957011013,129.0
1.3857551586939323,1975.1969890976034,-0.0004211458957011013,144.0
1.3857551586939323,2515.501800248203,-0.0004211458957011013,142.0
1.3857551586939323,3000.1998378501885,0.00032505031693738434,97.0
1.3857551586939323,3990.6327675699868,0.00032505031693738434,173.0
1.3857551586939323,4775.948516162629,0.000334194237772972,116.0
1.3857551586939323,5604.75992395731,0.000334194237772972,183.0
1.3857551586939323,6673.110353604381,0.000334194237772972,147.0
1.3857551586939323,7484.778023567196,0.0005126861573167553,112.0
1.3857551586939323,8524.964644320688,0.0005126861573167553,133.0
1.3857551586939323,9484.076494982022,0.0005126861573167553,121.0
1.3857551586939323,12978.985530772647,0.0005126861573167553,175.0
1.3857551586939323,15553.375390703339,0.0005126861573167553,100.0
1.3857551586939323,18279.281360753674,0.0005126861573167553,115.0
1.3857551586939323,22871.846037835305,0.0005126861573167553,137.0
1.3857551586939323,25647.14059691455,0.0005126861573167553,78.0
1.3857551586939323,36671.60510852793,0.001568574614496041,208.0
1.3857551586939323,46845.420632828514,0.0018708251900380782,90.0
1.3857551586939323,70607.73077972204,0.0018708251900380782,118.0
1.3857551586939323,108268.44093943582,0.0018708251900380782,87.0
1.3857551586939323,159874.9776715541,0.0018708251900380782,110.0
1.3857551586939323,193356.25643192156,0.0018708251900380782,117.0
1.3857551586939323,227534.66063029977,0.0018708251900380782,44.0
1.3857551586939323,274537.99030035746,0.0018708251900380782,59.0
1.3857551586939323,320872.7186681552,0.0018708251900380782,114.0
2.003508144528162,7.275957614183426e-12,-0.0005152043843247394,0.0
2.003508144528162,234.04140038858895,-0.0005152043843247394,126.0
2.003508144528162,474.95864288126177,-0.0005152043843247394,194.0
2.003508144528162,769.6677909017017,-0.0005152043843247394,148.0
2.003508144528162,1128.3453892204197,-0.0004211458957011013,153.0
2.003508144528162,1543.7907900810314,-0.0004211458957011013,142.0
2.003508144528162,1975.1969890976034,-0.0004211458957011013,167.0
2.003508144528162,2515.501800248203,-0.0004211458957011013,121.0
2.003508144528162,3000.1998378501885,0.00032505031693738434,155.0
2.003508144528162,3990.6327675699868,0.00032505031693738434,100.0
2.003508144528162,4775.948516162629,0.000334194237772972,164.0
2.003508144528162,5604.75992395731,0.000334194237772972,103.0
2.003508144528162,6673.110353604381,0.000334194237772972,150.0
2.003508144528162,7484.778023567196,0.0005126861573167553,117.0
2.003508144528162,8524.964644320688,0.0005126861573167553,119.0
2.003508144528162,9484.076494982022,0.0005126861573167553,133.0
2.003508144528162,12978.985530772647,0.0005126861573167553,180.0
2.003508144528162,15553.375390703339,0.0005126861573167553,72.0
2.003508144528162,18279.281360753674,0.0005126861573167553,100.0
2.003508144528162,22871.846037835305,0.0005126861573167553,132.0
2.003508144528162,25647.14059691455,0.0005126861573167553,137.0
2.003508144528162,36671.60510852793,0.001568574614496041,216.0
2.003508144528162,46845.420632828514,0.0018708251900380782,91.0
2.003508144528162,70607.73077972204,0.0018708251900380782,79.0
2.003508144528162,108268.44093943582,0.0018708251900380782,137.0
2.003508144528162,159874.9776715541,0.0018708251900380782,117.0
2.003508144528162,193356.25643192156,0.0018708251900380782,86.0
2.003508144528162,227534.66063029977,0.0018708251900380782,99.0
2.003508144528162,274537.99030035746,0.0018708251900380782,75.0
2.003508144528162,320872.7186681552,0.0018708251900380782,147.0
2.4624537416719434,7.275957614183426e-12,-0.0005152043843247394,0.0
2.4624537416719434,234.04140038858895,-0.0005152043843247394,131.0
2.4624537416719434,474.95864288126177,-0.0005152043843247394,130.0
2.4624537416719434,769.6677909017017,-0.0005152043843247394,121.0
2.4624537416719434,1128.3453892204197,-0.0004211458957011013,124.0
2.4624537416719434,1543.7907900810314,-0.0004211458957011013,124.0
2.4624537416719434,1975.1969890976034,-0.0004211458957011013,150.0
2.4624537416719434,2515.501800248203,-0.0004211458957011013,152.0
2.4624537416719434,3000.1998378501885,0.00032505031693738434,106.0
2.4624537416719434,3990.6327675699868,0.00032505031693738434,116.0
2.4624537416719434,4775.948516162629,0.000334194237772972,159.0
2.4624537416719434,5604.75992395731,0.000334194237772972,114.0
2.4624537416719434,6673.110353604381,0.000334194237772972,183.0
2.4624537416719434,7484.778023567196,0.0005126861573167553,115.0
2.4624537416719434,8524.964644320688,0.0005126861573167553,99.0
2.4624537416719434,9484.076494982022,0.0005126861573167553,91.0
2.4624537416719434,12978.985530772647,0.0005126861573167553,181.0
2.4624537416719434,15553.375390703339,0.0005126861573167553,106.0
2.4624537416719434,18279.281360753674,0.0005126861573167553,75.0
2.4624537416719434,22871.846037835305,0.0005126861573167553,142.0
2.4624537416719434,25647.14059691455,0.0005126861573167553,147.0
2.4624537416719434,36671.60510852793,0.001568574614496041,177.0
2.4624537416719434,46845.420632828514,0.0018708251900380782,108.0
2.4624537416719434,70607.73077972204,0.0018708251900380782,126.0
2.4624537416719434,108268.44093943582,0.0018708251900380782,140.0
2.4624537416719434,159874.9776715541,0.0018708251900380782,183.0
2.4624537416719434,193356.25643192156,0.0018708251900380782,66.0
2.4624537416719434,227534.66063029977,0.0018708251900380782,54.0
2.4624537416719434,274537.99030035746,0.0018708251900380782,112.0
2.4624537416719434,320872.7186681552,0.0018708251900380782,141.0
3.388219567918128,7.275957614183426e-12,-0.0005152043843247394,0.0
3.388219567918128,234.04140038858895,-0.0005152043843247394,84.0
3.388219567918128,474.95864288126177,-0.0005152043843247394,98.0
3.388219567918128,769.6677909017017,-0.0005152043843247394,89.0
3.388219567918128,1128.3453892204197,-0.0004211458957011013,99.0
3.388219567918128,1543.7907900810314,-0.0004211458957011013,80.0
3.388219567918128,1975.1969890976034,-0.0004211458957011013,111.0
3.388219567918128,2515.501800248203,-0.0004211458957011013,133.0
3.388219567918128,3000.1998378501885,0.00032505031693738434,42.0
3.388219567918128,3990.6327675699868,0.00032505031693738434,108.0
3.388219567918128,4775.948516162629,0.000334194237772972,126.0
3.388219567918128,5604.75992395731,0.000334194237772972,114.0
3.388219567918128,6673.110353604381,0.000334194237772972,133.0
3.388219567918128,7484.778023567196,0.0005126861573167553,89.0
3.388219567918128,8524.964644320688,0.0005126861573167553,59.0
3.388219567918128,9484.076494982022,0.0005126861573167553,51.0
3.388219567918128,12978.985530772647,0.0005126861573167553,191.0
3.388219567918128,15553.375390703339,0.0005126861573167553,141.0
3.388219567918128,18279.281360753674,0.0005126861573167553,102.0
3.388219567918128,22871.846037835305,0.0005126861573167553,170.0
3.388219567918128,25647.14059691455,0.0005126861573167553,113.0
3.388219567918128,36671.60510852793,0.001568574614496041,280.0
3.388219567918128,46845.420632828514,0.0018708251900380782,100.0
3.388219567918128,70607.73077972204,0.0018708251900380782,91.0
3.388219567918128,108268.44093943582,0.0018708251900380782,151.0
3.388219567918128,159874.9776715541,0.0018708251900380782,245.0
3.388219567918128,193356.25643192156,0.0018708251900380782,105.0
3.388219567918128,227534.66063029977,0.0018708251900380782,160.0
3.388219567918128,274537.99030035746,0.0018708251900380782,224.0
3.388219567918128,320872.7186681552,0.0018708251900380782,182.0
4.552101810752077,7.275957614183426e-12,-0.0005152043843247394,0.0
4.552101810752077,234.04140038858895,-0.0005152043843247394,74.0
4.552101810752077,474.95864288126177,-0.0005152043843247394,96.0
4.552101810752077,769.6677909017017,-0.0005152043843247394,100.0
4.552101810752077,1128.3453892204197,-0.0004211458957011013,66.0
4.552101810752077,1543.7907900810314,-0.0004211458957011013,87.0
4.552101810752077,1975.1969890976034,-0.0004211458957011013,65.0
4.552101810752077,2515.501800248203,-0.0004211458957011013,61.0
4.552101810752077,3000.1998378501885,0.00032505031693738434,61.0
4.552101810752077,3990.6327675699868,0.00032505031693738434,123.0
4.552101810752077,4775.948516162629,0.000334194237772972,119.0
4.552101810752077,5604.75992395731,0.000334194237772972,111.0
4.552101810752077,6673.110353604381,0.000334194237772972,119.0
4.552101810752077,7484.778023567196,0.0005126861573167553,72.0
4.552101810752077,8524.964644320688,0.0005126861573167553,80.0
4.552101810752077,9484.076494982022,0.0005126861573167553,90.0
4.552101810752077,12978.985530772647,0.0005126861573167553,174.0
4.552101810752077,15553.375390703339,0.0005126861573167553,93.0
4.552101810752077,18279.281360753674,0.0005126861573167553,173.0
4.552101810752077,22871.846037835305,0.0005126861573167553,218.0
4.552101810752077,25647.14059691455,0.0005126861573167553,159.0
4.552101810752077,36671.60510852793,0.001568574614496041,151.0
4.552101810752077,46845.420632828514,0.0018708251900380782,139.0
4.552101810752077,70607.73077972204,0.0018708251900380782,141.0
4.552101810752077,108268.44093943582,0.0018708251900380782,162.0
4.552101810752077,159874.9776715541,0.0018708251900380782,230.0
4.552101810752077,193356.25643192156,0.0018708251900380782,129.0
4.552101810752077,227534.66063029977,0.0018708251900380782,144.0
4.552101810752077,274537.99030035746,0.0018708251900380782,113.0
4.552101810752077,320872.7186681552,0.0018708251900380782,329.0
5.810162562651481,7.275957614183426e-12,-0.0005152043843247394,0.0
5.810162562651481,234.04140038858895,-0.0005152043843247394,66.0
5.810162562651481,474.95864288126177,-0.0005152043843247394,95.0
5.810162562651481,769.6677909017017,-0.0005152043843247394,71.0
5.810162562651481,1128.3453892204197,-0.0004211458957011013,66.0
5.810162562651481,1543.7907900810314,-0.0004211458957011013,61.0
5.810162562651481,1975.1969890976034,-0.0004211458957011013,52.0
5.810162562651481,2515.501800248203,-0.0004211458957011013,62.0
5.810162562651481,3000.1998378501885,0.00032505031693738434,62.0
5.810162562651481,3990.6327675699868,0.00032505031693738434,114.0
5.810162562651481,4775.948516162629,0.000334194237772972,83.0
5.810162562651481,5604.75992395731,0.000334194237772972,94.0
5.810162562651481,6673.110353604381,0.000334194237772972,91.0
5.810162562651481,7484.778023567196,0.0005126861573167553,40.0
5.810162562651481,8524.964644320688,0.0005126861573167553,60.0
5.810162562651481,9484.076494982022,0.0005126861573167553,54.0
5.810162562651481,12978.985530772647,0.0005126861573167553,111.0
5.810162562651481,15553.375390703339,0.0005126861573167553,113.0
5.810162562651481,18279.281360753674,0.0005126861573167553,164.0
5.810162562651481,22871.846037835305,0.0005126861573167553,140.0
5.810162562651481,25647.14059691455,0.0005126861573167553,105.0
5.810162562651481,36671.60510852793,0.001568574614496041,172.0
5.810162562651481,46845.420632828514,0.0018708251900380782,144.0
5.810162562651481,70607.73077972204,0.0018708251900380782,163.0
5.810162562651481,108268.44093943582,0.0018708251900380782,121.0
5.810162562651481,159874.9776715541,0.0018708251900380782,361.0
5.810162562651481,193356.25643192156,0.0018708251900380782,243.0
5.810162562651481,227534.66063029977,0.0018708251900380782,118.0
5.810162562651481,274537.99030035746,0.0018708251900380782,120.0
5.810162562651481,320872.7186681552,0.0018708251900380782,591.0
7.192244602939692,7.275957614183426e-12,-0.0005152043843247394,0.0
7.192244602939692,234.04140038858895,-0.0005152043843247394,60.0
7.192244602939692,474.95864288126177,-0.0005152043843247394,81.0
7.192244602939692,769.6677909017017,-0.0005152043843247394,83.0
7.192244602939692,1128.3453892204197,-0.0004211458957011013,89.0
7.192244602939692,1543.7907900810314,-0.0004211458957011013,56.0
7.192244602939692,1975.1969890976034,-0.0004211458957011013,53.0
7.192244602939692,2515.501800248203,-0.0004211458957011013,75.0
7.192244602939692,3000.1998378501885,0.00032505031693738434,63.0
7.192244602939692,3990.6327675699868,0.00032505031693738434,139.0
7.192244602939692,4775.948516162629,0.000334194237772972,85.0
7.192244602939692,5604.75992395731,0.000334194237772972,85.0
7.192244602939692,6673.110353604381,0.000334194237772972,99.0
7.192244602939692,7484.778023567196,0.0005126861573167553,52.0
7.192244602939692,8524.964644320688,0.0005126861573167553,35.0
7.192244602939692,9484.076494982022,0.0005126861573167553,88.0
7.192244602939692,12978.985530772647,0.0005126861573167553,143.0
7.192244602939692,15553.375390703339,0.0005126861573167553,91.0
7.192244602939692,18279.281360753674,0.0005126861573167553,116.0
7.192244602939692,22871.846037835305,0.0005126861573167553,139.0
7.192244602939692,25647.14059691455,0.0005126861573167553,91.0
7.192244602939692,36671.60510852793,0.001568574614496041,109.0
7.192244602939692,46845.420632828514,0.0018708251900380782,126.0
7.192244602939692,70607.73077972204,0.0018708251900380782,153.0
7.192244602939692,108268.44093943582,0.0018708251900380782,122.0
7.192244602939692,159874.9776715541,0.0018708251900380782,316.0
7.192244602939692,193356.25643192156,0.0018708251900380782,230.0
7.192244602939692,227534.66063029977,0.0018708251900380782,283.0
7.192244602939692,274537.99030035746,0.0018708251900380782,200.0
7.192244602939692,320872.7186681552,0.0018708251900380782,185.0
8.99238853572016,7.275957614183426e-12,-0.0005152043843247394,0.0
8.99238853572016,234.04140038858895,-0.0005152043843247394,68.0
8.99238853572016,474.95864288126177,-0.0005152043843247394,103.0
8.99238853572016,769.6677909017017,-0.0005152043843247394,73.0
8.99238853572016,1128.3453892204197,-0.0004211458957011013,59.0
8.99238853572016,1543.7907900810314,-0.0004211458957011013,89.0
8.99238853572016,1975.1969890976034,-0.0004211458957011013,69.0
8.99238853572016,2515.501800248203,-0.0004211458957011013,69.0
8.99238853572016,3000.1998378501885,0.00032505031693738434,79.0
8.99238853572016,3990.6327675699868,0.00032505031693738434,139.0
8.99238853572016,4775.948516162629,0.000334194237772972,78.0
8.99238853572016,5604.75992395731,0.000334194237772972,62.0
8.99238853572016,6673.110353604381,0.000334194237772972,96.0
8.99238853572016,7484.778023567196,0.0005126861573167553,52.0
8.99238853572016,8524.964644320688,0.0005126861573167553,66.0
8.99238853572016,9484.076494982022,0.0005126861573167553,87.0
8.99238853572016,12978.985530772647,0.0005126861573167553,100.0
8.99238853572016,15553.375390703339,0.0005126861573167553,112.0
8.99238853572016,18279.281360753674,0.0005126861573167553,109.0
8.99238853572016,22871.846037835305,0.0005126861573167553,111.0
8.99238853572016,25647.14059691455,0.0005126861573167553,63.0
8.99238853572016,36671.60510852793,0.001568574614496041,118.0
8.99238853572016,46845.420632828514,0.0018708251900380782,115.0
8.99238853572016,70607.73077972204,0.0018708251900380782,208.0
8.99238853572016,108268.44093943582,0.0018708251900380782,210.0
8.99238853572016,159874.9776715541,0.0018708251900380782,189.0
8.99238853572016,193356.25643192156,0.0018708251900380782,204.0
8.99238853572016,227534.66063029977,0.0018708251900380782,719.0
8.99238853572016,274537.99030035746,0.0018708251900380782,314.0
8.99238853572016,320872.7186681552,0.0018708251900380782,102.0
11.198685691323341,7.275957614183426e-12,-0.0005152043843247394,0.0
11.198685691323341,234.04140038858895,-0.0005152043843247394,71.0
11.198685691323341,474.95864288126177,-0.0005152043843247394,108.0
11.198685691323341,769.6677909017017,-0.0005152043843247394,107.0
11.198685691323341,1128.3453892204197,-0.0004211458957011013,108.0
11.198685691323341,1543.7907900810314,-0.0004211458957011013,122.0
11.198685691323341,1975.1969890976034,-0.0004211458957011013,126.0
11.198685691323341,2515.501800248203,-0.0004211458957011013,110.0
11.198685691323341,3000.1998378501885,0.00032505031693738434,115.0
11.198685691323341,3990.6327675699868,0.00032505031693738434,118.0
11.198685691323341,4775.948516162629,0.000334194237772972,119.0
11.198685691323341,5604.75992395731,0.000334194237772972,42.0
11.198685691323341,6673.110353604381,0.000334194237772972,100.0
11.198685691323341,7484.778023567196,0.0005126861573167553,50.0
11.198685691323341,8524.964644320688,0.0005126861573167553,85.0
11.198685691323341,9484.076494982022,0.0005126861573167553,79.0
11.198685691323341,12978.985530772647,0.0005126861573167553,157.0
11.198685691323341,15553.375390703339,0.0005126861573167553,134.0
11.198685691323341,18279.281360753674,0.0005126861573167553,197.0
11.198685691323341,22871.846037835305,0.0005126861573167553,101.0
11.198685691323341,25647.14059691455,0.0005126861573167553,126.0
11.198685691323341,36671.60510852793,0.001568574614496041,109.0
11.198685691323341,46845.420632828514,0.0018708251900380782,170.0
11.198685691323341,70607.73077972204,0.0018708251900380782,280.0
11.198685691323341,108268.44093943582,0.0018708251900380782,270.0
11.198685691323341,159874.9776715541,0.0018708251900380782,137.0
11.198685691323341,193356.25643192156,0.0018708251900380782,364.0
11.198685691323341,227534.66063029977,0.0018708251900380782,120.0
11.198685691323341,274537.99030035746,0.0018708251900380782,105.0
11.198685691323341,320872.7186681552,0.0018708251900380782,87.0
13.957881048052673,7.275957614183426e-12,-0.0005152043843247394,0.0
13.957881048052673,234.04140038858895,-0.0005152043843247394,181.0
13.957881048052673,474.95864288126177,-0.0005152043843247394,117.0
13.957881048052673,769.6677909017017,-0.0005152043843247394,181.0
13.957881048052673,1128.3453892204197,-0.0007135605016915603,121.0
13.957881048052673,1543.7907900810314,-0.0007135605016915603,128.0
13.957881048052673,1975.1969890976034,-0.0007135605016915603,86.0
13.957881048052673,2515.501800248203,-0.0007135605016915603,124.0
13.957881048052673,3000.1998378501885,-0.0021402766241127736,83.0
13.957881048052673,3990.6327675699868,-0.0021402766241127736,137.0
13.957881048052673,4775.948516162629,-0.002131132703277186,110.0
13.957881048052673,5604.75992395731,-0.002131132703277186,79.0
13.957881048052673,6673.110353604381,-0.002131132703277186,97.0
13.957881048052673,7484.778023567196,-0.0019526407837334022,55.0
13.957881048052673,8524.964644320688,-0.0019526407837334022,105.0
13.957881048052673,9484.076494982022,-0.0019526407837334022,68.0
13.957881048052673,12978.985530772647,-0.0019526407837334022,125.0
13.957881048052673,15553.375390703339,-0.0019526407837334022,76.0
13.957881048052673,18279.281360753674,-0.0019526407837334022,110.0
13.957881048052673,22871.846037835305,-0.0019526407837334022,104.0
13.957881048052673,25647.14059691455,-0.0019526407837334022,119.0
13.957881048052673,36671.60510852793,-0.0008967523265541169,169.0
13.957881048052673,46845.420632828514,-0.0005945017510120802,270.0
13.957881048052673,70607.73077972204,-0.0005945017510120802,212.0
13.957881048052673,108268.44093943582,-0.0005945017510120802,247.0
13.957881048052673,159874.9776715541,-0.0005945017510120802,259.0
13.957881048052673,193356.25643192156,-0.0005945017510120802,126.0
13.957881048052673,227534.66063029977,-0.0005945017510120802,99.0
13.957881048052673,274537.99030035746,-0.0005945017510120802,121.0
13.957881048052673,320872.7186681552,-0.0005945017510120802,113.0
17.51337352977212,7.275957614183426e-12,-0.0002447656726323606,0.0
17.51337352977212,234.04140038858895,-0.0002447656726323606,174.0
17.51337352977212,474.95864288126177,-0.0002447656726323606,143.0
17.51337352977212,769.6677909017017,-0.0002447656726323606,130.0
17.51337352977212,1128.3453892204197,-0.0004431217899991817,188.0
17.51337352977212,1543.7907900810314,-0.0004431217899991817,108.0
17.51337352977212,1975.1969890976034,-0.0004431217899991817,164.0
17.51337352977212,2515.501800248203,-0.0004431217899991817,135.0
17.51337352977212,3000.1998378501885,-0.001869837912420395,169.0
17.51337352977212,3990.6327675699868,-0.001869837912420395,119.0
17.51337352977212,4775.948516162629,-0.0018606939915848074,78.0
17.51337352977212,5604.75992395731,-0.0018606939915848074,120.0
17.51337352977212,6673.110353604381,-0.0018606939915848074,68.0
17.51337352977212,7484.778023567196,-0.0019526407837334022,47.0
17.51337352977212,8524.964644320688,-0.0019526407837334022,94.0
17.51337352977212,9484.076494982022,-0.0019526407837334022,135.0
17.51337352977212,12978.985530772647,-0.0019526407837334022,129.0
17.51337352977212,15553.375390703339,-0.0019526407837334022,84.0
17.51337352977212,18279.281360753674,-0.0019526407837334022,90.0
17.51337352977212,22871.846037835305,-0.0019526407837334022,117.0
17.51337352977212,25647.14059691455,-0.0019526407837334022,146.0
17.51337352977212,36671.60510852793,-0.0008967523265541169,169.0
17.51337352977212,46845.420632828514,-0.0005945017510120802,721.0
17.51337352977212,70607.73077972204,-0.0005945017510120802,128.0
17.51337352977212,108268.44093943582,-0.0005945017510120802,97.0
17.51337352977212,159874.9776715541,-0.0005945017510120802,53.0
17.51337352977212,193356.25643192156,-0.0005945017510120802,70.0
17.51337352977212,227534.66063029977,-0.0005945017510120802,61.0
17.51337352977212,274537.99030035746,-0.0005945017510120802,61.0
17.51337352977212,320872.7186681552,-0.0005945017510120802,54.0
22.17508689310261,7.275957614183426e-12,-0.0002292065175193523,0.0
22.17508689310261,234.04140038858895,-0.0002292065175193523,167.0
22.17508689310261,474.95864288126177,-0.0002292065175193523,162.0
22.17508689310261,769.6677909017017,-0.0002292065175193523,144.0
22.17508689310261,1128.3453892204197,-0.00042756263488617335,128.0
22.17508689310261,1543.7907900810314,-0.00042756263488617335,121.0
22.17508689310261,1975.1969890976034,-0.00042756263488617335,205.0
22.17508689310261,2515.501800248203,-0.00042756263488617335,99.0
22.17508689310261,3000.1998378501885,-0.0018542787573073865,991.0
22.17508689310261,3990.6327675699868,-0.0018542787573073865,114.0
22.17508689310261,4775.948516162629,-0.0018542787573073865,130.0
22.17508689310261,5604.75992395731,-0.0018542787573073865,81.0
22.17508689310261,6673.110353604381,-0.0018542787573073865,90.0
22.17508689310261,7484.778023567196,-0.0024251663008717883,100.0
22.17508689310261,8524.964644320688,-0.0024251663008717883,100.0
22.17508689310261,9484.076494982022,-0.0024251663008717883,122.0
22.17508689310261,12978.985530772647,-0.0024251663008717883,97.0
22.17508689310261,15553.375390703339,-0.0024251663008717883,83.0
22.17508689310261,18279.281360753674,-0.0024251663008717883,105.0
22.17508689310261,22871.846037835305,-0.0024251663008717883,103.0
22.17508689310261,25647.14059691455,-0.0024251663008717883,45.0
22.17508689310261,36671.60510852793,-0.0013692778436925025,63.0
22.17508689310261,46845.420632828514,-0.0010670272681504657,245.0
22.17508689310261,70607.73077972204,-0.0010670272681504657,84.0
22.17508689310261,108268.44093943582,-0.0010670272681504657,76.0
22.17508689310261,159874.9776715541,-0.0010670272681504657,48.0
22.17508689310261,193356.25643192156,-0.0010670272681504657,39.0
22.17508689310261,227534.66063029977,-0.0010670272681504657,58.0
22.17508689310261,274537.99030035746,-0.0010670272681504657,35.0
22.17508689310261,320872.7186681552,-0.0010670272681504657,51.0
30.61539388886368,7.275957614183426e-12,-0.0002292065175193523,0.0
30.61539388886368,234.04140038858895,-0.0002292065175193523,215.0
30.61539388886368,474.95864288126177,-0.0002292065175193523,162.0
30.61539388886368,769.6677909017017,-0.0002292065175193523,159.0
30.61539388886368,1128.3453892204197,-0.00042756263488617335,188.0
30.61539388886368,1543.7907900810314,-0.00042756263488617335,131.0
30.61539388886368,1975.1969890976034,-0.00042756263488617335,203.0
30.61539388886368,2515.501800248203,-0.00042756263488617335,147.0
30.61539388886368,3000.1998378501885,-0.0018542787573073865,173.0
30.61539388886368,3990.6327675699868,-0.0018542787573073865,138.0
30.61539388886368,4775.948516162629,-0.0018542787573073865,144.0
30.61539388886368,5604.75992395731,-0.0018542787573073865,225.0
30.61539388886368,6673.110353604381,-0.0018542787573073865,171.0
30.61539388886368,7484.778023567196,-0.0024251663008717883,112.0
30.61539388886368,8524.964644320688,-0.0024251663008717883,126.0
30.61539388886368,9484.076494982022,-0.0024251663008717883,139.0
30.61539388886368,12978.985530772647,-0.0024251663008717883,229.0
30.61539388886368,15553.375390703339,-0.0024251663008717883,98.0
30.61539388886368,18279.281360753674,-0.0024251663008717883,276.0
30.61539388886368,22871.846037835305,-0.0024251663008717883,102.0
30.61539388886368,25647.14059691455,-0.0024251663008717883,100.0
30.61539388886368,36671.60510852793,-0.0013692778436925025,70.0
30.61539388886368,46845.420632828514,-0.0010670272681504657,64.0
30.61539388886368,70607.73077972204,-0.0010670272681504657,73.0
30.61539388886368,108268.44093943582,-0.0010670272681504657,63.0
30.61539388886368,159874.9776715541,-0.0010670272681504657,58.0
30.61539388886368,193356.25643192156,-0.0010670272681504657,53.0
30.61539388886368,227534.66063029977,-0.0010670272681504657,112.0
30.61539388886368,274537.99030035746,-0.0010670272681504657,100.0
30.61539388886368,320872.7186681552,-0.0010670272681504657,51.0
47.01351947134773,7.275957614183426e-12,-0.0002292065175193523,0.0
47.01351947134773,234.04140038858895,-0.0002292065175193523,258.0
47.01351947134773,474.95864288126177,-0.0002292065175193523,229.0
47.01351947134773,769.6677909017017,-0.0002292065175193523,225.0
47.01351947134773,1128.3453892204197,-0.00042756263488617335,191.0
47.01351947134773,1543.7907900810314,-0.00042756263488617335,224.0
47.01351947134773,1975.1969890976034,-0.00042756263488617335,209.0
47.01351947134773,2515.501800248203,-0.00042756263488617335,187.0
47.01351947134773,3000.1998378501885,-0.0018542787573073865,158.0
47.01351947134773,3990.6327675699868,-0.0018542787573073865,263.0
47.01351947134773,4775.948516162629,-0.0018542787573073865,124.0
47.01351947134773,5604.75992395731,-0.0018542787573073865,135.0
47.01351947134773,6673.110353604381,-0.0018542787573073865,138.0
47.01351947134773,7484.778023567196,-0.0024251663008717883,125.0
47.01351947134773,8524.964644320688,-0.0024251663008717883,232.0
47.01351947134773,9484.076494982022,-0.0024251663008717883,105.0
47.01351947134773,12978.985530772647,-0.0024251663008717883,104.0
47.01351947134773,15553.375390703339,-0.0024251663008717883,76.0
47.01351947134773,18279.281360753674,-0.0024251663008717883,90.0
47.01351947134773,22871.846037835305,-0.0024251663008717883,78.0
47.01351947134773,25647.14059691455,-0.0024251663008717883,102.0
47.01351947134773,36671.60510852793,-0.0013692778436925025,107.0
47.01351947134773,46845.420632828514,-0.0010670272681504657,71.0
47.01351947134773,70607.73077972204,-0.0010670272681504657,79.0
47.01351947134773,108268.44093943582,-0.0010670272681504657,80.0
47.01351947134773,159874.9776715541,-0.0010670272681504657,58.0
47.01351947134773,193356.25643192156,-0.0010670272681504657,59.0
47.01351947134773,227534.66063029977,-0.0010670272681504657,55.0
47.01351947134773,274537.99030035746,-0.0010670272681504657,88.0
47.01351947134773,320872.7186681552,-0.0010670272681504657,67.0
69.63170942129759,7.275957614183426e-12,-0.0002292065175193523,0.0
69.63170942129759,234.04140038858895,-0.0002292065175193523,239.0
69.63170942129759,474.95864288126177,-0.0002292065175193523,164.0
69.63170942129759,769.6677909017017,-0.0002292065175193523,296.0
69.63170942129759,1128.3453892204197,-0.00042756263488617335,145.0
69.63170942129759,1543.7907900810314,-0.00042756263488617335,130.0
69.63170942129759,1975.1969890976034,-0.00042756263488617335,130.0
69.63170942129759,2515.501800248203,-0.00042756263488617335,98.0
69.63170942129759,3000.1998378501885,-0.0018542787573073865,182.0
69.63170942129759,3990.6327675699868,-0.0018542787573073865,117.0
69.63170942129759,4775.948516162629,-0.0018542787573073865,102.0
69.63170942129759,5604.75992395731,-0.0018542787573073865,268.0
69.63170942129759,6673.110353604381,-0.0018542787573073865,116.0
69.63170942129759,7484.778023567196,-0.0024251663008717883,272.0
69.63170942129759,8524.964644320688,-0.0024251663008717883,64.0
69.63170942129759,9484.076494982022,-0.0024251663008717883,45.0
69.63170942129759,12978.985530772647,-0.0024251663008717883,65.0
69.63170942129759,15553.375390703339,-0.0024251663008717883,111.0
69.63170942129759,18279.281360753674,-0.0024251663008717883,116.0
69.63170942129759,22871.846037835305,-0.0024251663008717883,95.0
69.63170942129759,25647.14059691455,-0.0024251663008717883,319.0
69.63170942129759,36671.60510852793,-0.0013692778436925025,94.0
69.63170942129759,46845.420632828514,-0.0010670272681504657,94.0
69.63170942129759,70607.73077972204,-0.0010670272681504657,72.0
69.63170942129759,108268.44093943582,-0.0010670272681504657,66.0
69.63170942129759,159874.9776715541,-0.0010670272681504657,82.0
69.63170942129759,193356.25643192156,-0.0010670272681504657,73.0
69.63170942129759,227534.66063029977,-0.0010670272681504657,65.0
69.63170942129759,274537.99030035746,-0.0010670272681504657,117.0
69.63170942129759,320872.7186681552,-0.0010670272681504657,126.0
110.52588068622552,7.275957614183426e-12,-0.0002292065175193523,0.0
110.52588068622552,234.04140038858895,-0.0002292065175193523,197.0
110.52588068622552,474.95864288126177,-0.0002292065175193523,218.0
110.52588068622552,769.6677909017017,-0.0002292065175193523,136.0
110.52588068622552,1128.3453892204197,-0.00042756263488617335,145.0
110.52588068622552,1543.7907900810314,-0.00042756263488617335,181.0
110.52588068622552,1975.1969890976034,-0.00042756263488617335,145.0
110.52588068622552,2515.501800248203,-0.00042756263488617335,184.0
110.52588068622552,3000.1998378501885,-0.0018542787573073865,196.0
110.52588068622552,3990.6327675699868,-0.0018542787573073865,115.0
110.52588068622552,4775.948516162629,-0.0018542787573073865,144.0
110.52588068622552,5604.75992395731,-0.0018542787573073865,125.0
110.52588068622552,6673.110353604381,-0.0018542787573073865,74.0
110.52588068622552,7484.778023567196,-0.0024251663008717883,117.0
110.52588068622552,8524.964644320688,-0.0024251663008717883,146.0
110.52588068622552,9484.076494982022,-0.0024251663008717883,85.0
110.52588068622552,12978.985530772647,-0.0024251663008717883,107.0
110.52588068622552,15553.375390703339,-0.0024251663008717883,252.0
110.52588068622552,18279.281360753674,-0.0024251663008717883,144.0
110.52588068622552,22871.846037835305,-0.0024251663008717883,81.0
110.52588068622552,25647.14059691455,-0.0024251663008717883,212.0
110.52588068622552,36671.60510852793,-0.0013692778436925025,118.0
110.52588068622552,46845.420632828514,-0.0010670272681504657,68.0
110.52588068622552,70607.73077972204,-0.0010670272681504657,137.0
110.52588068622552,108268.44093943582,-0.0010670272681504657,86.0
110.52588068622552,159874.9776715541,-0.0010670272681504657,93.0
110.52588068622552,193356.25643192156,-0.0010670272681504657,122.0
110.52588068622552,227534.66063029977,-0.0010670272681504657,88.0
110.52588068622552,274537.99030035746,-0.0010670272681504657,79.0
110.52588068622552,320872.7186681552,-0.0010670272681504657,142.0
173.62631663103446,7.275957614183426e-12,-0.0002292065175193523,0.0
173.62631663103446,234.04140038858895,-0.0002292065175193523,233.0
173.62631663103446,474.95864288126177,-0.0002292065175193523,111.0
173.62631663103446,769.6677909017017,-0.0002292065175193523,142.0
173.62631663103446,1128.3453892204197,-0.00042756263488617335,185.0
173.62631663103446,1543.7907900810314,-0.00042756263488617335,219.0
173.62631663103446,1975.1969890976034,-0.00042756263488617335,106.0
173.62631663103446,2515.501800248203,-0.00042756263488617335,114.0
173.62631663103446,3000.1998378501885,-0.0018542787573073865,182.0
173.62631663103446,3990.6327675699868,-0.0018542787573073865,189.0
173.62631663103446,4775.948516162629,-0.0018542787573073865,162.0
173.62631663103446,5604.75992395731,-0.0018542787573073865,125.0
173.62631663103446,6673.110353604381,-0.0018542787573073865,133.0
173.62631663103446,7484.778023567196,-0.0024251663008717883,130.0
173.62631663103446,8524.964644320688,-0.0024251663008717883,142.0
173.62631663103446,9484.076494982022,-0.0024251663008717883,172.0
173.62631663103446,12978.985530772647,-0.0024251663008717883,103.0
173.62631663103446,15553.375390703339,-0.0024251663008717883,118.0
173.62631663103446,18279.281360753674,-0.0024251663008717883,171.0
173.62631663103446,22871.846037835305,-0.0024251663008717883,93.0
173.62631663103446,25647.14059691455,-0.0024251663008717883,142.0
173.62631663103446,36671.60510852793,-0.0013692778436925025,125.0
173.62631663103446,46845.420632828514,-0.0010670272681504657,71.0
173.62631663103446,70607.73077972204,-0.0010670272681504657,87.0
173.62631663103446,108268.44093943582,-0.0010670272681504657,75.0
173.62631663103446,159874.9776715541,-0.0010670272681504657,88.0
173.62631663103446,193356.25643192156,-0.0010670272681504657,135.0
173.62631663103446,227534.66063029977,-0.0010670272681504657,83.0
173.62631663103446,274537.99030035746,-0.0010670272681504657,129.0
173.62631663103446,320872.7186681552,-0.0010670272681504657,131.0
244.4664703114241,7.275957614183426e-12,-0.0002292065175193523,0.0
244.4664703114241,234.04140038858895,-0.0002292065175193523,150.0
244.4664703114241,474.95864288126177,-0.0002292065175193523,170.0
244.4664703114241,769.6677909017017,-0.0002292065175193523,184.0
244.4664703114241,1128.3453892204197,-0.00042756263488617335,166.0
244.4664703114241,1543.7907900810314,-0.00042756263488617335,142.0
244.4664703114241,1975.1969890976034,-0.00042756263488617335,108.0
244.4664703114241,2515.501800248203,-0.00042756263488617335,185.0
244.4664703114241,3000.1998378501885,-0.0018542787573073865,136.0
244.4664703114241,3990.6327675699868,-0.0018542787573073865,54.0
244.4664703114241,4775.948516162629,-0.0018542787573073865,112.0
244.4664703114241,5604.75992395731,-0.0018542787573073865,95.0
244.4664703114241,6673.110353604381,-0.0018542787573073865,241.0
244.4664703114241,7484.778023567196,-0.0024251663008717883,232.0
244.4664703114241,8524.964644320688,-0.0024251663008717883,289.0
244.4664703114241,9484.076494982022,-0.0024251663008717883,173.0
244.4664703114241,12978.985530772647,-0.0024251663008717883,83.0
244.4664703114241,15553.375390703339,-0.0024251663008717883,154.0
244.4664703114241,18279.281360753674,-0.0024251663008717883,221.0
244.4664703114241,22871.846037835305,-0.0024251663008717883,73.0
244.4664703114241,25647.14059691455,-0.0024251663008717883,172.0
244.4664703114241,36671.60510852793,-0.0013692778436925025,102.0
244.4664703114241,46845.420632828514,-0.0010670272681504657,40.0
244.4664703114241,70607.73077972204,-0.0010670272681504657,97.0
244.4664703114241,108268.44093943582,-0.0010670272681504657,95.0
244.4664703114241,159874.9776715541,-0.0010670272681504657,77.0
244.4664703114241,193356.25643192156,-0.0010670272681504657,149.0
244.4664703114241,227534.66063029977,-0.0010670272681504657,49.0
244.4664703114241,274537.99030035746,-0.0010670272681504657,88.0
244.4664703114241,320872.7186681552,-0.0010670272681504657,93.0
341.9912837869846,7.275957614183426e-12,-0.0002292065175193523,0.0
341.9912837869846,234.04140038858895,-0.0002292065175193523,119.0
341.9912837869846,474.95864288126177,-0.0002292065175193523,158.0
341.9912837869846,769.6677909017017,-0.0002292065175193523,135.0
341.9912837869846,1128.3453892204197,-0.00042756263488617335,113.0
341.9912837869846,1543.7907900810314,-0.00042756263488617335,155.0
341.9912837869846,1975.1969890976034,-0.00042756263488617335,108.0
341.9912837869846,2515.501800248203,-0.00042756263488617335,221.0
341.9912837869846,3000.1998378501885,-0.0018542787573073865,110.0
341.9912837869846,3990.6327675699868,-0.0018542787573073865,86.0
341.9912837869846,4775.948516162629,-0.0018542787573073865,94.0
341.9912837869846,5604.75992395731,-0.0018542787573073865,104.0
341.9912837869846,6673.110353604381,-0.0018542787573073865,92.0
341.9912837869846,7484.778023567196,-0.0024251663008717883,157.0
341.9912837869846,8524.964644320688,-0.0024251663008717883,166.0
341.9912837869846,9484.076494982022,-0.0024251663008717883,197.0
341.9912837869846,12978.985530772647,-0.0024251663008717883,94.0
341.9912837869846,15553.375390703339,-0.0024251663008717883,172.0
341.9912837869846,18279.281360753674,-0.0024251663008717883,204.0
341.9912837869846,22871.846037835305,-0.0024251663008717883,170.0
341.9912837869846,25647.14059691455,-0.0024251663008717883,155.0
341.9912837869846,36671.60510852793,-0.0013692778436925025,66.0
341.9912837869846,46845.420632828514,-0.0010670272681504657,122.0
341.9912837869846,70607.73077972204,-0.0010670272681504657,153.0
341.9912837869846,108268.44093943582,-0.0010670272681504657,95.0
341.9912837869846,159874.9776715541,-0.0010670272681504657,95.0
341.9912837869846,193356.25643192156,-0.0010670272681504657,187.0
341.9912837869846,227534.66063029977,-0.0010670272681504657,105.0
341.9912837869846,274537.99030035746,-0.0010670272681504657,138.0
341.9912837869846,320872.7186681552,-0.0010670272681504657,123.0
411.18651201111686,7.275957614183426e-12,0.028367163410193512,0.0
411.18651201111686,234.04140038858895,0.028367163410193512,82.0
411.18651201111686,474.95864288126177,0.028367163410193512,83.0
411.18651201111686,769.6677909017017,0.028367163410193512,51.0
411.18651201111686,1128.3453892204197,0.02234061159410987,69.0
411.18651201111686,1543.7907900810314,0.02221653716413073,78.0
411.18651201111686,1975.1969890976034,0.021674640012886815,60.0
411.18651201111686,2515.501800248203,0.021674640012886815,74.0
411.18651201111686,3000.1998378501885,-0.002906162467109131,67.0
411.18651201111686,3990.6327675699868,-0.002906162467109131,53.0
411.18651201111686,4775.948516162629,-0.002906162467109131,154.0
411.18651201111686,5604.75992395731,-0.002906162467109131,38.0
411.18651201111686,6673.110353604381,-0.009789509891019836,95.0
411.18651201111686,7484.778023567196,-0.012671040293802822,123.0
411.18651201111686,8524.964644320688,-0.01393393877281301,269.0
411.18651201111686,9484.076494982022,-0.01393393877281301,414.0
411.18651201111686,12978.985530772647,-0.01393393877281301,77.0
411.18651201111686,15553.375390703339,-0.01393393877281301,98.0
411.18651201111686,18279.281360753674,-0.01393393877281301,303.0
411.18651201111686,22871.846037835305,-0.01393393877281301,66.0
411.18651201111686,25647.14059691455,-0.01393393877281301,196.0
411.18651201111686,36671.60510852793,-0.01393393877281301,81.0
411.18651201111686,46845.420632828514,-0.01393393877281301,92.0
411.18651201111686,70607.73077972204,-0.01393393877281301,189.0
411.18651201111686,108268.44093943582,-0.01393393877281301,92.0
411.18651201111686,159874.9776715541,-0.01393393877281301,100.0
411.18651201111686,193356.25643192156,-0.01393393877281301,351.0
411.18651201111686,227534.66063029977,-0.01393393877281301,127.0
411.18651201111686,274537.99030035746,-0.01393393877281301,178.0
411.18651201111686,320872.7186681552,-0.01393393877281301,131.0
