evenness_income_resi,length_density,f,freq
0.0,0.06969584335811163,0.0021550619305118848,0.0
0.0,1.4584289348207733,0.0021550619305118848,0.0
0.0,2.198701735667001,0.0021550619305118848,0.0
0.0,3.152970511198731,0.0021550619305118848,0.0
0.0,5.20057309971979,0.0021550619305118848,0.0
0.0,6.710663027538047,0.0021550619305118848,0.0
0.0,8.202361702674644,0.0021550619305118848,0.0
0.0,9.42989514683994,0.0021550619305118848,0.0
0.0,11.012293847189454,0.0021550619305118848,0.0
0.0,12.803126031422117,0.0021550619305118848,0.0
0.0,14.581931897274082,0.0021550619305118848,0.0
0.0,17.242231228703055,0.0021550619305118848,0.0
0.0,20.360863958561232,0.0021550619305118848,0.0
0.0,24.988378573438915,0.0021550619305118848,0.0
0.0,28.522709480396813,0.0013895403945530735,0.0
0.0,32.205416366895136,0.0013741342904754989,0.0
0.0,37.21359731061302,0.0013741342904754989,0.0
0.0,42.43474679730334,0.0013741342904754989,0.0
0.0,46.26175762678788,0.0013741342904754989,0.0
0.0,52.71471747871573,0.0013741342904754989,0.0
0.0,58.60248510840928,0.0013741342904754989,0.0
0.0,67.49407001202144,0.0013741342904754989,0.0
0.0,78.60246697144088,0.0013741342904754989,0.0
0.0,78.62286186652717,0.0013741342904754989,0.0
0.0,89.88576145045,0.0005017417682195701,0.0
0.0,109.30576734796568,-0.0007102288026591345,0.0
0.0,126.88876701911983,-0.0007102288026591345,0.0
0.0,164.40438301805628,-0.0007102288026591345,0.0
0.0,165.20625032848986,-0.0014351358324010998,0.0
0.0,212.03991178505507,-0.0014351358324010998,0.0
0.05932659932659934,0.06969584335811163,0.0021550619305118848,0.0
0.05932659932659934,1.4584289348207733,0.0021550619305118848,1054.0
0.05932659932659934,2.198701735667001,0.0021550619305118848,1119.0
0.05932659932659934,3.152970511198731,0.0021550619305118848,1413.0
0.05932659932659934,5.20057309971979,0.0021550619305118848,854.0
0.05932659932659934,6.710663027538047,0.0021550619305118848,674.0
0.05932659932659934,8.202361702674644,0.0021550619305118848,434.0
0.05932659932659934,9.42989514683994,0.0021550619305118848,1247.0
0.05932659932659934,11.012293847189454,0.0021550619305118848,528.0
0.05932659932659934,12.803126031422117,0.0021550619305118848,650.0
0.05932659932659934,14.581931897274082,0.0021550619305118848,912.0
0.05932659932659934,17.242231228703055,0.0021550619305118848,519.0
0.05932659932659934,20.360863958561232,0.0021550619305118848,880.0
0.05932659932659934,24.988378573438915,0.0021550619305118848,276.0
0.05932659932659934,28.522709480396813,0.0013895403945530735,2015.0
0.05932659932659934,32.205416366895136,0.0013741342904754989,541.0
0.05932659932659934,37.21359731061302,0.0013741342904754989,544.0
0.05932659932659934,42.43474679730334,0.0013741342904754989,355.0
0.05932659932659934,46.26175762678788,0.0013741342904754989,2317.0
0.05932659932659934,52.71471747871573,0.0013741342904754989,778.0
0.05932659932659934,58.60248510840928,0.0013741342904754989,1093.0
0.05932659932659934,67.49407001202144,0.0013741342904754989,1693.0
0.05932659932659934,78.60246697144088,0.0013741342904754989,1425.0
0.05932659932659934,78.62286186652717,0.0013741342904754989,0.0
0.05932659932659934,89.88576145045,0.0005017417682195701,602.0
0.05932659932659934,109.30576734796568,-0.0007102288026591345,5994.0
0.05932659932659934,126.88876701911983,-0.0007102288026591345,1067.0
0.05932659932659934,164.40438301805628,-0.0007102288026591345,1869.0
0.05932659932659934,165.20625032848986,-0.0014351358324010998,0.0
0.05932659932659934,212.03991178505507,-0.0014351358324010998,3886.0
0.07604301581694731,0.06969584335811163,0.0021550619305118848,0.0
0.07604301581694731,1.4584289348207733,0.0021550619305118848,833.0
0.07604301581694731,2.198701735667001,0.0021550619305118848,893.0
0.07604301581694731,3.152970511198731,0.0021550619305118848,1011.0
0.07604301581694731,5.20057309971979,0.0021550619305118848,347.0
0.07604301581694731,6.710663027538047,0.0021550619305118848,349.0
0.07604301581694731,8.202361702674644,0.0021550619305118848,780.0
0.07604301581694731,9.42989514683994,0.0021550619305118848,309.0
0.07604301581694731,11.012293847189454,0.0021550619305118848,133.0
0.07604301581694731,12.803126031422117,0.0021550619305118848,282.0
0.07604301581694731,14.581931897274082,0.0021550619305118848,959.0
0.07604301581694731,17.242231228703055,0.0021550619305118848,390.0
0.07604301581694731,20.360863958561232,0.0021550619305118848,660.0
0.07604301581694731,24.988378573438915,0.0021550619305118848,376.0
0.07604301581694731,28.522709480396813,0.0013895403945530735,303.0
0.07604301581694731,32.205416366895136,0.0013741342904754989,629.0
0.07604301581694731,37.21359731061302,0.0013741342904754989,1539.0
0.07604301581694731,42.43474679730334,0.0013741342904754989,272.0
0.07604301581694731,46.26175762678788,0.0013741342904754989,878.0
0.07604301581694731,52.71471747871573,0.0013741342904754989,626.0
0.07604301581694731,58.60248510840928,0.0013741342904754989,611.0
0.07604301581694731,67.49407001202144,0.0013741342904754989,685.0
0.07604301581694731,78.60246697144088,0.0013741342904754989,1108.0
0.07604301581694731,78.62286186652717,0.0013741342904754989,0.0
0.07604301581694731,89.88576145045,0.0005017417682195701,4441.0
0.07604301581694731,109.30576734796568,-0.0007102288026591345,2713.0
0.07604301581694731,126.88876701911983,-0.0007102288026591345,853.0
0.07604301581694731,164.40438301805628,-0.0007102288026591345,12356.0
0.07604301581694731,165.20625032848986,-0.0014351358324010998,0.0
0.07604301581694731,212.03991178505507,-0.0014351358324010998,1648.0
0.09212309228355439,0.06969584335811163,0.0021550619305118848,0.0
0.09212309228355439,1.4584289348207733,0.0021550619305118848,1324.0
0.09212309228355439,2.198701735667001,0.0021550619305118848,1675.0
0.09212309228355439,3.152970511198731,0.0021550619305118848,970.0
0.09212309228355439,5.20057309971979,0.0021550619305118848,1002.0
0.09212309228355439,6.710663027538047,0.0021550619305118848,796.0
0.09212309228355439,8.202361702674644,0.0021550619305118848,715.0
0.09212309228355439,9.42989514683994,0.0021550619305118848,697.0
0.09212309228355439,11.012293847189454,0.0021550619305118848,1109.0
0.09212309228355439,12.803126031422117,0.0021550619305118848,488.0
0.09212309228355439,14.581931897274082,0.0021550619305118848,1343.0
0.09212309228355439,17.242231228703055,0.0021550619305118848,859.0
0.09212309228355439,20.360863958561232,0.0021550619305118848,1473.0
0.09212309228355439,24.988378573438915,0.0021550619305118848,801.0
0.09212309228355439,28.522709480396813,0.0013895403945530735,1113.0
0.09212309228355439,32.205416366895136,0.0013741342904754989,1207.0
0.09212309228355439,37.21359731061302,0.0013741342904754989,1293.0
0.09212309228355439,42.43474679730334,0.0013741342904754989,410.0
0.09212309228355439,46.26175762678788,0.0013741342904754989,837.0
0.09212309228355439,52.71471747871573,0.0013741342904754989,916.0
0.09212309228355439,58.60248510840928,0.0013741342904754989,534.0
0.09212309228355439,67.49407001202144,0.0013741342904754989,975.0
0.09212309228355439,78.60246697144088,0.0013741342904754989,2948.0
0.09212309228355439,78.62286186652717,0.0013741342904754989,0.0
0.09212309228355439,89.88576145045,0.0005017417682195701,1160.0
0.09212309228355439,109.30576734796568,-0.0007102288026591345,1025.0
0.09212309228355439,126.88876701911983,-0.0007102288026591345,8440.0
0.09212309228355439,164.40438301805628,-0.0007102288026591345,1580.0
0.09212309228355439,165.20625032848986,-0.0014351358324010998,0.0
0.09212309228355439,212.03991178505507,-0.0014351358324010998,806.0
0.10410645472061658,0.06969584335811163,0.0021550619305118848,0.0
0.10410645472061658,1.4584289348207733,0.0021550619305118848,1018.0
0.10410645472061658,2.198701735667001,0.0021550619305118848,1268.0
0.10410645472061658,3.152970511198731,0.0021550619305118848,706.0
0.10410645472061658,5.20057309971979,0.0021550619305118848,773.0
0.10410645472061658,6.710663027538047,0.0021550619305118848,430.0
0.10410645472061658,8.202361702674644,0.0021550619305118848,709.0
0.10410645472061658,9.42989514683994,0.0021550619305118848,661.0
0.10410645472061658,11.012293847189454,0.0021550619305118848,698.0
0.10410645472061658,12.803126031422117,0.0021550619305118848,1173.0
0.10410645472061658,14.581931897274082,0.0021550619305118848,1130.0
0.10410645472061658,17.242231228703055,0.0021550619305118848,613.0
0.10410645472061658,20.360863958561232,0.0021550619305118848,540.0
0.10410645472061658,24.988378573438915,0.0021550619305118848,687.0
0.10410645472061658,28.522709480396813,0.0013895403945530735,531.0
0.10410645472061658,32.205416366895136,0.0013741342904754989,580.0
0.10410645472061658,37.21359731061302,0.0013741342904754989,800.0
0.10410645472061658,42.43474679730334,0.0013741342904754989,801.0
0.10410645472061658,46.26175762678788,0.0013741342904754989,2102.0
0.10410645472061658,52.71471747871573,0.0013741342904754989,770.0
0.10410645472061658,58.60248510840928,0.0013741342904754989,470.0
0.10410645472061658,67.49407001202144,0.0013741342904754989,2109.0
0.10410645472061658,78.60246697144088,0.0013741342904754989,3054.0
0.10410645472061658,78.62286186652717,0.0013741342904754989,0.0
0.10410645472061658,89.88576145045,0.0005017417682195701,1730.0
0.10410645472061658,109.30576734796568,-0.0007102288026591345,3334.0
0.10410645472061658,126.88876701911983,-0.0007102288026591345,3040.0
0.10410645472061658,164.40438301805628,-0.0007102288026591345,3457.0
0.10410645472061658,165.20625032848986,-0.0014351358324010998,0.0
0.10410645472061658,212.03991178505507,-0.0014351358324010998,3401.0
0.11594202898550726,0.06969584335811163,0.0021550619305118848,4.0
0.11594202898550726,1.4584289348207733,0.0021550619305118848,880.0
0.11594202898550726,2.198701735667001,0.0021550619305118848,651.0
0.11594202898550726,3.152970511198731,0.0021550619305118848,631.0
0.11594202898550726,5.20057309971979,0.0021550619305118848,1887.0
0.11594202898550726,6.710663027538047,0.0021550619305118848,734.0
0.11594202898550726,8.202361702674644,0.0021550619305118848,803.0
0.11594202898550726,9.42989514683994,0.0021550619305118848,506.0
0.11594202898550726,11.012293847189454,0.0021550619305118848,652.0
0.11594202898550726,12.803126031422117,0.0021550619305118848,579.0
0.11594202898550726,14.581931897274082,0.0021550619305118848,892.0
0.11594202898550726,17.242231228703055,0.0021550619305118848,446.0
0.11594202898550726,20.360863958561232,0.0021550619305118848,674.0
0.11594202898550726,24.988378573438915,0.0021550619305118848,665.0
0.11594202898550726,28.522709480396813,0.0013895403945530735,765.0
0.11594202898550726,32.205416366895136,0.0013741342904754989,5567.0
0.11594202898550726,37.21359731061302,0.0013741342904754989,447.0
0.11594202898550726,42.43474679730334,0.0013741342904754989,538.0
0.11594202898550726,46.26175762678788,0.0013741342904754989,255.0
0.11594202898550726,52.71471747871573,0.0013741342904754989,502.0
0.11594202898550726,58.60248510840928,0.0013741342904754989,839.0
0.11594202898550726,67.49407001202144,0.0013741342904754989,1301.0
0.11594202898550726,78.60246697144088,0.0013741342904754989,2364.0
0.11594202898550726,78.62286186652717,0.0013741342904754989,0.0
0.11594202898550726,89.88576145045,0.0005017417682195701,1305.0
0.11594202898550726,109.30576734796568,-0.0007102288026591345,1453.0
0.11594202898550726,126.88876701911983,-0.0007102288026591345,568.0
0.11594202898550726,164.40438301805628,-0.0007102288026591345,4283.0
0.11594202898550726,165.20625032848986,-0.0014351358324010998,0.0
0.11594202898550726,212.03991178505507,-0.0014351358324010998,667.0
0.13235161424214534,0.06969584335811163,0.0021550619305118848,0.0
0.13235161424214534,1.4584289348207733,0.0021550619305118848,1131.0
0.13235161424214534,2.198701735667001,0.0021550619305118848,830.0
0.13235161424214534,3.152970511198731,0.0021550619305118848,652.0
0.13235161424214534,5.20057309971979,0.0021550619305118848,802.0
0.13235161424214534,6.710663027538047,0.0021550619305118848,859.0
0.13235161424214534,8.202361702674644,0.0021550619305118848,1126.0
0.13235161424214534,9.42989514683994,0.0021550619305118848,715.0
0.13235161424214534,11.012293847189454,0.0021550619305118848,1345.0
0.13235161424214534,12.803126031422117,0.0021550619305118848,825.0
0.13235161424214534,14.581931897274082,0.0021550619305118848,2020.0
0.13235161424214534,17.242231228703055,0.0021550619305118848,1709.0
0.13235161424214534,20.360863958561232,0.0021550619305118848,1866.0
0.13235161424214534,24.988378573438915,0.0021550619305118848,1190.0
0.13235161424214534,28.522709480396813,0.0013895403945530735,1687.0
0.13235161424214534,32.205416366895136,0.0013741342904754989,1903.0
0.13235161424214534,37.21359731061302,0.0013741342904754989,2684.0
0.13235161424214534,42.43474679730334,0.0013741342904754989,902.0
0.13235161424214534,46.26175762678788,0.0013741342904754989,2641.0
0.13235161424214534,52.71471747871573,0.0013741342904754989,950.0
0.13235161424214534,58.60248510840928,0.0013741342904754989,613.0
0.13235161424214534,67.49407001202144,0.0013741342904754989,2246.0
0.13235161424214534,78.60246697144088,0.0013741342904754989,1692.0
0.13235161424214534,78.62286186652717,0.0013741342904754989,0.0
0.13235161424214534,89.88576145045,0.0005017417682195701,1098.0
0.13235161424214534,109.30576734796568,-0.0007102288026591345,1454.0
0.13235161424214534,126.88876701911983,-0.0007102288026591345,1417.0
0.13235161424214534,164.40438301805628,-0.0007102288026591345,1187.0
0.13235161424214534,165.20625032848986,-0.0014351358324010998,0.0
0.13235161424214534,212.03991178505507,-0.0014351358324010998,837.0
0.14603174603174604,0.06969584335811163,0.0021550619305118848,7.0
0.14603174603174604,1.4584289348207733,0.0021550619305118848,1267.0
0.14603174603174604,2.198701735667001,0.0021550619305118848,1478.0
0.14603174603174604,3.152970511198731,0.0021550619305118848,1418.0
0.14603174603174604,5.20057309971979,0.0021550619305118848,1355.0
0.14603174603174604,6.710663027538047,0.0021550619305118848,1639.0
0.14603174603174604,8.202361702674644,0.0021550619305118848,1326.0
0.14603174603174604,9.42989514683994,0.0021550619305118848,1669.0
0.14603174603174604,11.012293847189454,0.0021550619305118848,1325.0
0.14603174603174604,12.803126031422117,0.0021550619305118848,2058.0
0.14603174603174604,14.581931897274082,0.0021550619305118848,708.0
0.14603174603174604,17.242231228703055,0.0021550619305118848,3396.0
0.14603174603174604,20.360863958561232,0.0021550619305118848,969.0
0.14603174603174604,24.988378573438915,0.0021550619305118848,2356.0
0.14603174603174604,28.522709480396813,0.0013895403945530735,1552.0
0.14603174603174604,32.205416366895136,0.0013741342904754989,849.0
0.14603174603174604,37.21359731061302,0.0013741342904754989,1704.0
0.14603174603174604,42.43474679730334,0.0013741342904754989,755.0
0.14603174603174604,46.26175762678788,0.0013741342904754989,619.0
0.14603174603174604,52.71471747871573,0.0013741342904754989,987.0
0.14603174603174604,58.60248510840928,0.0013741342904754989,768.0
0.14603174603174604,67.49407001202144,0.0013741342904754989,1089.0
0.14603174603174604,78.60246697144088,0.0013741342904754989,1608.0
0.14603174603174604,78.62286186652717,0.0013741342904754989,0.0
0.14603174603174604,89.88576145045,0.0005017417682195701,1059.0
0.14603174603174604,109.30576734796568,-0.0007102288026591345,914.0
0.14603174603174604,126.88876701911983,-0.0007102288026591345,938.0
0.14603174603174604,164.40438301805628,-0.0007102288026591345,1308.0
0.14603174603174604,165.20625032848986,-0.0014351358324010998,0.0
0.14603174603174604,212.03991178505507,-0.0014351358324010998,1063.0
0.15599024343584103,0.06969584335811163,0.00039856861832791456,0.0
0.15599024343584103,1.4584289348207733,0.00039856861832791456,844.0
0.15599024343584103,2.198701735667001,0.00039856861832791456,507.0
0.15599024343584103,3.152970511198731,0.00039856861832791456,808.0
0.15599024343584103,5.20057309971979,0.00039856861832791456,1050.0
0.15599024343584103,6.710663027538047,0.00039856861832791456,1224.0
0.15599024343584103,8.202361702674644,0.00039856861832791456,746.0
0.15599024343584103,9.42989514683994,0.00039856861832791456,2049.0
0.15599024343584103,11.012293847189454,0.00039856861832791456,1155.0
0.15599024343584103,12.803126031422117,0.00039856861832791456,524.0
0.15599024343584103,14.581931897274082,0.00039856861832791456,1134.0
0.15599024343584103,17.242231228703055,0.00039856861832791456,652.0
0.15599024343584103,20.360863958561232,0.00039856861832791456,3716.0
0.15599024343584103,24.988378573438915,0.00039856861832791456,1287.0
0.15599024343584103,28.522709480396813,-0.0003669529176308967,528.0
0.15599024343584103,32.205416366895136,-0.0003823590217084712,654.0
0.15599024343584103,37.21359731061302,-0.0003823590217084712,581.0
0.15599024343584103,42.43474679730334,-0.0003823590217084712,446.0
0.15599024343584103,46.26175762678788,-0.0003823590217084712,1465.0
0.15599024343584103,52.71471747871573,-0.0003823590217084712,2197.0
0.15599024343584103,58.60248510840928,-0.0003823590217084712,453.0
0.15599024343584103,67.49407001202144,-0.0003823590217084712,1088.0
0.15599024343584103,78.60246697144088,-0.0003823590217084712,3151.0
0.15599024343584103,78.62286186652717,-0.0003823590217084712,0.0
0.15599024343584103,89.88576145045,-0.0005790594538369574,1749.0
0.15599024343584103,109.30576734796568,-0.0007102288026591345,844.0
0.15599024343584103,126.88876701911983,-0.0007102288026591345,850.0
0.15599024343584103,164.40438301805628,-0.0007102288026591345,565.0
0.15599024343584103,165.20625032848986,-0.0014351358324010998,0.0
0.15599024343584103,212.03991178505507,-0.0014351358324010998,6285.0
0.16677044416770442,0.06969584335811163,-0.0009154299130718538,0.0
0.16677044416770442,1.4584289348207733,-0.0009154299130718538,900.0
0.16677044416770442,2.198701735667001,-0.0009154299130718538,1001.0
0.16677044416770442,3.152970511198731,-0.0009154299130718538,959.0
0.16677044416770442,5.20057309971979,-0.0009154299130718538,900.0
0.16677044416770442,6.710663027538047,-0.0009154299130718538,1006.0
0.16677044416770442,8.202361702674644,-0.0009154299130718538,993.0
0.16677044416770442,9.42989514683994,-0.0009154299130718538,2953.0
0.16677044416770442,11.012293847189454,-0.0009154299130718538,828.0
0.16677044416770442,12.803126031422117,-0.0009154299130718538,1294.0
0.16677044416770442,14.581931897274082,-0.0009154299130718538,3111.0
0.16677044416770442,17.242231228703055,-0.0009154299130718538,2958.0
0.16677044416770442,20.360863958561232,-0.0009154299130718538,1654.0
0.16677044416770442,24.988378573438915,-0.0009154299130718538,857.0
0.16677044416770442,28.522709480396813,-0.0006675199332564474,1934.0
0.16677044416770442,32.205416366895136,-0.0006829260373340219,689.0
0.16677044416770442,37.21359731061302,-0.0006829260373340219,563.0
0.16677044416770442,42.43474679730334,-0.0006829260373340219,566.0
0.16677044416770442,46.26175762678788,-0.0006829260373340219,725.0
0.16677044416770442,52.71471747871573,-0.0006829260373340219,2539.0
0.16677044416770442,58.60248510840928,-0.0006829260373340219,4477.0
0.16677044416770442,67.49407001202144,-0.0006829260373340219,731.0
0.16677044416770442,78.60246697144088,-0.0006829260373340219,880.0
0.16677044416770442,78.62286186652717,-0.0006829260373340219,0.0
0.16677044416770442,89.88576145045,-0.0005790594538369574,810.0
0.16677044416770442,109.30576734796568,-0.0007102288026591345,945.0
0.16677044416770442,126.88876701911983,-0.0007102288026591345,965.0
0.16677044416770442,164.40438301805628,-0.0007102288026591345,696.0
0.16677044416770442,165.20625032848986,-0.0014351358324010998,0.0
0.16677044416770442,212.03991178505507,-0.0014351358324010998,779.0
0.18181818181818182,0.06969584335811163,-0.0009154299130718538,0.0
0.18181818181818182,1.4584289348207733,-0.0009154299130718538,893.0
0.18181818181818182,2.198701735667001,-0.0009154299130718538,941.0
0.18181818181818182,3.152970511198731,-0.0009154299130718538,804.0
0.18181818181818182,5.20057309971979,-0.0009154299130718538,1774.0
0.18181818181818182,6.710663027538047,-0.0009154299130718538,1005.0
0.18181818181818182,8.202361702674644,-0.0009154299130718538,1659.0
0.18181818181818182,9.42989514683994,-0.0009154299130718538,1154.0
0.18181818181818182,11.012293847189454,-0.0009154299130718538,1062.0
0.18181818181818182,12.803126031422117,-0.0009154299130718538,786.0
0.18181818181818182,14.581931897274082,-0.0009154299130718538,2403.0
0.18181818181818182,17.242231228703055,-0.0009154299130718538,914.0
0.18181818181818182,20.360863958561232,-0.0009154299130718538,1470.0
0.18181818181818182,24.988378573438915,-0.0009154299130718538,2966.0
0.18181818181818182,28.522709480396813,-0.0006675199332564474,971.0
0.18181818181818182,32.205416366895136,-0.0006829260373340219,1089.0
0.18181818181818182,37.21359731061302,-0.0006829260373340219,634.0
0.18181818181818182,42.43474679730334,-0.0006829260373340219,865.0
0.18181818181818182,46.26175762678788,-0.0006829260373340219,866.0
0.18181818181818182,52.71471747871573,-0.0006829260373340219,816.0
0.18181818181818182,58.60248510840928,-0.0006829260373340219,583.0
0.18181818181818182,67.49407001202144,-0.0006829260373340219,2522.0
0.18181818181818182,78.60246697144088,-0.0006829260373340219,2271.0
0.18181818181818182,78.62286186652717,-0.0006829260373340219,0.0
0.18181818181818182,89.88576145045,-0.0005790594538369574,3645.0
0.18181818181818182,109.30576734796568,-0.0007102288026591345,1507.0
0.18181818181818182,126.88876701911983,-0.0007102288026591345,824.0
0.18181818181818182,164.40438301805628,-0.0007102288026591345,1402.0
0.18181818181818182,165.20625032848986,-0.0014351358324010998,0.0
0.18181818181818182,212.03991178505507,-0.0014351358324010998,729.0
0.19748784789435198,0.06969584335811163,-0.0009154299130718538,4.0
0.19748784789435198,1.4584289348207733,-0.0009154299130718538,851.0
0.19748784789435198,2.198701735667001,-0.0009154299130718538,963.0
0.19748784789435198,3.152970511198731,-0.0009154299130718538,707.0
0.19748784789435198,5.20057309971979,-0.0009154299130718538,1045.0
0.19748784789435198,6.710663027538047,-0.0009154299130718538,988.0
0.19748784789435198,8.202361702674644,-0.0009154299130718538,1396.0
0.19748784789435198,9.42989514683994,-0.0009154299130718538,1098.0
0.19748784789435198,11.012293847189454,-0.0009154299130718538,1339.0
0.19748784789435198,12.803126031422117,-0.0009154299130718538,1659.0
0.19748784789435198,14.581931897274082,-0.0009154299130718538,1742.0
0.19748784789435198,17.242231228703055,-0.0009154299130718538,963.0
0.19748784789435198,20.360863958561232,-0.0009154299130718538,1853.0
0.19748784789435198,24.988378573438915,-0.0009154299130718538,1704.0
0.19748784789435198,28.522709480396813,-0.0006675199332564474,1143.0
0.19748784789435198,32.205416366895136,-0.0006829260373340219,926.0
0.19748784789435198,37.21359731061302,-0.0006829260373340219,1118.0
0.19748784789435198,42.43474679730334,-0.0006829260373340219,764.0
0.19748784789435198,46.26175762678788,-0.0006829260373340219,1356.0
0.19748784789435198,52.71471747871573,-0.0006829260373340219,790.0
0.19748784789435198,58.60248510840928,-0.0006829260373340219,1482.0
0.19748784789435198,67.49407001202144,-0.0006829260373340219,1320.0
0.19748784789435198,78.60246697144088,-0.0006829260373340219,2976.0
0.19748784789435198,78.62286186652717,-0.0006829260373340219,0.0
0.19748784789435198,89.88576145045,-0.0005790594538369574,1141.0
0.19748784789435198,109.30576734796568,-0.0007102288026591345,3000.0
0.19748784789435198,126.88876701911983,-0.0007102288026591345,885.0
0.19748784789435198,164.40438301805628,-0.0007102288026591345,1511.0
0.19748784789435198,165.20625032848986,-0.0014351358324010998,0.0
0.19748784789435198,212.03991178505507,-0.0014351358324010998,780.0
0.21276595744680848,0.06969584335811163,-0.0009154299130718538,0.0
0.21276595744680848,1.4584289348207733,-0.0009154299130718538,1079.0
0.21276595744680848,2.198701735667001,-0.0009154299130718538,970.0
0.21276595744680848,3.152970511198731,-0.0009154299130718538,1045.0
0.21276595744680848,5.20057309971979,-0.0009154299130718538,1641.0
0.21276595744680848,6.710663027538047,-0.0009154299130718538,2046.0
0.21276595744680848,8.202361702674644,-0.0009154299130718538,1599.0
0.21276595744680848,9.42989514683994,-0.0009154299130718538,1212.0
0.21276595744680848,11.012293847189454,-0.0009154299130718538,1662.0
0.21276595744680848,12.803126031422117,-0.0009154299130718538,1500.0
0.21276595744680848,14.581931897274082,-0.0009154299130718538,1689.0
0.21276595744680848,17.242231228703055,-0.0009154299130718538,1190.0
0.21276595744680848,20.360863958561232,-0.0009154299130718538,1055.0
0.21276595744680848,24.988378573438915,-0.0009154299130718538,1224.0
0.21276595744680848,28.522709480396813,-0.0006675199332564474,925.0
0.21276595744680848,32.205416366895136,-0.0006829260373340219,697.0
0.21276595744680848,37.21359731061302,-0.0006829260373340219,2157.0
0.21276595744680848,42.43474679730334,-0.0006829260373340219,648.0
0.21276595744680848,46.26175762678788,-0.0006829260373340219,561.0
0.21276595744680848,52.71471747871573,-0.0006829260373340219,3137.0
0.21276595744680848,58.60248510840928,-0.0006829260373340219,769.0
0.21276595744680848,67.49407001202144,-0.0006829260373340219,1338.0
0.21276595744680848,78.60246697144088,-0.0006829260373340219,837.0
0.21276595744680848,78.62286186652717,-0.0006829260373340219,3.0
0.21276595744680848,89.88576145045,-0.0005790594538369574,1002.0
0.21276595744680848,109.30576734796568,-0.0007102288026591345,1087.0
0.21276595744680848,126.88876701911983,-0.0007102288026591345,2808.0
0.21276595744680848,164.40438301805628,-0.0007102288026591345,842.0
0.21276595744680848,165.20625032848986,-0.0014351358324010998,0.0
0.21276595744680848,212.03991178505507,-0.0014351358324010998,1481.0
0.22835278200575002,0.06969584335811163,-0.0009154299130718538,0.0
0.22835278200575002,1.4584289348207733,-0.0009154299130718538,1079.0
0.22835278200575002,2.198701735667001,-0.0009154299130718538,1052.0
0.22835278200575002,3.152970511198731,-0.0009154299130718538,838.0
0.22835278200575002,5.20057309971979,-0.0009154299130718538,1413.0
0.22835278200575002,6.710663027538047,-0.0009154299130718538,1243.0
0.22835278200575002,8.202361702674644,-0.0009154299130718538,1374.0
0.22835278200575002,9.42989514683994,-0.0009154299130718538,1957.0
0.22835278200575002,11.012293847189454,-0.0009154299130718538,828.0
0.22835278200575002,12.803126031422117,-0.0009154299130718538,2603.0
0.22835278200575002,14.581931897274082,-0.0009154299130718538,2549.0
0.22835278200575002,17.242231228703055,-0.0009154299130718538,1384.0
0.22835278200575002,20.360863958561232,-0.0009154299130718538,885.0
0.22835278200575002,24.988378573438915,-0.0009154299130718538,1391.0
0.22835278200575002,28.522709480396813,-0.0006675199332564474,755.0
0.22835278200575002,32.205416366895136,-0.0006829260373340219,662.0
0.22835278200575002,37.21359731061302,-0.0006829260373340219,1823.0
0.22835278200575002,42.43474679730334,-0.0006829260373340219,811.0
0.22835278200575002,46.26175762678788,-0.0006829260373340219,1242.0
0.22835278200575002,52.71471747871573,-0.0006829260373340219,3030.0
0.22835278200575002,58.60248510840928,-0.0006829260373340219,658.0
0.22835278200575002,67.49407001202144,-0.0006829260373340219,1056.0
0.22835278200575002,78.60246697144088,-0.0006829260373340219,1002.0
0.22835278200575002,78.62286186652717,-0.0006829260373340219,0.0
0.22835278200575002,89.88576145045,-0.0005790594538369574,2585.0
0.22835278200575002,109.30576734796568,-0.0007102288026591345,1053.0
0.22835278200575002,126.88876701911983,-0.0007102288026591345,821.0
0.22835278200575002,164.40438301805628,-0.0007102288026591345,1281.0
0.22835278200575002,165.20625032848986,-0.0014351358324010998,0.0
0.22835278200575002,212.03991178505507,-0.0014351358324010998,2250.0
0.22841664508331172,0.06969584335811163,-0.0009154299130718538,0.0
0.22841664508331172,1.4584289348207733,-0.0009154299130718538,0.0
0.22841664508331172,2.198701735667001,-0.0009154299130718538,0.0
0.22841664508331172,3.152970511198731,-0.0009154299130718538,0.0
0.22841664508331172,5.20057309971979,-0.0009154299130718538,0.0
0.22841664508331172,6.710663027538047,-0.0009154299130718538,0.0
0.22841664508331172,8.202361702674644,-0.0009154299130718538,0.0
0.22841664508331172,9.42989514683994,-0.0009154299130718538,0.0
0.22841664508331172,11.012293847189454,-0.0009154299130718538,0.0
0.22841664508331172,12.803126031422117,-0.0009154299130718538,0.0
0.22841664508331172,14.581931897274082,-0.0009154299130718538,0.0
0.22841664508331172,17.242231228703055,-0.0009154299130718538,0.0
0.22841664508331172,20.360863958561232,-0.0009154299130718538,0.0
0.22841664508331172,24.988378573438915,-0.0009154299130718538,0.0
0.22841664508331172,28.522709480396813,-0.0006675199332564474,0.0
0.22841664508331172,32.205416366895136,-0.0006829260373340219,0.0
0.22841664508331172,37.21359731061302,-0.0006829260373340219,0.0
0.22841664508331172,42.43474679730334,-0.0006829260373340219,0.0
0.22841664508331172,46.26175762678788,-0.0006829260373340219,0.0
0.22841664508331172,52.71471747871573,-0.0006829260373340219,0.0
0.22841664508331172,58.60248510840928,-0.0006829260373340219,0.0
0.22841664508331172,67.49407001202144,-0.0006829260373340219,0.0
0.22841664508331172,78.60246697144088,-0.0006829260373340219,0.0
0.22841664508331172,78.62286186652717,-0.0006829260373340219,58116.0
0.22841664508331172,89.88576145045,-0.0005790594538369574,0.0
0.22841664508331172,109.30576734796568,-0.0007102288026591345,0.0
0.22841664508331172,126.88876701911983,-0.0007102288026591345,0.0
0.22841664508331172,164.40438301805628,-0.0007102288026591345,0.0
0.22841664508331172,165.20625032848986,-0.0014351358324010998,0.0
0.22841664508331172,212.03991178505507,-0.0014351358324010998,0.0
0.24512966476913345,0.06969584335811163,-0.0009154299130718538,0.0
0.24512966476913345,1.4584289348207733,-0.0009154299130718538,554.0
0.24512966476913345,2.198701735667001,-0.0009154299130718538,460.0
0.24512966476913345,3.152970511198731,-0.0009154299130718538,548.0
0.24512966476913345,5.20057309971979,-0.0009154299130718538,884.0
0.24512966476913345,6.710663027538047,-0.0009154299130718538,994.0
0.24512966476913345,8.202361702674644,-0.0009154299130718538,1049.0
0.24512966476913345,9.42989514683994,-0.0009154299130718538,1111.0
0.24512966476913345,11.012293847189454,-0.0009154299130718538,906.0
0.24512966476913345,12.803126031422117,-0.0009154299130718538,764.0
0.24512966476913345,14.581931897274082,-0.0009154299130718538,1451.0
0.24512966476913345,17.242231228703055,-0.0009154299130718538,2123.0
0.24512966476913345,20.360863958561232,-0.0009154299130718538,1426.0
0.24512966476913345,24.988378573438915,-0.0009154299130718538,1347.0
0.24512966476913345,28.522709480396813,-0.0006675199332564474,1164.0
0.24512966476913345,32.205416366895136,-0.0006829260373340219,779.0
0.24512966476913345,37.21359731061302,-0.0006829260373340219,952.0
0.24512966476913345,42.43474679730334,-0.0006829260373340219,550.0
0.24512966476913345,46.26175762678788,-0.0006829260373340219,361.0
0.24512966476913345,52.71471747871573,-0.0006829260373340219,1541.0
0.24512966476913345,58.60248510840928,-0.0006829260373340219,772.0
0.24512966476913345,67.49407001202144,-0.0006829260373340219,810.0
0.24512966476913345,78.60246697144088,-0.0006829260373340219,1063.0
0.24512966476913345,78.62286186652717,-0.0006829260373340219,14.0
0.24512966476913345,89.88576145045,-0.0005790594538369574,3310.0
0.24512966476913345,109.30576734796568,-0.0007102288026591345,1065.0
0.24512966476913345,126.88876701911983,-0.0007102288026591345,1244.0
0.24512966476913345,164.40438301805628,-0.0007102288026591345,1111.0
0.24512966476913345,165.20625032848986,-0.0014351358324010998,0.0
0.24512966476913345,212.03991178505507,-0.0014351358324010998,3786.0
0.26190476190476186,0.06969584335811163,-0.0009154299130718538,0.0
0.26190476190476186,1.4584289348207733,-0.0009154299130718538,674.0
0.26190476190476186,2.198701735667001,-0.0009154299130718538,604.0
0.26190476190476186,3.152970511198731,-0.0009154299130718538,555.0
0.26190476190476186,5.20057309971979,-0.0009154299130718538,1483.0
0.26190476190476186,6.710663027538047,-0.0009154299130718538,1060.0
0.26190476190476186,8.202361702674644,-0.0009154299130718538,2961.0
0.26190476190476186,9.42989514683994,-0.0009154299130718538,1054.0
0.26190476190476186,11.012293847189454,-0.0009154299130718538,892.0
0.26190476190476186,12.803126031422117,-0.0009154299130718538,1136.0
0.26190476190476186,14.581931897274082,-0.0009154299130718538,914.0
0.26190476190476186,17.242231228703055,-0.0009154299130718538,1178.0
0.26190476190476186,20.360863958561232,-0.0009154299130718538,2560.0
0.26190476190476186,24.988378573438915,-0.0009154299130718538,1161.0
0.26190476190476186,28.522709480396813,-0.0006675199332564474,808.0
0.26190476190476186,32.205416366895136,-0.0006829260373340219,1498.0
0.26190476190476186,37.21359731061302,-0.0006829260373340219,780.0
0.26190476190476186,42.43474679730334,-0.0006829260373340219,928.0
0.26190476190476186,46.26175762678788,-0.0006829260373340219,475.0
0.26190476190476186,52.71471747871573,-0.0006829260373340219,1862.0
0.26190476190476186,58.60248510840928,-0.0006829260373340219,5014.0
0.26190476190476186,67.49407001202144,-0.0006829260373340219,1240.0
0.26190476190476186,78.60246697144088,-0.0006829260373340219,948.0
0.26190476190476186,78.62286186652717,-0.0006829260373340219,32.0
0.26190476190476186,89.88576145045,-0.0005790594538369574,756.0
0.26190476190476186,109.30576734796568,-0.0007102288026591345,830.0
0.26190476190476186,126.88876701911983,-0.0007102288026591345,515.0
0.26190476190476186,164.40438301805628,-0.0007102288026591345,762.0
0.26190476190476186,165.20625032848986,-0.0014351358324010998,0.0
0.26190476190476186,212.03991178505507,-0.0014351358324010998,489.0
0.2796878403240232,0.06969584335811163,-0.0009154299130718538,0.0
0.2796878403240232,1.4584289348207733,-0.0009154299130718538,666.0
0.2796878403240232,2.198701735667001,-0.0009154299130718538,761.0
0.2796878403240232,3.152970511198731,-0.0009154299130718538,546.0
0.2796878403240232,5.20057309971979,-0.0009154299130718538,903.0
0.2796878403240232,6.710663027538047,-0.0009154299130718538,1298.0
0.2796878403240232,8.202361702674644,-0.0009154299130718538,1596.0
0.2796878403240232,9.42989514683994,-0.0009154299130718538,743.0
0.2796878403240232,11.012293847189454,-0.0009154299130718538,590.0
0.2796878403240232,12.803126031422117,-0.0009154299130718538,1281.0
0.2796878403240232,14.581931897274082,-0.0009154299130718538,1674.0
0.2796878403240232,17.242231228703055,-0.0009154299130718538,2193.0
0.2796878403240232,20.360863958561232,-0.0009154299130718538,1040.0
0.2796878403240232,24.988378573438915,-0.0009154299130718538,1596.0
0.2796878403240232,28.522709480396813,-0.0006675199332564474,729.0
0.2796878403240232,32.205416366895136,-0.0006829260373340219,3534.0
0.2796878403240232,37.21359731061302,-0.0006829260373340219,645.0
0.2796878403240232,42.43474679730334,-0.0006829260373340219,834.0
0.2796878403240232,46.26175762678788,-0.0006829260373340219,417.0
0.2796878403240232,52.71471747871573,-0.0006829260373340219,727.0
0.2796878403240232,58.60248510840928,-0.0006829260373340219,563.0
0.2796878403240232,67.49407001202144,-0.0006829260373340219,2245.0
0.2796878403240232,78.60246697144088,-0.0006829260373340219,893.0
0.2796878403240232,78.62286186652717,-0.0006829260373340219,0.0
0.2796878403240232,89.88576145045,-0.0005790594538369574,4134.0
0.2796878403240232,109.30576734796568,-0.0007102288026591345,986.0
0.2796878403240232,126.88876701911983,-0.0007102288026591345,1063.0
0.2796878403240232,164.40438301805628,-0.0007102288026591345,926.0
0.2796878403240232,165.20625032848986,-0.0014351358324010998,0.0
0.2796878403240232,212.03991178505507,-0.0014351358324010998,604.0
0.3026390450190033,0.06969584335811163,-0.0009154299130718538,0.0
0.3026390450190033,1.4584289348207733,-0.0009154299130718538,555.0
0.3026390450190033,2.198701735667001,-0.0009154299130718538,458.0
0.3026390450190033,3.152970511198731,-0.0009154299130718538,563.0
0.3026390450190033,5.20057309971979,-0.0009154299130718538,1197.0
0.3026390450190033,6.710663027538047,-0.0009154299130718538,1304.0
0.3026390450190033,8.202361702674644,-0.0009154299130718538,1298.0
0.3026390450190033,9.42989514683994,-0.0009154299130718538,999.0
0.3026390450190033,11.012293847189454,-0.0009154299130718538,2590.0
0.3026390450190033,12.803126031422117,-0.0009154299130718538,966.0
0.3026390450190033,14.581931897274082,-0.0009154299130718538,2373.0
0.3026390450190033,17.242231228703055,-0.0009154299130718538,809.0
0.3026390450190033,20.360863958561232,-0.0009154299130718538,951.0
0.3026390450190033,24.988378573438915,-0.0009154299130718538,1332.0
0.3026390450190033,28.522709480396813,-0.0006675199332564474,898.0
0.3026390450190033,32.205416366895136,-0.0006829260373340219,969.0
0.3026390450190033,37.21359731061302,-0.0006829260373340219,1408.0
0.3026390450190033,42.43474679730334,-0.0006829260373340219,2149.0
0.3026390450190033,46.26175762678788,-0.0006829260373340219,458.0
0.3026390450190033,52.71471747871573,-0.0006829260373340219,890.0
0.3026390450190033,58.60248510840928,-0.0006829260373340219,697.0
0.3026390450190033,67.49407001202144,-0.0006829260373340219,1326.0
0.3026390450190033,78.60246697144088,-0.0006829260373340219,1323.0
0.3026390450190033,78.62286186652717,-0.0006829260373340219,0.0
0.3026390450190033,89.88576145045,-0.0005790594538369574,832.0
0.3026390450190033,109.30576734796568,-0.0007102288026591345,1071.0
0.3026390450190033,126.88876701911983,-0.0007102288026591345,1066.0
0.3026390450190033,164.40438301805628,-0.0007102288026591345,3399.0
0.3026390450190033,165.20625032848986,-0.0014351358324010998,0.0
0.3026390450190033,212.03991178505507,-0.0014351358324010998,654.0
0.32565576186265843,0.06969584335811163,-0.0009154299130718538,0.0
0.32565576186265843,1.4584289348207733,-0.0009154299130718538,515.0
0.32565576186265843,2.198701735667001,-0.0009154299130718538,452.0
0.32565576186265843,3.152970511198731,-0.0009154299130718538,456.0
0.32565576186265843,5.20057309971979,-0.0009154299130718538,1609.0
0.32565576186265843,6.710663027538047,-0.0009154299130718538,1377.0
0.32565576186265843,8.202361702674644,-0.0009154299130718538,1082.0
0.32565576186265843,9.42989514683994,-0.0009154299130718538,1207.0
0.32565576186265843,11.012293847189454,-0.0009154299130718538,923.0
0.32565576186265843,12.803126031422117,-0.0009154299130718538,658.0
0.32565576186265843,14.581931897274082,-0.0009154299130718538,1100.0
0.32565576186265843,17.242231228703055,-0.0009154299130718538,751.0
0.32565576186265843,20.360863958561232,-0.0009154299130718538,942.0
0.32565576186265843,24.988378573438915,-0.0009154299130718538,1419.0
0.32565576186265843,28.522709480396813,-0.0006675199332564474,835.0
0.32565576186265843,32.205416366895136,-0.0006829260373340219,722.0
0.32565576186265843,37.21359731061302,-0.0006829260373340219,1748.0
0.32565576186265843,42.43474679730334,-0.0006829260373340219,1185.0
0.32565576186265843,46.26175762678788,-0.0006829260373340219,414.0
0.32565576186265843,52.71471747871573,-0.0006829260373340219,1001.0
0.32565576186265843,58.60248510840928,-0.0006829260373340219,5024.0
0.32565576186265843,67.49407001202144,-0.0006829260373340219,2950.0
0.32565576186265843,78.60246697144088,-0.0006829260373340219,1237.0
0.32565576186265843,78.62286186652717,-0.0006829260373340219,0.0
0.32565576186265843,89.88576145045,-0.0005790594538369574,1041.0
0.32565576186265843,109.30576734796568,-0.0007102288026591345,2661.0
0.32565576186265843,126.88876701911983,-0.0007102288026591345,660.0
0.32565576186265843,164.40438301805628,-0.0007102288026591345,1038.0
0.32565576186265843,165.20625032848986,-0.0014351358324010998,0.0
0.32565576186265843,212.03991178505507,-0.0014351358324010998,290.0
0.33333333333333326,0.06969584335811163,-0.0009154299130718538,0.0
0.33333333333333326,1.4584289348207733,-0.0009154299130718538,0.0
0.33333333333333326,2.198701735667001,-0.0009154299130718538,60.0
0.33333333333333326,3.152970511198731,-0.0009154299130718538,19.0
0.33333333333333326,5.20057309971979,-0.0009154299130718538,286.0
0.33333333333333326,6.710663027538047,-0.0009154299130718538,155.0
0.33333333333333326,8.202361702674644,-0.0009154299130718538,250.0
0.33333333333333326,9.42989514683994,-0.0009154299130718538,100.0
0.33333333333333326,11.012293847189454,-0.0009154299130718538,52.0
0.33333333333333326,12.803126031422117,-0.0009154299130718538,162.0
0.33333333333333326,14.581931897274082,-0.0009154299130718538,106.0
0.33333333333333326,17.242231228703055,-0.0009154299130718538,209.0
0.33333333333333326,20.360863958561232,-0.0009154299130718538,228.0
0.33333333333333326,24.988378573438915,-0.0009154299130718538,270.0
0.33333333333333326,28.522709480396813,-0.0006675199332564474,227.0
0.33333333333333326,32.205416366895136,-0.0006829260373340219,255.0
0.33333333333333326,37.21359731061302,-0.0006829260373340219,100.0
0.33333333333333326,42.43474679730334,-0.0006829260373340219,198.0
0.33333333333333326,46.26175762678788,-0.0006829260373340219,228.0
0.33333333333333326,52.71471747871573,-0.0006829260373340219,309.0
0.33333333333333326,58.60248510840928,-0.0006829260373340219,215.0
0.33333333333333326,67.49407001202144,-0.0006829260373340219,136.0
0.33333333333333326,78.60246697144088,-0.0006829260373340219,241.0
0.33333333333333326,78.62286186652717,-0.0006829260373340219,0.0
0.33333333333333326,89.88576145045,-0.0005790594538369574,148.0
0.33333333333333326,109.30576734796568,-0.0007102288026591345,274.0
0.33333333333333326,126.88876701911983,-0.0007102288026591345,42.0
0.33333333333333326,164.40438301805628,-0.0007102288026591345,375.0
0.33333333333333326,165.20625032848986,-0.0014351358324010998,0.0
0.33333333333333326,212.03991178505507,-0.0014351358324010998,146.0
0.34285714285714286,0.06969584335811163,-0.0009288500963336904,15.0
0.34285714285714286,1.4584289348207733,-0.0009288500963336904,5313.0
0.34285714285714286,2.198701735667001,-0.0009288500963336904,5025.0
0.34285714285714286,3.152970511198731,-0.0009288500963336904,9792.0
0.34285714285714286,5.20057309971979,-0.0009288500963336904,3323.0
0.34285714285714286,6.710663027538047,-0.0009288500963336904,4693.0
0.34285714285714286,8.202361702674644,-0.0009288500963336904,3437.0
0.34285714285714286,9.42989514683994,-0.0009288500963336904,2936.0
0.34285714285714286,11.012293847189454,-0.0009288500963336904,1896.0
0.34285714285714286,12.803126031422117,-0.0009288500963336904,2345.0
0.34285714285714286,14.581931897274082,-0.0009288500963336904,1129.0
0.34285714285714286,17.242231228703055,-0.0009288500963336904,2235.0
0.34285714285714286,20.360863958561232,-0.0009288500963336904,1167.0
0.34285714285714286,24.988378573438915,-0.0009288500963336904,1666.0
0.34285714285714286,28.522709480396813,-0.00044598188999607925,6468.0
0.34285714285714286,32.205416366895136,-0.00044598188999607925,715.0
0.34285714285714286,37.21359731061302,-0.00044598188999607925,767.0
0.34285714285714286,42.43474679730334,-0.00044598188999607925,1372.0
0.34285714285714286,46.26175762678788,-0.00044598188999607925,2513.0
0.34285714285714286,52.71471747871573,-0.00044598188999607925,3577.0
0.34285714285714286,58.60248510840928,-0.00044598188999607925,764.0
0.34285714285714286,67.49407001202144,-0.00044598188999607925,774.0
0.34285714285714286,78.60246697144088,-0.00044598188999607925,788.0
0.34285714285714286,78.62286186652717,-0.00044598188999607925,16.0
0.34285714285714286,89.88576145045,0.005134513290345136,304.0
0.34285714285714286,109.30576734796568,0.005536438268550225,895.0
0.34285714285714286,126.88876701911983,0.005536438268550225,6595.0
0.34285714285714286,164.40438301805628,0.005536438268550225,248.0
0.34285714285714286,165.20625032848986,0.00481153123880826,0.0
0.34285714285714286,212.03991178505507,0.00481153123880826,448.0
0.3728813559322034,0.06969584335811163,-0.0010509936536521618,0.0
0.3728813559322034,1.4584289348207733,-0.0010509936536521618,788.0
0.3728813559322034,2.198701735667001,-0.0010509936536521618,716.0
0.3728813559322034,3.152970511198731,-0.0010509936536521618,798.0
0.3728813559322034,5.20057309971979,-0.0010509936536521618,1568.0
0.3728813559322034,6.710663027538047,-0.0010509936536521618,1595.0
0.3728813559322034,8.202361702674644,-0.0010509936536521618,1545.0
0.3728813559322034,9.42989514683994,-0.0010509936536521618,1783.0
0.3728813559322034,11.012293847189454,-0.0010509936536521618,5628.0
0.3728813559322034,12.803126031422117,-0.0010509936536521618,2336.0
0.3728813559322034,14.581931897274082,-0.0010509936536521618,1600.0
0.3728813559322034,17.242231228703055,-0.0010509936536521618,1947.0
0.3728813559322034,20.360863958561232,-0.0010509936536521618,922.0
0.3728813559322034,24.988378573438915,-0.0010509936536521618,1732.0
0.3728813559322034,28.522709480396813,-0.0005681254473145505,785.0
0.3728813559322034,32.205416366895136,-0.0005681254473145505,931.0
0.3728813559322034,37.21359731061302,-0.0005681254473145505,960.0
0.3728813559322034,42.43474679730334,-0.0005681254473145505,763.0
0.3728813559322034,46.26175762678788,-0.0005681254473145505,4510.0
0.3728813559322034,52.71471747871573,-0.0005681254473145505,1748.0
0.3728813559322034,58.60248510840928,-0.0005681254473145505,861.0
0.3728813559322034,67.49407001202144,-0.0005681254473145505,1110.0
0.3728813559322034,78.60246697144088,-0.0005681254473145505,1762.0
0.3728813559322034,78.62286186652717,-0.0005681254473145505,0.0
0.3728813559322034,89.88576145045,0.006189247517378688,1319.0
0.3728813559322034,109.30576734796568,0.008536470633487675,1233.0
0.3728813559322034,126.88876701911983,0.008536470633487675,867.0
0.3728813559322034,164.40438301805628,0.008536470633487675,854.0
0.3728813559322034,165.20625032848986,0.00801257043015467,0.0
0.3728813559322034,212.03991178505507,0.00801257043015467,1155.0
0.40175560175560177,0.06969584335811163,-0.0010509936536521618,4.0
0.40175560175560177,1.4584289348207733,-0.0010509936536521618,902.0
0.40175560175560177,2.198701735667001,-0.0010509936536521618,843.0
0.40175560175560177,3.152970511198731,-0.0010509936536521618,864.0
0.40175560175560177,5.20057309971979,-0.0010509936536521618,1210.0
0.40175560175560177,6.710663027538047,-0.0010509936536521618,1314.0
0.40175560175560177,8.202361702674644,-0.0010509936536521618,1200.0
0.40175560175560177,9.42989514683994,-0.0010509936536521618,2340.0
0.40175560175560177,11.012293847189454,-0.0010509936536521618,1109.0
0.40175560175560177,12.803126031422117,-0.0010509936536521618,1124.0
0.40175560175560177,14.581931897274082,-0.0010509936536521618,744.0
0.40175560175560177,17.242231228703055,-0.0010509936536521618,784.0
0.40175560175560177,20.360863958561232,-0.0010509936536521618,1836.0
0.40175560175560177,24.988378573438915,-0.0010509936536521618,972.0
0.40175560175560177,28.522709480396813,-0.0005681254473145505,754.0
0.40175560175560177,32.205416366895136,-0.0005681254473145505,4807.0
0.40175560175560177,37.21359731061302,-0.0005681254473145505,2423.0
0.40175560175560177,42.43474679730334,-0.0005681254473145505,848.0
0.40175560175560177,46.26175762678788,-0.0005681254473145505,744.0
0.40175560175560177,52.71471747871573,-0.0005681254473145505,2067.0
0.40175560175560177,58.60248510840928,-0.0005681254473145505,864.0
0.40175560175560177,67.49407001202144,-0.0005681254473145505,3713.0
0.40175560175560177,78.60246697144088,-0.0005681254473145505,1190.0
0.40175560175560177,78.62286186652717,-0.0005681254473145505,0.0
0.40175560175560177,89.88576145045,0.006189247517378688,2080.0
0.40175560175560177,109.30576734796568,0.008725627829136835,5093.0
0.40175560175560177,126.88876701911983,0.008725627829136835,459.0
0.40175560175560177,164.40438301805628,0.008725627829136835,769.0
0.40175560175560177,165.20625032848986,0.00820172762580383,181.0
0.40175560175560177,212.03991178505507,0.00820172762580383,627.0
0.4018465273784423,0.06969584335811163,-0.0010509936536521618,0.0
0.4018465273784423,1.4584289348207733,-0.0010509936536521618,0.0
0.4018465273784423,2.198701735667001,-0.0010509936536521618,0.0
0.4018465273784423,3.152970511198731,-0.0010509936536521618,0.0
0.4018465273784423,5.20057309971979,-0.0010509936536521618,0.0
0.4018465273784423,6.710663027538047,-0.0010509936536521618,0.0
0.4018465273784423,8.202361702674644,-0.0010509936536521618,0.0
0.4018465273784423,9.42989514683994,-0.0010509936536521618,0.0
0.4018465273784423,11.012293847189454,-0.0010509936536521618,0.0
0.4018465273784423,12.803126031422117,-0.0010509936536521618,0.0
0.4018465273784423,14.581931897274082,-0.0010509936536521618,0.0
0.4018465273784423,17.242231228703055,-0.0010509936536521618,0.0
0.4018465273784423,20.360863958561232,-0.0010509936536521618,0.0
0.4018465273784423,24.988378573438915,-0.0010509936536521618,0.0
0.4018465273784423,28.522709480396813,-0.0005681254473145505,0.0
0.4018465273784423,32.205416366895136,-0.0005681254473145505,0.0
0.4018465273784423,37.21359731061302,-0.0005681254473145505,0.0
0.4018465273784423,42.43474679730334,-0.0005681254473145505,0.0
0.4018465273784423,46.26175762678788,-0.0005681254473145505,0.0
0.4018465273784423,52.71471747871573,-0.0005681254473145505,46.0
0.4018465273784423,58.60248510840928,-0.0005681254473145505,0.0
0.4018465273784423,67.49407001202144,-0.0005681254473145505,57.0
0.4018465273784423,78.60246697144088,-0.0005681254473145505,0.0
0.4018465273784423,78.62286186652717,-0.0005681254473145505,0.0
0.4018465273784423,89.88576145045,0.006189247517378688,0.0
0.4018465273784423,109.30576734796568,0.008725627829136835,0.0
0.4018465273784423,126.88876701911983,0.008725627829136835,0.0
0.4018465273784423,164.40438301805628,0.008725627829136835,0.0
0.4018465273784423,165.20625032848986,0.008578886894947289,45243.0
0.4018465273784423,212.03991178505507,0.008578886894947289,0.0
0.4382077240344957,0.06969584335811163,-0.0010509936536521618,0.0
0.4382077240344957,1.4584289348207733,-0.0010509936536521618,639.0
0.4382077240344957,2.198701735667001,-0.0010509936536521618,469.0
0.4382077240344957,3.152970511198731,-0.0010509936536521618,509.0
0.4382077240344957,5.20057309971979,-0.0010509936536521618,758.0
0.4382077240344957,6.710663027538047,-0.0010509936536521618,989.0
0.4382077240344957,8.202361702674644,-0.0010509936536521618,1295.0
0.4382077240344957,9.42989514683994,-0.0010509936536521618,1265.0
0.4382077240344957,11.012293847189454,-0.0010509936536521618,1744.0
0.4382077240344957,12.803126031422117,-0.0010509936536521618,957.0
0.4382077240344957,14.581931897274082,-0.0010509936536521618,1493.0
0.4382077240344957,17.242231228703055,-0.0010509936536521618,1336.0
0.4382077240344957,20.360863958561232,-0.0010509936536521618,563.0
0.4382077240344957,24.988378573438915,-0.0010509936536521618,847.0
0.4382077240344957,28.522709480396813,-0.0005681254473145505,1351.0
0.4382077240344957,32.205416366895136,-0.0005681254473145505,749.0
0.4382077240344957,37.21359731061302,-0.0005681254473145505,815.0
0.4382077240344957,42.43474679730334,-0.0005681254473145505,1081.0
0.4382077240344957,46.26175762678788,-0.0005681254473145505,1477.0
0.4382077240344957,52.71471747871573,-0.0005681254473145505,1032.0
0.4382077240344957,58.60248510840928,-0.0005681254473145505,943.0
0.4382077240344957,67.49407001202144,-0.0005681254473145505,4487.0
0.4382077240344957,78.60246697144088,-0.0005681254473145505,1321.0
0.4382077240344957,78.62286186652717,-0.0005681254473145505,0.0
0.4382077240344957,89.88576145045,0.006189247517378688,1084.0
0.4382077240344957,109.30576734796568,0.008725627829136835,965.0
0.4382077240344957,126.88876701911983,0.008725627829136835,550.0
0.4382077240344957,164.40438301805628,0.008725627829136835,969.0
0.4382077240344957,165.20625032848986,0.008578886894947289,121.0
0.4382077240344957,212.03991178505507,0.008578886894947289,2708.0
0.47619047619047616,0.06969584335811163,-0.0011966967354518025,4.0
0.47619047619047616,1.4584289348207733,-0.0011966967354518025,365.0
0.47619047619047616,2.198701735667001,-0.0011966967354518025,374.0
0.47619047619047616,3.152970511198731,-0.0011966967354518025,468.0
0.47619047619047616,5.20057309971979,-0.0011966967354518025,1223.0
0.47619047619047616,6.710663027538047,-0.0011966967354518025,1674.0
0.47619047619047616,8.202361702674644,-0.0011966967354518025,1012.0
0.47619047619047616,9.42989514683994,-0.0011966967354518025,935.0
0.47619047619047616,11.012293847189454,-0.0011966967354518025,796.0
0.47619047619047616,12.803126031422117,-0.0011966967354518025,2166.0
0.47619047619047616,14.581931897274082,-0.0011966967354518025,693.0
0.47619047619047616,17.242231228703055,-0.0011966967354518025,1057.0
0.47619047619047616,20.360863958561232,-0.0011966967354518025,1867.0
0.47619047619047616,24.988378573438915,-0.0011966967354518025,918.0
0.47619047619047616,28.522709480396813,-0.000713828529114191,582.0
0.47619047619047616,32.205416366895136,-0.000713828529114191,1017.0
0.47619047619047616,37.21359731061302,-0.000713828529114191,8204.0
0.47619047619047616,42.43474679730334,-0.000713828529114191,785.0
0.47619047619047616,46.26175762678788,-0.000713828529114191,564.0
0.47619047619047616,52.71471747871573,-0.000713828529114191,629.0
0.47619047619047616,58.60248510840928,-0.000713828529114191,834.0
0.47619047619047616,67.49407001202144,-0.000713828529114191,539.0
0.47619047619047616,78.60246697144088,-0.000713828529114191,1599.0
0.47619047619047616,78.62286186652717,-0.000713828529114191,0.0
0.47619047619047616,89.88576145045,0.006043544435579047,815.0
0.47619047619047616,109.30576734796568,0.01772116138198011,565.0
0.47619047619047616,126.88876701911983,0.023023233788193008,2621.0
0.47619047619047616,164.40438301805628,0.023023233788193008,900.0
0.47619047619047616,165.20625032848986,0.023243096193872995,0.0
0.47619047619047616,212.03991178505507,0.023243096193872995,631.0
0.5333333333333332,0.06969584335811163,-0.0012090896547331186,0.0
0.5333333333333332,1.4584289348207733,-0.0012090896547331186,229.0
0.5333333333333332,2.198701735667001,-0.0012090896547331186,435.0
0.5333333333333332,3.152970511198731,-0.0012090896547331186,193.0
0.5333333333333332,5.20057309971979,-0.0012090896547331186,1011.0
0.5333333333333332,6.710663027538047,-0.0012090896547331186,1527.0
0.5333333333333332,8.202361702674644,-0.0012090896547331186,998.0
0.5333333333333332,9.42989514683994,-0.0012090896547331186,946.0
0.5333333333333332,11.012293847189454,-0.0012090896547331186,1999.0
0.5333333333333332,12.803126031422117,-0.0012090896547331186,478.0
0.5333333333333332,14.581931897274082,-0.0012090896547331186,1073.0
0.5333333333333332,17.242231228703055,-0.0012090896547331186,652.0
0.5333333333333332,20.360863958561232,-0.0012090896547331186,3050.0
0.5333333333333332,24.988378573438915,-0.0012090896547331186,2676.0
0.5333333333333332,28.522709480396813,-0.0007262214483955072,881.0
0.5333333333333332,32.205416366895136,-0.0007262214483955072,1770.0
0.5333333333333332,37.21359731061302,-0.0007262214483955072,1368.0
0.5333333333333332,42.43474679730334,-0.0007262214483955072,703.0
0.5333333333333332,46.26175762678788,-0.0007262214483955072,430.0
0.5333333333333332,52.71471747871573,-0.0007262214483955072,616.0
0.5333333333333332,58.60248510840928,-0.0007262214483955072,921.0
0.5333333333333332,67.49407001202144,-0.0007262214483955072,712.0
0.5333333333333332,78.60246697144088,-0.0007262214483955072,3235.0
0.5333333333333332,78.62286186652717,-0.0007262214483955072,0.0
0.5333333333333332,89.88576145045,0.006031151516297731,985.0
0.5333333333333332,109.30576734796568,0.017708768462698792,826.0
0.5333333333333332,126.88876701911983,0.02301084086891169,3772.0
0.5333333333333332,164.40438301805628,0.02301084086891169,1343.0
0.5333333333333332,165.20625032848986,0.023243096193872995,0.0
0.5333333333333332,212.03991178505507,0.023243096193872995,697.0
0.6666666666666665,0.06969584335811163,-0.0015684102691149524,0.0
0.6666666666666665,1.4584289348207733,-0.0015684102691149524,269.0
0.6666666666666665,2.198701735667001,-0.0015684102691149524,109.0
0.6666666666666665,3.152970511198731,-0.0015684102691149524,128.0
0.6666666666666665,5.20057309971979,-0.0015684102691149524,542.0
0.6666666666666665,6.710663027538047,-0.0015684102691149524,844.0
0.6666666666666665,8.202361702674644,-0.0015684102691149524,1272.0
0.6666666666666665,9.42989514683994,-0.000979541634428661,1121.0
0.6666666666666665,11.012293847189454,-0.000979541634428661,342.0
0.6666666666666665,12.803126031422117,-0.000979541634428661,1218.0
0.6666666666666665,14.581931897274082,-0.000979541634428661,632.0
0.6666666666666665,17.242231228703055,-0.000979541634428661,1725.0
0.6666666666666665,20.360863958561232,-0.000979541634428661,792.0
0.6666666666666665,24.988378573438915,-0.000979541634428661,2337.0
0.6666666666666665,28.522709480396813,0.0014068697140570917,941.0
0.6666666666666665,32.205416366895136,0.0014068697140570917,433.0
0.6666666666666665,37.21359731061302,0.0014068697140570917,1066.0
0.6666666666666665,42.43474679730334,0.0014068697140570917,793.0
0.6666666666666665,46.26175762678788,0.0014068697140570917,2768.0
0.6666666666666665,52.71471747871573,0.0014068697140570917,962.0
0.6666666666666665,58.60248510840928,0.0014068697140570917,6605.0
0.6666666666666665,67.49407001202144,0.0014068697140570917,634.0
0.6666666666666665,78.60246697144088,0.0014068697140570917,975.0
0.6666666666666665,78.62286186652717,0.0014068697140570917,0.0
0.6666666666666665,89.88576145045,0.00816424267875033,998.0
0.6666666666666665,109.30576734796568,0.019841859625151396,1143.0
0.6666666666666665,126.88876701911983,0.02514393203136429,3206.0
0.6666666666666665,164.40438301805628,0.02514393203136429,1072.0
0.6666666666666665,165.20625032848986,0.02543285924854259,0.0
0.6666666666666665,212.03991178505507,0.02543285924854259,394.0
0.7224444444444444,0.06969584335811163,-0.002052717818687273,8.0
0.7224444444444444,1.4584289348207733,-0.002052717818687273,7207.0
0.7224444444444444,2.198701735667001,-0.002052717818687273,6397.0
0.7224444444444444,3.152970511198731,-0.002052717818687273,6051.0
0.7224444444444444,5.20057309971979,-0.002052717818687273,4196.0
0.7224444444444444,6.710663027538047,-0.002052717818687273,2661.0
0.7224444444444444,8.202361702674644,-0.002052717818687273,2595.0
0.7224444444444444,9.42989514683994,-0.0014638491840009813,2552.0
0.7224444444444444,11.012293847189454,-0.0014638491840009813,4466.0
0.7224444444444444,12.803126031422117,-0.0014638491840009813,1908.0
0.7224444444444444,14.581931897274082,-0.0014638491840009813,973.0
0.7224444444444444,17.242231228703055,-0.0011869481217269195,4225.0
0.7224444444444444,20.360863958561232,-0.0005294252605166841,2181.0
0.7224444444444444,24.988378573438915,-0.0005294252605166841,1766.0
0.7224444444444444,28.522709480396813,0.0018569860879690686,6697.0
0.7224444444444444,32.205416366895136,0.0018569860879690686,1882.0
0.7224444444444444,37.21359731061302,0.0020573162361262184,611.0
0.7224444444444444,42.43474679730334,0.0020573162361262184,1009.0
0.7224444444444444,46.26175762678788,0.0020573162361262184,670.0
0.7224444444444444,52.71471747871573,0.0020573162361262184,2487.0
0.7224444444444444,58.60248510840928,0.0020573162361262184,349.0
0.7224444444444444,67.49407001202144,0.0020573162361262184,277.0
0.7224444444444444,78.60246697144088,0.0020573162361262184,652.0
0.7224444444444444,78.62286186652717,0.0020573162361262184,0.0
0.7224444444444444,89.88576145045,0.008814689200819457,206.0
0.7224444444444444,109.30576734796568,0.020492306147220526,295.0
0.7224444444444444,126.88876701911983,0.02579437855343342,224.0
0.7224444444444444,164.40438301805628,0.02579437855343342,248.0
0.7224444444444444,165.20625032848986,0.026164371838154073,0.0
0.7224444444444444,212.03991178505507,0.026164371838154073,54.0
