Lowest income group,cum_jobs,f,freq
0.0,0.0,-0.0012772200540002946,0.0
0.0,381.359021790573,-0.0012772200540002946,0.0
0.0,801.1857051368861,-0.0012772200540002946,0.0
0.0,1256.5145153564372,-0.0012772200540002946,0.0
0.0,1707.8187342922174,-0.0012772200540002946,0.0
0.0,2164.998373795577,0.0005580517247445204,0.0
0.0,2765.829992276005,0.0005580517247445204,0.0
0.0,3409.626140978755,0.0005580517247445204,0.0
0.0,4459.531201501333,0.0005580517247445204,0.0
0.0,5276.417604785413,0.0005580517247445204,0.0
0.0,6635.768043903925,0.0005580517247445204,0.0
0.0,7516.038130887857,0.0005580517247445204,0.0
0.0,8830.630495521022,0.0005580517247445204,0.0
0.0,10919.310573351555,0.001796714456498689,0.0
0.0,13409.380637219758,0.0018323372375082727,0.0
0.0,17125.493935792925,0.0018323372375082727,0.0
0.0,20513.980999515246,0.0018323372375082727,0.0
0.0,23805.94727169494,0.0018323372375082727,0.0
0.0,26184.706016140044,0.0018323372375082727,0.0
0.0,29529.729408601866,0.0018323372375082727,0.0
0.0,34053.23296287436,0.0018323372375082727,0.0
0.0,39463.14737469656,0.0018323372375082727,0.0
0.0,55421.9896749117,0.0017827406950622492,0.0
0.0,91167.3808851101,0.001712316227964248,0.0
0.0,113625.91869241698,0.001712316227964248,0.0
0.0,149655.88798704115,0.001712316227964248,0.0
0.0,208408.64041463475,0.001712316227964248,0.0
0.0,319066.0198005588,0.001712316227964248,0.0
0.0,440181.3536483415,0.001712316227964248,0.0
0.0,471232.7074012576,0.001712316227964248,0.0
0.008720930232558155,0.0,-0.0012772200540002946,0.0
0.008720930232558155,381.359021790573,-0.0012772200540002946,10687.0
0.008720930232558155,801.1857051368861,-0.0012772200540002946,9198.0
0.008720930232558155,1256.5145153564372,-0.0012772200540002946,6957.0
0.008720930232558155,1707.8187342922174,-0.0012772200540002946,6279.0
0.008720930232558155,2164.998373795577,0.0005580517247445204,5050.0
0.008720930232558155,2765.829992276005,0.0005580517247445204,5125.0
0.008720930232558155,3409.626140978755,0.0005580517247445204,5562.0
0.008720930232558155,4459.531201501333,0.0005580517247445204,5750.0
0.008720930232558155,5276.417604785413,0.0005580517247445204,4841.0
0.008720930232558155,6635.768043903925,0.0005580517247445204,5732.0
0.008720930232558155,7516.038130887857,0.0005580517247445204,4215.0
0.008720930232558155,8830.630495521022,0.0005580517247445204,3752.0
0.008720930232558155,10919.310573351555,0.001796714456498689,6029.0
0.008720930232558155,13409.380637219758,0.0018323372375082727,2279.0
0.008720930232558155,17125.493935792925,0.0018323372375082727,6982.0
0.008720930232558155,20513.980999515246,0.0018323372375082727,1813.0
0.008720930232558155,23805.94727169494,0.0018323372375082727,3154.0
0.008720930232558155,26184.706016140044,0.0018323372375082727,4835.0
0.008720930232558155,29529.729408601866,0.0018323372375082727,897.0
0.008720930232558155,34053.23296287436,0.0018323372375082727,800.0
0.008720930232558155,39463.14737469656,0.0018323372375082727,3043.0
0.008720930232558155,55421.9896749117,0.0017827406950622492,3453.0
0.008720930232558155,91167.3808851101,0.001712316227964248,3752.0
0.008720930232558155,113625.91869241698,0.001712316227964248,1655.0
0.008720930232558155,149655.88798704115,0.001712316227964248,2364.0
0.008720930232558155,208408.64041463475,0.001712316227964248,1198.0
0.008720930232558155,319066.0198005588,0.001712316227964248,8670.0
0.008720930232558155,440181.3536483415,0.001712316227964248,442.0
0.008720930232558155,471232.7074012576,0.001712316227964248,1314.0
0.07135975777594275,0.0,-0.0012772200540002946,0.0
0.07135975777594275,381.359021790573,-0.0012772200540002946,73.0
0.07135975777594275,801.1857051368861,-0.0012772200540002946,56.0
0.07135975777594275,1256.5145153564372,-0.0012772200540002946,238.0
0.07135975777594275,1707.8187342922174,-0.0012772200540002946,223.0
0.07135975777594275,2164.998373795577,0.0005580517247445204,861.0
0.07135975777594275,2765.829992276005,0.0005580517247445204,824.0
0.07135975777594275,3409.626140978755,0.0005580517247445204,375.0
0.07135975777594275,4459.531201501333,0.0005580517247445204,480.0
0.07135975777594275,5276.417604785413,0.0005580517247445204,699.0
0.07135975777594275,6635.768043903925,0.0005580517247445204,1534.0
0.07135975777594275,7516.038130887857,0.0005580517247445204,1512.0
0.07135975777594275,8830.630495521022,0.0005580517247445204,794.0
0.07135975777594275,10919.310573351555,0.001796714456498689,730.0
0.07135975777594275,13409.380637219758,0.0018323372375082727,775.0
0.07135975777594275,17125.493935792925,0.0018323372375082727,846.0
0.07135975777594275,20513.980999515246,0.0018323372375082727,1167.0
0.07135975777594275,23805.94727169494,0.0018323372375082727,1523.0
0.07135975777594275,26184.706016140044,0.0018323372375082727,705.0
0.07135975777594275,29529.729408601866,0.0018323372375082727,961.0
0.07135975777594275,34053.23296287436,0.0018323372375082727,746.0
0.07135975777594275,39463.14737469656,0.0018323372375082727,572.0
0.07135975777594275,55421.9896749117,0.0017827406950622492,1561.0
0.07135975777594275,91167.3808851101,0.001712316227964248,3048.0
0.07135975777594275,113625.91869241698,0.001712316227964248,1662.0
0.07135975777594275,149655.88798704115,0.001712316227964248,1108.0
0.07135975777594275,208408.64041463475,0.001712316227964248,3980.0
0.07135975777594275,319066.0198005588,0.001712316227964248,6863.0
0.07135975777594275,440181.3536483415,0.001712316227964248,3493.0
0.07135975777594275,471232.7074012576,0.001712316227964248,174.0
0.0983256270141516,0.0,-0.0012772200540002946,0.0
0.0983256270141516,381.359021790573,-0.0012772200540002946,257.0
0.0983256270141516,801.1857051368861,-0.0012772200540002946,403.0
0.0983256270141516,1256.5145153564372,-0.0012772200540002946,704.0
0.0983256270141516,1707.8187342922174,-0.0012772200540002946,1030.0
0.0983256270141516,2164.998373795577,0.0005580517247445204,759.0
0.0983256270141516,2765.829992276005,0.0005580517247445204,649.0
0.0983256270141516,3409.626140978755,0.0005580517247445204,874.0
0.0983256270141516,4459.531201501333,0.0005580517247445204,1687.0
0.0983256270141516,5276.417604785413,0.0005580517247445204,1369.0
0.0983256270141516,6635.768043903925,0.0005580517247445204,1315.0
0.0983256270141516,7516.038130887857,0.0005580517247445204,2270.0
0.0983256270141516,8830.630495521022,0.0005580517247445204,2118.0
0.0983256270141516,10919.310573351555,0.001796714456498689,913.0
0.0983256270141516,13409.380637219758,0.0018323372375082727,1096.0
0.0983256270141516,17125.493935792925,0.0018323372375082727,1798.0
0.0983256270141516,20513.980999515246,0.0018323372375082727,3382.0
0.0983256270141516,23805.94727169494,0.0018323372375082727,1237.0
0.0983256270141516,26184.706016140044,0.0018323372375082727,795.0
0.0983256270141516,29529.729408601866,0.0018323372375082727,643.0
0.0983256270141516,34053.23296287436,0.0018323372375082727,954.0
0.0983256270141516,39463.14737469656,0.0018323372375082727,587.0
0.0983256270141516,55421.9896749117,0.0017827406950622492,1307.0
0.0983256270141516,91167.3808851101,0.001712316227964248,2280.0
0.0983256270141516,113625.91869241698,0.001712316227964248,689.0
0.0983256270141516,149655.88798704115,0.001712316227964248,1243.0
0.0983256270141516,208408.64041463475,0.001712316227964248,1396.0
0.0983256270141516,319066.0198005588,0.001712316227964248,3652.0
0.0983256270141516,440181.3536483415,0.001712316227964248,1646.0
0.0983256270141516,471232.7074012576,0.001712316227964248,448.0
0.11982905982905984,0.0,-0.0012772200540002946,0.0
0.11982905982905984,381.359021790573,-0.0012772200540002946,283.0
0.11982905982905984,801.1857051368861,-0.0012772200540002946,813.0
0.11982905982905984,1256.5145153564372,-0.0012772200540002946,707.0
0.11982905982905984,1707.8187342922174,-0.0012772200540002946,1040.0
0.11982905982905984,2164.998373795577,0.0005580517247445204,697.0
0.11982905982905984,2765.829992276005,0.0005580517247445204,889.0
0.11982905982905984,3409.626140978755,0.0005580517247445204,1282.0
0.11982905982905984,4459.531201501333,0.0005580517247445204,2675.0
0.11982905982905984,5276.417604785413,0.0005580517247445204,2220.0
0.11982905982905984,6635.768043903925,0.0005580517247445204,995.0
0.11982905982905984,7516.038130887857,0.0005580517247445204,1114.0
0.11982905982905984,8830.630495521022,0.0005580517247445204,2610.0
0.11982905982905984,10919.310573351555,0.001796714456498689,3200.0
0.11982905982905984,13409.380637219758,0.0018323372375082727,773.0
0.11982905982905984,17125.493935792925,0.0018323372375082727,1053.0
0.11982905982905984,20513.980999515246,0.0018323372375082727,1113.0
0.11982905982905984,23805.94727169494,0.0018323372375082727,981.0
0.11982905982905984,26184.706016140044,0.0018323372375082727,595.0
0.11982905982905984,29529.729408601866,0.0018323372375082727,478.0
0.11982905982905984,34053.23296287436,0.0018323372375082727,682.0
0.11982905982905984,39463.14737469656,0.0018323372375082727,554.0
0.11982905982905984,55421.9896749117,0.0017827406950622492,1416.0
0.11982905982905984,91167.3808851101,0.001712316227964248,792.0
0.11982905982905984,113625.91869241698,0.001712316227964248,637.0
0.11982905982905984,149655.88798704115,0.001712316227964248,617.0
0.11982905982905984,208408.64041463475,0.001712316227964248,3596.0
0.11982905982905984,319066.0198005588,0.001712316227964248,2205.0
0.11982905982905984,440181.3536483415,0.001712316227964248,2157.0
0.11982905982905984,471232.7074012576,0.001712316227964248,809.0
0.13776767738393023,0.0,-0.0013167514917353097,0.0
0.13776767738393023,381.359021790573,-0.0013167514917353097,482.0
0.13776767738393023,801.1857051368861,-0.0013167514917353097,853.0
0.13776767738393023,1256.5145153564372,-0.0013167514917353097,1076.0
0.13776767738393023,1707.8187342922174,-0.0013167514917353097,1550.0
0.13776767738393023,2164.998373795577,0.0005185202870095052,1049.0
0.13776767738393023,2765.829992276005,0.0005185202870095052,1267.0
0.13776767738393023,3409.626140978755,0.0005185202870095052,1436.0
0.13776767738393023,4459.531201501333,0.0005185202870095052,1019.0
0.13776767738393023,5276.417604785413,0.0005185202870095052,1977.0
0.13776767738393023,6635.768043903925,0.0005185202870095052,2593.0
0.13776767738393023,7516.038130887857,0.0005185202870095052,834.0
0.13776767738393023,8830.630495521022,0.0005185202870095052,1112.0
0.13776767738393023,10919.310573351555,0.0017571830187636736,2116.0
0.13776767738393023,13409.380637219758,0.0017928057997732573,819.0
0.13776767738393023,17125.493935792925,0.0017928057997732573,2733.0
0.13776767738393023,20513.980999515246,0.0017928057997732573,2044.0
0.13776767738393023,23805.94727169494,0.0017928057997732573,840.0
0.13776767738393023,26184.706016140044,0.0017928057997732573,465.0
0.13776767738393023,29529.729408601866,0.0017928057997732573,536.0
0.13776767738393023,34053.23296287436,0.0017928057997732573,5160.0
0.13776767738393023,39463.14737469656,0.0017928057997732573,328.0
0.13776767738393023,55421.9896749117,0.0017827406950622492,812.0
0.13776767738393023,91167.3808851101,0.001712316227964248,907.0
0.13776767738393023,113625.91869241698,0.001712316227964248,725.0
0.13776767738393023,149655.88798704115,0.001712316227964248,805.0
0.13776767738393023,208408.64041463475,0.001712316227964248,1152.0
0.13776767738393023,319066.0198005588,0.001712316227964248,927.0
0.13776767738393023,440181.3536483415,0.001712316227964248,3535.0
0.13776767738393023,471232.7074012576,0.001712316227964248,1082.0
0.13788443616029825,0.0,-0.0015019772331526756,0.0
0.13788443616029825,381.359021790573,-0.0015019772331526756,0.0
0.13788443616029825,801.1857051368861,-0.0015019772331526756,0.0
0.13788443616029825,1256.5145153564372,-0.0015019772331526756,0.0
0.13788443616029825,1707.8187342922174,-0.0015019772331526756,0.0
0.13788443616029825,2164.998373795577,0.0003332945455921395,0.0
0.13788443616029825,2765.829992276005,0.0003332945455921395,0.0
0.13788443616029825,3409.626140978755,0.0003332945455921395,0.0
0.13788443616029825,4459.531201501333,0.0003332945455921395,0.0
0.13788443616029825,5276.417604785413,0.0003332945455921395,0.0
0.13788443616029825,6635.768043903925,0.0003332945455921395,0.0
0.13788443616029825,7516.038130887857,0.0003332945455921395,0.0
0.13788443616029825,8830.630495521022,0.0003332945455921395,0.0
0.13788443616029825,10919.310573351555,0.001571957277346308,0.0
0.13788443616029825,13409.380637219758,0.0016075800583558917,0.0
0.13788443616029825,17125.493935792925,0.0016075800583558917,0.0
0.13788443616029825,20513.980999515246,0.0016075800583558917,0.0
0.13788443616029825,23805.94727169494,0.0016075800583558917,0.0
0.13788443616029825,26184.706016140044,0.0016075800583558917,0.0
0.13788443616029825,29529.729408601866,0.0016075800583558917,0.0
0.13788443616029825,34053.23296287436,0.0016075800583558917,0.0
0.13788443616029825,39463.14737469656,0.0016075800583558917,0.0
0.13788443616029825,55421.9896749117,0.0016467728278306533,0.0
0.13788443616029825,91167.3808851101,0.001712316227964248,0.0
0.13788443616029825,113625.91869241698,0.001712316227964248,0.0
0.13788443616029825,149655.88798704115,0.001712316227964248,0.0
0.13788443616029825,208408.64041463475,0.001712316227964248,0.0
0.13788443616029825,319066.0198005588,0.001712316227964248,0.0
0.13788443616029825,440181.3536483415,0.001712316227964248,2.0
0.13788443616029825,471232.7074012576,0.001712316227964248,42.0
0.15098657225508397,0.0,-0.0015019772331526756,0.0
0.15098657225508397,381.359021790573,-0.0015019772331526756,460.0
0.15098657225508397,801.1857051368861,-0.0015019772331526756,560.0
0.15098657225508397,1256.5145153564372,-0.0015019772331526756,824.0
0.15098657225508397,1707.8187342922174,-0.0015019772331526756,541.0
0.15098657225508397,2164.998373795577,0.0003332945455921395,1539.0
0.15098657225508397,2765.829992276005,0.0003332945455921395,551.0
0.15098657225508397,3409.626140978755,0.0003332945455921395,1319.0
0.15098657225508397,4459.531201501333,0.0003332945455921395,651.0
0.15098657225508397,5276.417604785413,0.0003332945455921395,1059.0
0.15098657225508397,6635.768043903925,0.0003332945455921395,2018.0
0.15098657225508397,7516.038130887857,0.0003332945455921395,949.0
0.15098657225508397,8830.630495521022,0.0003332945455921395,832.0
0.15098657225508397,10919.310573351555,0.001571957277346308,606.0
0.15098657225508397,13409.380637219758,0.0016075800583558917,703.0
0.15098657225508397,17125.493935792925,0.0016075800583558917,1415.0
0.15098657225508397,20513.980999515246,0.0016075800583558917,851.0
0.15098657225508397,23805.94727169494,0.0016075800583558917,706.0
0.15098657225508397,26184.706016140044,0.0016075800583558917,358.0
0.15098657225508397,29529.729408601866,0.0016075800583558917,1805.0
0.15098657225508397,34053.23296287436,0.0016075800583558917,525.0
0.15098657225508397,39463.14737469656,0.0016075800583558917,463.0
0.15098657225508397,55421.9896749117,0.0016467728278306533,747.0
0.15098657225508397,91167.3808851101,0.001712316227964248,1673.0
0.15098657225508397,113625.91869241698,0.001712316227964248,346.0
0.15098657225508397,149655.88798704115,0.001712316227964248,614.0
0.15098657225508397,208408.64041463475,0.001712316227964248,2222.0
0.15098657225508397,319066.0198005588,0.001712316227964248,3473.0
0.15098657225508397,440181.3536483415,0.001712316227964248,8902.0
0.15098657225508397,471232.7074012576,0.001712316227964248,1005.0
0.1697250280583614,0.0,-0.0015019772331526756,0.0
0.1697250280583614,381.359021790573,-0.0015019772331526756,608.0
0.1697250280583614,801.1857051368861,-0.0015019772331526756,1181.0
0.1697250280583614,1256.5145153564372,-0.0015019772331526756,879.0
0.1697250280583614,1707.8187342922174,-0.0015019772331526756,1202.0
0.1697250280583614,2164.998373795577,0.0003332945455921395,1558.0
0.1697250280583614,2765.829992276005,0.0003332945455921395,915.0
0.1697250280583614,3409.626140978755,0.0003332945455921395,727.0
0.1697250280583614,4459.531201501333,0.0003332945455921395,2473.0
0.1697250280583614,5276.417604785413,0.0003332945455921395,1793.0
0.1697250280583614,6635.768043903925,0.0003332945455921395,780.0
0.1697250280583614,7516.038130887857,0.0003332945455921395,470.0
0.1697250280583614,8830.630495521022,0.0003332945455921395,2847.0
0.1697250280583614,10919.310573351555,0.001571957277346308,769.0
0.1697250280583614,13409.380637219758,0.0016075800583558917,1566.0
0.1697250280583614,17125.493935792925,0.0016075800583558917,718.0
0.1697250280583614,20513.980999515246,0.0016075800583558917,2053.0
0.1697250280583614,23805.94727169494,0.0016075800583558917,3587.0
0.1697250280583614,26184.706016140044,0.0016075800583558917,659.0
0.1697250280583614,29529.729408601866,0.0016075800583558917,478.0
0.1697250280583614,34053.23296287436,0.0016075800583558917,712.0
0.1697250280583614,39463.14737469656,0.0016075800583558917,548.0
0.1697250280583614,55421.9896749117,0.0016467728278306533,736.0
0.1697250280583614,91167.3808851101,0.001712316227964248,803.0
0.1697250280583614,113625.91869241698,0.001712316227964248,649.0
0.1697250280583614,149655.88798704115,0.001712316227964248,724.0
0.1697250280583614,208408.64041463475,0.001712316227964248,1053.0
0.1697250280583614,319066.0198005588,0.001712316227964248,2861.0
0.1697250280583614,440181.3536483415,0.001712316227964248,4548.0
0.1697250280583614,471232.7074012576,0.001712316227964248,786.0
0.18530782438067206,0.0,-0.0015019772331526756,0.0
0.18530782438067206,381.359021790573,-0.0015019772331526756,649.0
0.18530782438067206,801.1857051368861,-0.0015019772331526756,1039.0
0.18530782438067206,1256.5145153564372,-0.0015019772331526756,733.0
0.18530782438067206,1707.8187342922174,-0.0015019772331526756,1006.0
0.18530782438067206,2164.998373795577,0.0003332945455921395,1286.0
0.18530782438067206,2765.829992276005,0.0003332945455921395,1553.0
0.18530782438067206,3409.626140978755,0.0003332945455921395,786.0
0.18530782438067206,4459.531201501333,0.0003332945455921395,1427.0
0.18530782438067206,5276.417604785413,0.0003332945455921395,1684.0
0.18530782438067206,6635.768043903925,0.0003332945455921395,761.0
0.18530782438067206,7516.038130887857,0.0003332945455921395,685.0
0.18530782438067206,8830.630495521022,0.0003332945455921395,1135.0
0.18530782438067206,10919.310573351555,0.001571957277346308,2377.0
0.18530782438067206,13409.380637219758,0.0016075800583558917,1045.0
0.18530782438067206,17125.493935792925,0.0016075800583558917,1114.0
0.18530782438067206,20513.980999515246,0.0016075800583558917,2552.0
0.18530782438067206,23805.94727169494,0.0016075800583558917,943.0
0.18530782438067206,26184.706016140044,0.0016075800583558917,759.0
0.18530782438067206,29529.729408601866,0.0016075800583558917,2761.0
0.18530782438067206,34053.23296287436,0.0016075800583558917,1225.0
0.18530782438067206,39463.14737469656,0.0016075800583558917,291.0
0.18530782438067206,55421.9896749117,0.0016467728278306533,712.0
0.18530782438067206,91167.3808851101,0.001712316227964248,505.0
0.18530782438067206,113625.91869241698,0.001712316227964248,1325.0
0.18530782438067206,149655.88798704115,0.001712316227964248,975.0
0.18530782438067206,208408.64041463475,0.001712316227964248,1734.0
0.18530782438067206,319066.0198005588,0.001712316227964248,2881.0
0.18530782438067206,440181.3536483415,0.001712316227964248,3538.0
0.18530782438067206,471232.7074012576,0.001712316227964248,852.0
0.19906865296209558,0.0,-0.0015019772331526756,0.0
0.19906865296209558,381.359021790573,-0.0015019772331526756,791.0
0.19906865296209558,801.1857051368861,-0.0015019772331526756,599.0
0.19906865296209558,1256.5145153564372,-0.0015019772331526756,844.0
0.19906865296209558,1707.8187342922174,-0.0015019772331526756,981.0
0.19906865296209558,2164.998373795577,0.0003332945455921395,692.0
0.19906865296209558,2765.829992276005,0.0003332945455921395,818.0
0.19906865296209558,3409.626140978755,0.0003332945455921395,494.0
0.19906865296209558,4459.531201501333,0.0003332945455921395,2986.0
0.19906865296209558,5276.417604785413,0.0003332945455921395,588.0
0.19906865296209558,6635.768043903925,0.0003332945455921395,694.0
0.19906865296209558,7516.038130887857,0.0003332945455921395,299.0
0.19906865296209558,8830.630495521022,0.0003332945455921395,1900.0
0.19906865296209558,10919.310573351555,0.001571957277346308,589.0
0.19906865296209558,13409.380637219758,0.0016075800583558917,2476.0
0.19906865296209558,17125.493935792925,0.0016075800583558917,1847.0
0.19906865296209558,20513.980999515246,0.0016075800583558917,1051.0
0.19906865296209558,23805.94727169494,0.0016075800583558917,1546.0
0.19906865296209558,26184.706016140044,0.0016075800583558917,680.0
0.19906865296209558,29529.729408601866,0.0016075800583558917,413.0
0.19906865296209558,34053.23296287436,0.0016075800583558917,793.0
0.19906865296209558,39463.14737469656,0.0016075800583558917,7096.0
0.19906865296209558,55421.9896749117,0.0016467728278306533,1218.0
0.19906865296209558,91167.3808851101,0.001712316227964248,989.0
0.19906865296209558,113625.91869241698,0.001712316227964248,2217.0
0.19906865296209558,149655.88798704115,0.001712316227964248,793.0
0.19906865296209558,208408.64041463475,0.001712316227964248,1173.0
0.19906865296209558,319066.0198005588,0.001712316227964248,1559.0
0.19906865296209558,440181.3536483415,0.001712316227964248,1490.0
0.19906865296209558,471232.7074012576,0.001712316227964248,302.0
0.19909455916093083,0.0,-0.0015019772331526756,0.0
0.19909455916093083,381.359021790573,-0.0015019772331526756,0.0
0.19909455916093083,801.1857051368861,-0.0015019772331526756,0.0
0.19909455916093083,1256.5145153564372,-0.0015019772331526756,0.0
0.19909455916093083,1707.8187342922174,-0.0015019772331526756,0.0
0.19909455916093083,2164.998373795577,0.0003332945455921395,0.0
0.19909455916093083,2765.829992276005,0.0003332945455921395,0.0
0.19909455916093083,3409.626140978755,0.0003332945455921395,0.0
0.19909455916093083,4459.531201501333,0.0003332945455921395,0.0
0.19909455916093083,5276.417604785413,0.0003332945455921395,0.0
0.19909455916093083,6635.768043903925,0.0003332945455921395,0.0
0.19909455916093083,7516.038130887857,0.0003332945455921395,0.0
0.19909455916093083,8830.630495521022,0.0003332945455921395,0.0
0.19909455916093083,10919.310573351555,0.001571957277346308,0.0
0.19909455916093083,13409.380637219758,0.0016075800583558917,0.0
0.19909455916093083,17125.493935792925,0.0016075800583558917,0.0
0.19909455916093083,20513.980999515246,0.0016075800583558917,0.0
0.19909455916093083,23805.94727169494,0.0016075800583558917,0.0
0.19909455916093083,26184.706016140044,0.0016075800583558917,0.0
0.19909455916093083,29529.729408601866,0.0016075800583558917,0.0
0.19909455916093083,34053.23296287436,0.0016075800583558917,0.0
0.19909455916093083,39463.14737469656,0.0016075800583558917,0.0
0.19909455916093083,55421.9896749117,0.0016467728278306533,0.0
0.19909455916093083,91167.3808851101,0.001712316227964248,0.0
0.19909455916093083,113625.91869241698,0.001712316227964248,0.0
0.19909455916093083,149655.88798704115,0.001712316227964248,0.0
0.19909455916093083,208408.64041463475,0.001712316227964248,0.0
0.19909455916093083,319066.0198005588,0.001712316227964248,0.0
0.19909455916093083,440181.3536483415,0.001712316227964248,6.0
0.19909455916093083,471232.7074012576,0.001712316227964248,58116.0
0.21378846800134427,0.0,-0.0015019772331526756,0.0
0.21378846800134427,381.359021790573,-0.0015019772331526756,1071.0
0.21378846800134427,801.1857051368861,-0.0015019772331526756,1142.0
0.21378846800134427,1256.5145153564372,-0.0015019772331526756,1336.0
0.21378846800134427,1707.8187342922174,-0.0015019772331526756,1199.0
0.21378846800134427,2164.998373795577,0.0003332945455921395,1049.0
0.21378846800134427,2765.829992276005,0.0003332945455921395,1109.0
0.21378846800134427,3409.626140978755,0.0003332945455921395,1210.0
0.21378846800134427,4459.531201501333,0.0003332945455921395,1250.0
0.21378846800134427,5276.417604785413,0.0003332945455921395,437.0
0.21378846800134427,6635.768043903925,0.0003332945455921395,2012.0
0.21378846800134427,7516.038130887857,0.0003332945455921395,703.0
0.21378846800134427,8830.630495521022,0.0003332945455921395,2661.0
0.21378846800134427,10919.310573351555,0.001571957277346308,854.0
0.21378846800134427,13409.380637219758,0.0016075800583558917,659.0
0.21378846800134427,17125.493935792925,0.0016075800583558917,2298.0
0.21378846800134427,20513.980999515246,0.0016075800583558917,2763.0
0.21378846800134427,23805.94727169494,0.0016075800583558917,1232.0
0.21378846800134427,26184.706016140044,0.0016075800583558917,715.0
0.21378846800134427,29529.729408601866,0.0016075800583558917,1509.0
0.21378846800134427,34053.23296287436,0.0016075800583558917,837.0
0.21378846800134427,39463.14737469656,0.0016075800583558917,2945.0
0.21378846800134427,55421.9896749117,0.0016467728278306533,774.0
0.21378846800134427,91167.3808851101,0.001712316227964248,725.0
0.21378846800134427,113625.91869241698,0.001712316227964248,856.0
0.21378846800134427,149655.88798704115,0.001712316227964248,541.0
0.21378846800134427,208408.64041463475,0.001712316227964248,856.0
0.21378846800134427,319066.0198005588,0.001712316227964248,607.0
0.21378846800134427,440181.3536483415,0.001712316227964248,1014.0
0.21378846800134427,471232.7074012576,0.001712316227964248,335.0
0.2255270529264337,0.0,-0.0015019772331526756,0.0
0.2255270529264337,381.359021790573,-0.0015019772331526756,1057.0
0.2255270529264337,801.1857051368861,-0.0015019772331526756,931.0
0.2255270529264337,1256.5145153564372,-0.0015019772331526756,736.0
0.2255270529264337,1707.8187342922174,-0.0015019772331526756,1279.0
0.2255270529264337,2164.998373795577,0.0003332945455921395,966.0
0.2255270529264337,2765.829992276005,0.0003332945455921395,693.0
0.2255270529264337,3409.626140978755,0.0003332945455921395,619.0
0.2255270529264337,4459.531201501333,0.0003332945455921395,982.0
0.2255270529264337,5276.417604785413,0.0003332945455921395,1071.0
0.2255270529264337,6635.768043903925,0.0003332945455921395,1631.0
0.2255270529264337,7516.038130887857,0.0003332945455921395,730.0
0.2255270529264337,8830.630495521022,0.0003332945455921395,1944.0
0.2255270529264337,10919.310573351555,0.001571957277346308,302.0
0.2255270529264337,13409.380637219758,0.0016075800583558917,876.0
0.2255270529264337,17125.493935792925,0.0016075800583558917,479.0
0.2255270529264337,20513.980999515246,0.0016075800583558917,1729.0
0.2255270529264337,23805.94727169494,0.0016075800583558917,545.0
0.2255270529264337,26184.706016140044,0.0016075800583558917,688.0
0.2255270529264337,29529.729408601866,0.0016075800583558917,2060.0
0.2255270529264337,34053.23296287436,0.0016075800583558917,491.0
0.2255270529264337,39463.14737469656,0.0016075800583558917,5642.0
0.2255270529264337,55421.9896749117,0.0016467728278306533,1587.0
0.2255270529264337,91167.3808851101,0.001712316227964248,675.0
0.2255270529264337,113625.91869241698,0.001712316227964248,742.0
0.2255270529264337,149655.88798704115,0.001712316227964248,565.0
0.2255270529264337,208408.64041463475,0.001712316227964248,833.0
0.2255270529264337,319066.0198005588,0.001712316227964248,560.0
0.2255270529264337,440181.3536483415,0.001712316227964248,953.0
0.2255270529264337,471232.7074012576,0.001712316227964248,31.0
0.23738045123887597,0.0,-0.0015019772331526756,0.0
0.23738045123887597,381.359021790573,-0.0015019772331526756,880.0
0.23738045123887597,801.1857051368861,-0.0015019772331526756,1283.0
0.23738045123887597,1256.5145153564372,-0.0015019772331526756,1069.0
0.23738045123887597,1707.8187342922174,-0.0015019772331526756,874.0
0.23738045123887597,2164.998373795577,0.0003332945455921395,732.0
0.23738045123887597,2765.829992276005,0.0003332945455921395,904.0
0.23738045123887597,3409.626140978755,0.0003332945455921395,617.0
0.23738045123887597,4459.531201501333,0.0003332945455921395,1010.0
0.23738045123887597,5276.417604785413,0.0003332945455921395,533.0
0.23738045123887597,6635.768043903925,0.0003332945455921395,714.0
0.23738045123887597,7516.038130887857,0.0003332945455921395,859.0
0.23738045123887597,8830.630495521022,0.0003332945455921395,1745.0
0.23738045123887597,10919.310573351555,0.001571957277346308,397.0
0.23738045123887597,13409.380637219758,0.0016075800583558917,730.0
0.23738045123887597,17125.493935792925,0.0016075800583558917,1182.0
0.23738045123887597,20513.980999515246,0.0016075800583558917,1447.0
0.23738045123887597,23805.94727169494,0.0016075800583558917,1709.0
0.23738045123887597,26184.706016140044,0.0016075800583558917,511.0
0.23738045123887597,29529.729408601866,0.0016075800583558917,3647.0
0.23738045123887597,34053.23296287436,0.0016075800583558917,438.0
0.23738045123887597,39463.14737469656,0.0016075800583558917,438.0
0.23738045123887597,55421.9896749117,0.0016467728278306533,1380.0
0.23738045123887597,91167.3808851101,0.001712316227964248,804.0
0.23738045123887597,113625.91869241698,0.001712316227964248,8534.0
0.23738045123887597,149655.88798704115,0.001712316227964248,573.0
0.23738045123887597,208408.64041463475,0.001712316227964248,1051.0
0.23738045123887597,319066.0198005588,0.001712316227964248,248.0
0.23738045123887597,440181.3536483415,0.001712316227964248,421.0
0.23738045123887597,471232.7074012576,0.001712316227964248,0.0
0.2526598754951896,0.0,-0.0015019772331526756,0.0
0.2526598754951896,381.359021790573,-0.0015019772331526756,1543.0
0.2526598754951896,801.1857051368861,-0.0015019772331526756,1575.0
0.2526598754951896,1256.5145153564372,-0.0015019772331526756,1495.0
0.2526598754951896,1707.8187342922174,-0.0015019772331526756,1870.0
0.2526598754951896,2164.998373795577,-0.001388706144500199,1406.0
0.2526598754951896,2765.829992276005,-0.001388706144500199,803.0
0.2526598754951896,3409.626140978755,-0.001388706144500199,1635.0
0.2526598754951896,4459.531201501333,-0.001388706144500199,804.0
0.2526598754951896,5276.417604785413,-0.001388706144500199,2602.0
0.2526598754951896,6635.768043903925,-0.001388706144500199,742.0
0.2526598754951896,7516.038130887857,-0.001388706144500199,749.0
0.2526598754951896,8830.630495521022,-0.001388706144500199,1009.0
0.2526598754951896,10919.310573351555,-0.00015004341274603027,713.0
0.2526598754951896,13409.380637219758,-0.00011442063173644643,805.0
0.2526598754951896,17125.493935792925,-0.00011442063173644643,842.0
0.2526598754951896,20513.980999515246,-0.00011442063173644643,3049.0
0.2526598754951896,23805.94727169494,-0.00011442063173644643,1045.0
0.2526598754951896,26184.706016140044,-0.00011442063173644643,730.0
0.2526598754951896,29529.729408601866,-0.00011442063173644643,829.0
0.2526598754951896,34053.23296287436,-0.00011442063173644643,1961.0
0.2526598754951896,39463.14737469656,-0.00011442063173644643,838.0
0.2526598754951896,55421.9896749117,-7.522786226168473e-05,1229.0
0.2526598754951896,91167.3808851101,-9.68446212809013e-06,392.0
0.2526598754951896,113625.91869241698,-9.68446212809013e-06,944.0
0.2526598754951896,149655.88798704115,-9.68446212809013e-06,535.0
0.2526598754951896,208408.64041463475,-9.68446212809013e-06,749.0
0.2526598754951896,319066.0198005588,-9.68446212809013e-06,317.0
0.2526598754951896,440181.3536483415,-9.68446212809013e-06,3405.0
0.2526598754951896,471232.7074012576,-9.68446212809013e-06,168.0
0.26843871423525256,0.0,-0.0015019772331526756,0.0
0.26843871423525256,381.359021790573,-0.0015019772331526756,823.0
0.26843871423525256,801.1857051368861,-0.0015019772331526756,774.0
0.26843871423525256,1256.5145153564372,-0.0015019772331526756,1368.0
0.26843871423525256,1707.8187342922174,-0.0015019772331526756,1194.0
0.26843871423525256,2164.998373795577,-0.001388706144500199,1031.0
0.26843871423525256,2765.829992276005,-0.001388706144500199,377.0
0.26843871423525256,3409.626140978755,-0.001388706144500199,783.0
0.26843871423525256,4459.531201501333,-0.001388706144500199,1784.0
0.26843871423525256,5276.417604785413,-0.001388706144500199,1141.0
0.26843871423525256,6635.768043903925,-0.001388706144500199,814.0
0.26843871423525256,7516.038130887857,-0.001388706144500199,609.0
0.26843871423525256,8830.630495521022,-0.001388706144500199,1145.0
0.26843871423525256,10919.310573351555,-0.00015004341274603027,2605.0
0.26843871423525256,13409.380637219758,-0.00011442063173644643,2034.0
0.26843871423525256,17125.493935792925,-0.00011442063173644643,1015.0
0.26843871423525256,20513.980999515246,-0.00011442063173644643,409.0
0.26843871423525256,23805.94727169494,-0.00011442063173644643,908.0
0.26843871423525256,26184.706016140044,-0.00011442063173644643,1532.0
0.26843871423525256,29529.729408601866,-0.00011442063173644643,2010.0
0.26843871423525256,34053.23296287436,-0.00011442063173644643,877.0
0.26843871423525256,39463.14737469656,-0.00011442063173644643,5816.0
0.26843871423525256,55421.9896749117,-7.522786226168473e-05,827.0
0.26843871423525256,91167.3808851101,-9.68446212809013e-06,837.0
0.26843871423525256,113625.91869241698,-9.68446212809013e-06,1253.0
0.26843871423525256,149655.88798704115,-9.68446212809013e-06,1239.0
0.26843871423525256,208408.64041463475,-9.68446212809013e-06,837.0
0.26843871423525256,319066.0198005588,-9.68446212809013e-06,430.0
0.26843871423525256,440181.3536483415,-9.68446212809013e-06,300.0
0.26843871423525256,471232.7074012576,-9.68446212809013e-06,165.0
0.28057847492973076,0.0,-0.0015019772331526756,0.0
0.28057847492973076,381.359021790573,-0.0015019772331526756,1601.0
0.28057847492973076,801.1857051368861,-0.0015019772331526756,1265.0
0.28057847492973076,1256.5145153564372,-0.0015019772331526756,1125.0
0.28057847492973076,1707.8187342922174,-0.0015019772331526756,1362.0
0.28057847492973076,2164.998373795577,-0.001388706144500199,1168.0
0.28057847492973076,2765.829992276005,-0.001388706144500199,919.0
0.28057847492973076,3409.626140978755,-0.001388706144500199,955.0
0.28057847492973076,4459.531201501333,-0.001388706144500199,551.0
0.28057847492973076,5276.417604785413,-0.001388706144500199,1095.0
0.28057847492973076,6635.768043903925,-0.001388706144500199,1430.0
0.28057847492973076,7516.038130887857,-0.001388706144500199,859.0
0.28057847492973076,8830.630495521022,-0.001388706144500199,757.0
0.28057847492973076,10919.310573351555,-0.00015004341274603027,3083.0
0.28057847492973076,13409.380637219758,-0.00011442063173644643,4594.0
0.28057847492973076,17125.493935792925,-0.00011442063173644643,653.0
0.28057847492973076,20513.980999515246,-0.00011442063173644643,2020.0
0.28057847492973076,23805.94727169494,-0.00011442063173644643,677.0
0.28057847492973076,26184.706016140044,-0.00011442063173644643,2491.0
0.28057847492973076,29529.729408601866,-0.00011442063173644643,1565.0
0.28057847492973076,34053.23296287436,-0.00011442063173644643,486.0
0.28057847492973076,39463.14737469656,-0.00011442063173644643,388.0
0.28057847492973076,55421.9896749117,-7.522786226168473e-05,812.0
0.28057847492973076,91167.3808851101,-9.68446212809013e-06,2951.0
0.28057847492973076,113625.91869241698,-9.68446212809013e-06,557.0
0.28057847492973076,149655.88798704115,-9.68446212809013e-06,635.0
0.28057847492973076,208408.64041463475,-9.68446212809013e-06,470.0
0.28057847492973076,319066.0198005588,-9.68446212809013e-06,585.0
0.28057847492973076,440181.3536483415,-9.68446212809013e-06,117.0
0.28057847492973076,471232.7074012576,-9.68446212809013e-06,4.0
0.29484969053934573,0.0,-0.0015019772331526756,0.0
0.29484969053934573,381.359021790573,-0.0015019772331526756,817.0
0.29484969053934573,801.1857051368861,-0.0015019772331526756,979.0
0.29484969053934573,1256.5145153564372,-0.0015019772331526756,806.0
0.29484969053934573,1707.8187342922174,-0.0015019772331526756,753.0
0.29484969053934573,2164.998373795577,-0.001388706144500199,1008.0
0.29484969053934573,2765.829992276005,-0.001388706144500199,1171.0
0.29484969053934573,3409.626140978755,-0.001388706144500199,924.0
0.29484969053934573,4459.531201501333,-0.001388706144500199,1493.0
0.29484969053934573,5276.417604785413,-0.001388706144500199,2669.0
0.29484969053934573,6635.768043903925,-0.001388706144500199,771.0
0.29484969053934573,7516.038130887857,-0.001388706144500199,2104.0
0.29484969053934573,8830.630495521022,-0.001388706144500199,512.0
0.29484969053934573,10919.310573351555,-0.00015004341274603027,686.0
0.29484969053934573,13409.380637219758,-0.00011442063173644643,849.0
0.29484969053934573,17125.493935792925,-0.00011442063173644643,549.0
0.29484969053934573,20513.980999515246,-0.00011442063173644643,823.0
0.29484969053934573,23805.94727169494,-0.00011442063173644643,1222.0
0.29484969053934573,26184.706016140044,-0.00011442063173644643,564.0
0.29484969053934573,29529.729408601866,-0.00011442063173644643,258.0
0.29484969053934573,34053.23296287436,-0.00011442063173644643,9457.0
0.29484969053934573,39463.14737469656,-0.00011442063173644643,494.0
0.29484969053934573,55421.9896749117,-7.522786226168473e-05,563.0
0.29484969053934573,91167.3808851101,-9.68446212809013e-06,2487.0
0.29484969053934573,113625.91869241698,-9.68446212809013e-06,1089.0
0.29484969053934573,149655.88798704115,-9.68446212809013e-06,722.0
0.29484969053934573,208408.64041463475,-9.68446212809013e-06,545.0
0.29484969053934573,319066.0198005588,-9.68446212809013e-06,432.0
0.29484969053934573,440181.3536483415,-9.68446212809013e-06,357.0
0.29484969053934573,471232.7074012576,-9.68446212809013e-06,0.0
0.31039219401288365,0.0,-0.0015019772331526756,0.0
0.31039219401288365,381.359021790573,-0.0015019772331526756,1901.0
0.31039219401288365,801.1857051368861,-0.0015019772331526756,1164.0
0.31039219401288365,1256.5145153564372,-0.0015019772331526756,1546.0
0.31039219401288365,1707.8187342922174,-0.0015019772331526756,909.0
0.31039219401288365,2164.998373795577,-0.001388706144500199,1080.0
0.31039219401288365,2765.829992276005,-0.001388706144500199,1540.0
0.31039219401288365,3409.626140978755,-0.001388706144500199,684.0
0.31039219401288365,4459.531201501333,-0.001388706144500199,1231.0
0.31039219401288365,5276.417604785413,-0.001388706144500199,1333.0
0.31039219401288365,6635.768043903925,-0.001388706144500199,627.0
0.31039219401288365,7516.038130887857,-0.001388706144500199,1874.0
0.31039219401288365,8830.630495521022,-0.001388706144500199,1180.0
0.31039219401288365,10919.310573351555,-0.00015004341274603027,1920.0
0.31039219401288365,13409.380637219758,-0.00011442063173644643,1011.0
0.31039219401288365,17125.493935792925,-0.00011442063173644643,722.0
0.31039219401288365,20513.980999515246,-0.00011442063173644643,546.0
0.31039219401288365,23805.94727169494,-0.00011442063173644643,877.0
0.31039219401288365,26184.706016140044,-0.00011442063173644643,2271.0
0.31039219401288365,29529.729408601866,-0.00011442063173644643,4350.0
0.31039219401288365,34053.23296287436,-0.00011442063173644643,1011.0
0.31039219401288365,39463.14737469656,-0.00011442063173644643,1337.0
0.31039219401288365,55421.9896749117,-7.522786226168473e-05,521.0
0.31039219401288365,91167.3808851101,-9.68446212809013e-06,589.0
0.31039219401288365,113625.91869241698,-9.68446212809013e-06,1275.0
0.31039219401288365,149655.88798704115,-9.68446212809013e-06,728.0
0.31039219401288365,208408.64041463475,-9.68446212809013e-06,480.0
0.31039219401288365,319066.0198005588,-9.68446212809013e-06,249.0
0.31039219401288365,440181.3536483415,-9.68446212809013e-06,497.0
0.31039219401288365,471232.7074012576,-9.68446212809013e-06,12.0
0.33312074829931976,0.0,-0.0015019772331526756,0.0
0.33312074829931976,381.359021790573,-0.0015019772331526756,1211.0
0.33312074829931976,801.1857051368861,-0.0015019772331526756,1760.0
0.33312074829931976,1256.5145153564372,-0.0015019772331526756,1104.0
0.33312074829931976,1707.8187342922174,-0.0015019772331526756,897.0
0.33312074829931976,2164.998373795577,-0.001388706144500199,649.0
0.33312074829931976,2765.829992276005,-0.001388706144500199,721.0
0.33312074829931976,3409.626140978755,-0.001388706144500199,833.0
0.33312074829931976,4459.531201501333,-0.001388706144500199,592.0
0.33312074829931976,5276.417604785413,-0.001388706144500199,680.0
0.33312074829931976,6635.768043903925,-0.001388706144500199,2240.0
0.33312074829931976,7516.038130887857,-0.001388706144500199,794.0
0.33312074829931976,8830.630495521022,-0.001388706144500199,1995.0
0.33312074829931976,10919.310573351555,-0.00015004341274603027,3134.0
0.33312074829931976,13409.380637219758,-0.00011442063173644643,1239.0
0.33312074829931976,17125.493935792925,-0.00011442063173644643,718.0
0.33312074829931976,20513.980999515246,-0.00011442063173644643,625.0
0.33312074829931976,23805.94727169494,-0.00011442063173644643,855.0
0.33312074829931976,26184.706016140044,-0.00011442063173644643,814.0
0.33312074829931976,29529.729408601866,-0.00011442063173644643,601.0
0.33312074829931976,34053.23296287436,-0.00011442063173644643,2344.0
0.33312074829931976,39463.14737469656,-0.00011442063173644643,533.0
0.33312074829931976,55421.9896749117,-7.522786226168473e-05,1050.0
0.33312074829931976,91167.3808851101,-9.68446212809013e-06,4388.0
0.33312074829931976,113625.91869241698,-9.68446212809013e-06,873.0
0.33312074829931976,149655.88798704115,-9.68446212809013e-06,940.0
0.33312074829931976,208408.64041463475,-9.68446212809013e-06,705.0
0.33312074829931976,319066.0198005588,-9.68446212809013e-06,514.0
0.33312074829931976,440181.3536483415,-9.68446212809013e-06,413.0
0.33312074829931976,471232.7074012576,-9.68446212809013e-06,0.0
0.3384785568413887,0.0,9.892227304082935e-05,0.0
0.3384785568413887,381.359021790573,9.892227304082935e-05,1831.0
0.3384785568413887,801.1857051368861,9.892227304082935e-05,1841.0
0.3384785568413887,1256.5145153564372,9.892227304082935e-05,1338.0
0.3384785568413887,1707.8187342922174,9.892227304082935e-05,1579.0
0.3384785568413887,2164.998373795577,-0.0009076169889955462,1081.0
0.3384785568413887,2765.829992276005,-0.0009076169889955462,5224.0
0.3384785568413887,3409.626140978755,-0.0009076169889955462,344.0
0.3384785568413887,4459.531201501333,-0.0009076169889955462,778.0
0.3384785568413887,5276.417604785413,-0.0009076169889955462,301.0
0.3384785568413887,6635.768043903925,-0.0009076169889955462,558.0
0.3384785568413887,7516.038130887857,-0.0009076169889955462,250.0
0.3384785568413887,8830.630495521022,-0.0009076169889955462,289.0
0.3384785568413887,10919.310573351555,-0.0011678917316836047,343.0
0.3384785568413887,13409.380637219758,-0.001132268950674021,1050.0
0.3384785568413887,17125.493935792925,-0.001132268950674021,1175.0
0.3384785568413887,20513.980999515246,-0.001132268950674021,426.0
0.3384785568413887,23805.94727169494,-0.001132268950674021,5851.0
0.3384785568413887,26184.706016140044,-0.001132268950674021,215.0
0.3384785568413887,29529.729408601866,-0.001132268950674021,1408.0
0.3384785568413887,34053.23296287436,-0.001132268950674021,235.0
0.3384785568413887,39463.14737469656,-0.001132268950674021,440.0
0.3384785568413887,55421.9896749117,-0.0010930761811992593,167.0
0.3384785568413887,91167.3808851101,-0.0010275327810656647,299.0
0.3384785568413887,113625.91869241698,-0.0010275327810656647,471.0
0.3384785568413887,149655.88798704115,-0.0010275327810656647,340.0
0.3384785568413887,208408.64041463475,-0.0010275327810656647,6392.0
0.3384785568413887,319066.0198005588,-0.0010275327810656647,178.0
0.3384785568413887,440181.3536483415,-0.0010275327810656647,94.0
0.3384785568413887,471232.7074012576,-0.0010275327810656647,16.0
0.3659962266693619,0.0,9.892227304082935e-05,0.0
0.3659962266693619,381.359021790573,9.892227304082935e-05,1764.0
0.3659962266693619,801.1857051368861,9.892227304082935e-05,1417.0
0.3659962266693619,1256.5145153564372,9.892227304082935e-05,1787.0
0.3659962266693619,1707.8187342922174,9.892227304082935e-05,1316.0
0.3659962266693619,2164.998373795577,-0.0009076169889955462,1237.0
0.3659962266693619,2765.829992276005,-0.0009076169889955462,1440.0
0.3659962266693619,3409.626140978755,-0.0009076169889955462,2961.0
0.3659962266693619,4459.531201501333,-0.0009076169889955462,974.0
0.3659962266693619,5276.417604785413,-0.0009076169889955462,1231.0
0.3659962266693619,6635.768043903925,-0.0009076169889955462,2433.0
0.3659962266693619,7516.038130887857,-0.0009076169889955462,641.0
0.3659962266693619,8830.630495521022,-0.0009076169889955462,1377.0
0.3659962266693619,10919.310573351555,-0.0011678917316836047,700.0
0.3659962266693619,13409.380637219758,-0.001132268950674021,707.0
0.3659962266693619,17125.493935792925,-0.001132268950674021,1936.0
0.3659962266693619,20513.980999515246,-0.001132268950674021,1168.0
0.3659962266693619,23805.94727169494,-0.001132268950674021,856.0
0.3659962266693619,26184.706016140044,-0.001132268950674021,724.0
0.3659962266693619,29529.729408601866,-0.001132268950674021,492.0
0.3659962266693619,34053.23296287436,-0.001132268950674021,900.0
0.3659962266693619,39463.14737469656,-0.001132268950674021,723.0
0.3659962266693619,55421.9896749117,-0.0010930761811992593,2815.0
0.3659962266693619,91167.3808851101,-0.0010275327810656647,1489.0
0.3659962266693619,113625.91869241698,-0.0010275327810656647,1478.0
0.3659962266693619,149655.88798704115,-0.0010275327810656647,827.0
0.3659962266693619,208408.64041463475,-0.0010275327810656647,622.0
0.3659962266693619,319066.0198005588,-0.0010275327810656647,282.0
0.3659962266693619,440181.3536483415,-0.0010275327810656647,78.0
0.3659962266693619,471232.7074012576,-0.0010275327810656647,0.0
0.3978255740798993,0.0,9.892227304082935e-05,0.0
0.3978255740798993,381.359021790573,9.892227304082935e-05,1140.0
0.3978255740798993,801.1857051368861,9.892227304082935e-05,1041.0
0.3978255740798993,1256.5145153564372,9.892227304082935e-05,1348.0
0.3978255740798993,1707.8187342922174,9.892227304082935e-05,1710.0
0.3978255740798993,2164.998373795577,-0.0009076169889955462,2277.0
0.3978255740798993,2765.829992276005,-0.0009076169889955462,999.0
0.3978255740798993,3409.626140978755,-0.0009076169889955462,2917.0
0.3978255740798993,4459.531201501333,-0.0009076169889955462,1000.0
0.3978255740798993,5276.417604785413,-0.0009076169889955462,2014.0
0.3978255740798993,6635.768043903925,-0.0009076169889955462,1385.0
0.3978255740798993,7516.038130887857,-0.0009076169889955462,2735.0
0.3978255740798993,8830.630495521022,-0.0009076169889955462,1212.0
0.3978255740798993,10919.310573351555,-0.0011678917316836047,1062.0
0.3978255740798993,13409.380637219758,-0.001132268950674021,940.0
0.3978255740798993,17125.493935792925,-0.001132268950674021,859.0
0.3978255740798993,20513.980999515246,-0.001132268950674021,867.0
0.3978255740798993,23805.94727169494,-0.001132268950674021,863.0
0.3978255740798993,26184.706016140044,-0.001132268950674021,560.0
0.3978255740798993,29529.729408601866,-0.001132268950674021,726.0
0.3978255740798993,34053.23296287436,-0.001132268950674021,877.0
0.3978255740798993,39463.14737469656,-0.001132268950674021,720.0
0.3978255740798993,55421.9896749117,-0.0010930761811992593,1445.0
0.3978255740798993,91167.3808851101,-0.0010275327810656647,1331.0
0.3978255740798993,113625.91869241698,-0.0010275327810656647,2203.0
0.3978255740798993,149655.88798704115,-0.0010275327810656647,922.0
0.3978255740798993,208408.64041463475,-0.0010275327810656647,1028.0
0.3978255740798993,319066.0198005588,-0.0010275327810656647,199.0
0.3978255740798993,440181.3536483415,-0.0010275327810656647,139.0
0.3978255740798993,471232.7074012576,-0.0010275327810656647,30.0
0.4299532710280374,0.0,9.892227304082935e-05,0.0
0.4299532710280374,381.359021790573,9.892227304082935e-05,1476.0
0.4299532710280374,801.1857051368861,9.892227304082935e-05,1570.0
0.4299532710280374,1256.5145153564372,9.892227304082935e-05,1890.0
0.4299532710280374,1707.8187342922174,9.892227304082935e-05,1267.0
0.4299532710280374,2164.998373795577,-0.0011424865680053809,1195.0
0.4299532710280374,2765.829992276005,-0.0011424865680053809,1867.0
0.4299532710280374,3409.626140978755,-0.0011424865680053809,1652.0
0.4299532710280374,4459.531201501333,-0.0011424865680053809,1062.0
0.4299532710280374,5276.417604785413,-0.0011424865680053809,1143.0
0.4299532710280374,6635.768043903925,-0.0011424865680053809,1419.0
0.4299532710280374,7516.038130887857,-0.0011424865680053809,3230.0
0.4299532710280374,8830.630495521022,-0.0011424865680053809,915.0
0.4299532710280374,10919.310573351555,-0.004088022638992917,1635.0
0.4299532710280374,13409.380637219758,-0.004052399857983333,874.0
0.4299532710280374,17125.493935792925,-0.004052399857983333,957.0
0.4299532710280374,20513.980999515246,-0.004052399857983333,694.0
0.4299532710280374,23805.94727169494,-0.004052399857983333,939.0
0.4299532710280374,26184.706016140044,-0.004052399857983333,2711.0
0.4299532710280374,29529.729408601866,-0.004052399857983333,1026.0
0.4299532710280374,34053.23296287436,-0.004052399857983333,780.0
0.4299532710280374,39463.14737469656,-0.004052399857983333,762.0
0.4299532710280374,55421.9896749117,-0.004013207088508571,1048.0
0.4299532710280374,91167.3808851101,-0.0039476636883749765,1326.0
0.4299532710280374,113625.91869241698,-0.0039476636883749765,1459.0
0.4299532710280374,149655.88798704115,-0.0039476636883749765,744.0
0.4299532710280374,208408.64041463475,-0.0039476636883749765,397.0
0.4299532710280374,319066.0198005588,-0.0039476636883749765,299.0
0.4299532710280374,440181.3536483415,-0.0039476636883749765,94.0
0.4299532710280374,471232.7074012576,-0.0039476636883749765,8.0
0.461620294599018,0.0,9.892227304082935e-05,0.0
0.461620294599018,381.359021790573,9.892227304082935e-05,638.0
0.461620294599018,801.1857051368861,9.892227304082935e-05,833.0
0.461620294599018,1256.5145153564372,9.892227304082935e-05,977.0
0.461620294599018,1707.8187342922174,9.892227304082935e-05,1259.0
0.461620294599018,2164.998373795577,-0.0011424865680053809,1567.0
0.461620294599018,2765.829992276005,-0.0011424865680053809,1491.0
0.461620294599018,3409.626140978755,-0.0011424865680053809,2349.0
0.461620294599018,4459.531201501333,-0.0011424865680053809,1169.0
0.461620294599018,5276.417604785413,-0.0011424865680053809,1482.0
0.461620294599018,6635.768043903925,-0.0011424865680053809,843.0
0.461620294599018,7516.038130887857,-0.0011424865680053809,2762.0
0.461620294599018,8830.630495521022,-0.0011424865680053809,1040.0
0.461620294599018,10919.310573351555,-0.00589058006715682,413.0
0.461620294599018,13409.380637219758,-0.006076296709754429,563.0
0.461620294599018,17125.493935792925,-0.006076296709754429,954.0
0.461620294599018,20513.980999515246,-0.006076296709754429,614.0
0.461620294599018,23805.94727169494,-0.006076296709754429,946.0
0.461620294599018,26184.706016140044,-0.006076296709754429,7868.0
0.461620294599018,29529.729408601866,-0.006076296709754429,593.0
0.461620294599018,34053.23296287436,-0.006076296709754429,822.0
0.461620294599018,39463.14737469656,-0.006076296709754429,575.0
0.461620294599018,55421.9896749117,-0.006688465628236475,703.0
0.461620294599018,91167.3808851101,-0.007693289012962385,926.0
0.461620294599018,113625.91869241698,-0.007693289012962385,1513.0
0.461620294599018,149655.88798704115,-0.007693289012962385,962.0
0.461620294599018,208408.64041463475,-0.007693289012962385,545.0
0.461620294599018,319066.0198005588,-0.007693289012962385,137.0
0.461620294599018,440181.3536483415,-0.007693289012962385,36.0
0.461620294599018,471232.7074012576,-0.007693289012962385,96.0
0.499185667752443,0.0,0.00015349848893881065,0.0
0.499185667752443,381.359021790573,0.00015349848893881065,428.0
0.499185667752443,801.1857051368861,0.00015349848893881065,972.0
0.499185667752443,1256.5145153564372,0.00015349848893881065,1655.0
0.499185667752443,1707.8187342922174,0.00015349848893881065,1098.0
0.499185667752443,2164.998373795577,-0.0010879103521073998,877.0
0.499185667752443,2765.829992276005,-0.0010879103521073998,658.0
0.499185667752443,3409.626140978755,-0.0010879103521073998,1446.0
0.499185667752443,4459.531201501333,-0.0010879103521073998,1516.0
0.499185667752443,5276.417604785413,-0.0010879103521073998,1422.0
0.499185667752443,6635.768043903925,-0.0010879103521073998,511.0
0.499185667752443,7516.038130887857,-0.0010879103521073998,1988.0
0.499185667752443,8830.630495521022,-0.0010879103521073998,730.0
0.499185667752443,10919.310573351555,-0.00583600385125884,541.0
0.499185667752443,13409.380637219758,-0.006076296709754429,3256.0
0.499185667752443,17125.493935792925,-0.006076296709754429,1476.0
0.499185667752443,20513.980999515246,-0.006076296709754429,3953.0
0.499185667752443,23805.94727169494,-0.006076296709754429,1086.0
0.499185667752443,26184.706016140044,-0.006076296709754429,854.0
0.499185667752443,29529.729408601866,-0.006076296709754429,488.0
0.499185667752443,34053.23296287436,-0.006076296709754429,1264.0
0.499185667752443,39463.14737469656,-0.006076296709754429,750.0
0.499185667752443,55421.9896749117,-0.006688465628236475,734.0
0.499185667752443,91167.3808851101,-0.007693289012962385,1545.0
0.499185667752443,113625.91869241698,-0.007693289012962385,1090.0
0.499185667752443,149655.88798704115,-0.007693289012962385,980.0
0.499185667752443,208408.64041463475,-0.007693289012962385,3129.0
0.499185667752443,319066.0198005588,-0.007693289012962385,72.0
0.499185667752443,440181.3536483415,-0.007693289012962385,0.0
0.499185667752443,471232.7074012576,-0.007693289012962385,109.0
0.5417496679946878,0.0,0.020206218826975087,0.0
0.5417496679946878,381.359021790573,0.020206218826975087,2633.0
0.5417496679946878,801.1857051368861,0.020206218826975087,2304.0
0.5417496679946878,1256.5145153564372,0.020206218826975087,1984.0
0.5417496679946878,1707.8187342922174,0.020206218826975087,2295.0
0.5417496679946878,2164.998373795577,-0.0010879103521073998,3099.0
0.5417496679946878,2765.829992276005,-0.0010879103521073998,1696.0
0.5417496679946878,3409.626140978755,-0.0010879103521073998,1517.0
0.5417496679946878,4459.531201501333,-0.0010879103521073998,939.0
0.5417496679946878,5276.417604785413,-0.0010879103521073998,740.0
0.5417496679946878,6635.768043903925,-0.0010879103521073998,1142.0
0.5417496679946878,7516.038130887857,-0.0010879103521073998,603.0
0.5417496679946878,8830.630495521022,-0.0010879103521073998,740.0
0.5417496679946878,10919.310573351555,-0.00583600385125884,845.0
0.5417496679946878,13409.380637219758,-0.006076296709754429,420.0
0.5417496679946878,17125.493935792925,-0.006076296709754429,905.0
0.5417496679946878,20513.980999515246,-0.006076296709754429,780.0
0.5417496679946878,23805.94727169494,-0.006076296709754429,2742.0
0.5417496679946878,26184.706016140044,-0.006076296709754429,1107.0
0.5417496679946878,29529.729408601866,-0.006076296709754429,850.0
0.5417496679946878,34053.23296287436,-0.006076296709754429,1649.0
0.5417496679946878,39463.14737469656,-0.006076296709754429,865.0
0.5417496679946878,55421.9896749117,-0.006688465628236475,896.0
0.5417496679946878,91167.3808851101,-0.007693289012962385,1176.0
0.5417496679946878,113625.91869241698,-0.007693289012962385,1359.0
0.5417496679946878,149655.88798704115,-0.007693289012962385,455.0
0.5417496679946878,208408.64041463475,-0.007693289012962385,602.0
0.5417496679946878,319066.0198005588,-0.007693289012962385,166.0
0.5417496679946878,440181.3536483415,-0.007693289012962385,201.0
0.5417496679946878,471232.7074012576,-0.007693289012962385,0.0
0.6083242159008022,0.0,0.020206218826975087,0.0
0.6083242159008022,381.359021790573,0.020206218826975087,675.0
0.6083242159008022,801.1857051368861,0.020206218826975087,764.0
0.6083242159008022,1256.5145153564372,0.020206218826975087,1491.0
0.6083242159008022,1707.8187342922174,0.020206218826975087,1478.0
0.6083242159008022,2164.998373795577,-0.0010879103521073998,1615.0
0.6083242159008022,2765.829992276005,-0.0010879103521073998,1013.0
0.6083242159008022,3409.626140978755,-0.0010879103521073998,2047.0
0.6083242159008022,4459.531201501333,-0.0010879103521073998,629.0
0.6083242159008022,5276.417604785413,-0.0010879103521073998,1024.0
0.6083242159008022,6635.768043903925,-0.0010879103521073998,960.0
0.6083242159008022,7516.038130887857,-0.0010879103521073998,764.0
0.6083242159008022,8830.630495521022,-0.0010879103521073998,894.0
0.6083242159008022,10919.310573351555,-0.00583600385125884,490.0
0.6083242159008022,13409.380637219758,-0.006076296709754429,1020.0
0.6083242159008022,17125.493935792925,-0.006076296709754429,2358.0
0.6083242159008022,20513.980999515246,-0.006076296709754429,854.0
0.6083242159008022,23805.94727169494,-0.006076296709754429,1250.0
0.6083242159008022,26184.706016140044,-0.006076296709754429,706.0
0.6083242159008022,29529.729408601866,-0.006076296709754429,896.0
0.6083242159008022,34053.23296287436,-0.006076296709754429,1195.0
0.6083242159008022,39463.14737469656,-0.006076296709754429,568.0
0.6083242159008022,55421.9896749117,-0.006688465628236475,8683.0
0.6083242159008022,91167.3808851101,-0.007693289012962385,960.0
0.6083242159008022,113625.91869241698,-0.007693289012962385,1319.0
0.6083242159008022,149655.88798704115,-0.007693289012962385,486.0
0.6083242159008022,208408.64041463475,-0.007693289012962385,633.0
0.6083242159008022,319066.0198005588,-0.007693289012962385,65.0
0.6083242159008022,440181.3536483415,-0.007693289012962385,206.0
0.6083242159008022,471232.7074012576,-0.007693289012962385,0.0
0.762111801242236,0.0,0.020206218826975087,0.0
0.762111801242236,381.359021790573,0.020206218826975087,541.0
0.762111801242236,801.1857051368861,0.020206218826975087,769.0
0.762111801242236,1256.5145153564372,0.020206218826975087,1361.0
0.762111801242236,1707.8187342922174,0.020206218826975087,1135.0
0.762111801242236,2164.998373795577,-0.0010879103521073998,1148.0
0.762111801242236,2765.829992276005,-0.0010879103521073998,1936.0
0.762111801242236,3409.626140978755,-0.0010879103521073998,1309.0
0.762111801242236,4459.531201501333,-0.0010879103521073998,380.0
0.762111801242236,5276.417604785413,-0.0010879103521073998,539.0
0.762111801242236,6635.768043903925,-0.0010879103521073998,1230.0
0.762111801242236,7516.038130887857,-0.0010879103521073998,2321.0
0.762111801242236,8830.630495521022,-0.0010879103521073998,638.0
0.762111801242236,10919.310573351555,-0.00583600385125884,868.0
0.762111801242236,13409.380637219758,-0.006076296709754429,4394.0
0.762111801242236,17125.493935792925,-0.006076296709754429,862.0
0.762111801242236,20513.980999515246,-0.006076296709754429,1086.0
0.762111801242236,23805.94727169494,-0.006076296709754429,1539.0
0.762111801242236,26184.706016140044,-0.006076296709754429,3593.0
0.762111801242236,29529.729408601866,-0.006076296709754429,977.0
0.762111801242236,34053.23296287436,-0.006076296709754429,903.0
0.762111801242236,39463.14737469656,-0.006076296709754429,896.0
0.762111801242236,55421.9896749117,-0.006688465628236475,1085.0
0.762111801242236,91167.3808851101,-0.007693289012962385,1365.0
0.762111801242236,113625.91869241698,-0.007693289012962385,2521.0
0.762111801242236,149655.88798704115,-0.007693289012962385,222.0
0.762111801242236,208408.64041463475,-0.007693289012962385,807.0
0.762111801242236,319066.0198005588,-0.007693289012962385,206.0
0.762111801242236,440181.3536483415,-0.007693289012962385,345.0
0.762111801242236,471232.7074012576,-0.007693289012962385,12.0
