median_distance_from_home,evenness_income_resi,f,freq
0.0,0.0,-0.003497232875302988,0.0
0.0,0.05932659932659934,-0.003497232875302988,0.0
0.0,0.07604301581694731,-0.003497232875302988,0.0
0.0,0.09212309228355439,-0.003497232875302988,0.0
0.0,0.10410645472061658,-0.0019038796407030297,0.0
0.0,0.11594202898550726,-0.00180379423616879,0.0
0.0,0.13235161424214534,-0.0005262825019811923,0.0
0.0,0.14603174603174604,-8.685658655203142e-05,0.0
0.0,0.15599024343584103,-8.685658655203142e-05,0.0
0.0,0.16677044416770442,-8.685658655203142e-05,0.0
0.0,0.18181818181818182,0.0024892312468828264,0.0
0.0,0.19748784789435198,0.002607734446470013,0.0
0.0,0.21276595744680848,0.002607734446470013,0.0
0.0,0.22835278200575002,0.002607734446470013,0.0
0.0,0.22841664508331172,0.0026541806181779675,0.0
0.0,0.24512966476913345,0.0028449551300754284,0.0
0.0,0.26190476190476186,0.003196892870259723,0.0
0.0,0.2796878403240232,0.003196892870259723,0.0
0.0,0.3026390450190033,0.003196892870259723,0.0
0.0,0.32565576186265843,0.003196892870259723,0.0
0.0,0.33333333333333326,0.003196892870259723,0.0
0.0,0.34285714285714286,0.003196892870259723,0.0
0.0,0.3728813559322034,0.003196892870259723,0.0
0.0,0.40175560175560177,0.003196892870259723,0.0
0.0,0.4018465273784423,0.003196892870259723,0.0
0.0,0.4382077240344957,0.003196892870259723,0.0
0.0,0.47619047619047616,0.003196892870259723,0.0
0.0,0.5333333333333332,0.003196892870259723,0.0
0.0,0.6666666666666665,0.003196892870259723,0.0
0.0,0.7224444444444444,0.003196892870259723,0.0
0.007584472322506031,0.0,-0.003497232875302988,0.0
0.007584472322506031,0.05932659932659934,-0.003497232875302988,17356.0
0.007584472322506031,0.07604301581694731,-0.003497232875302988,16914.0
0.007584472322506031,0.09212309228355439,-0.003497232875302988,16952.0
0.007584472322506031,0.10410645472061658,-0.0019038796407030297,16673.0
0.007584472322506031,0.11594202898550726,-0.00180379423616879,18425.0
0.007584472322506031,0.13235161424214534,-0.0005262825019811923,18217.0
0.007584472322506031,0.14603174603174604,-8.685658655203142e-05,17166.0
0.007584472322506031,0.15599024343584103,-8.685658655203142e-05,17216.0
0.007584472322506031,0.16677044416770442,-8.685658655203142e-05,17833.0
0.007584472322506031,0.18181818181818182,0.0024892312468828264,18232.0
0.007584472322506031,0.19748784789435198,0.002607734446470013,17579.0
0.007584472322506031,0.21276595744680848,0.002607734446470013,17781.0
0.007584472322506031,0.22835278200575002,0.002607734446470013,18095.0
0.007584472322506031,0.22841664508331172,0.0026541806181779675,24949.0
0.007584472322506031,0.24512966476913345,0.0028449551300754284,16422.0
0.007584472322506031,0.26190476190476186,0.003196892870259723,15206.0
0.007584472322506031,0.2796878403240232,0.003196892870259723,15576.0
0.007584472322506031,0.3026390450190033,0.003196892870259723,16286.0
0.007584472322506031,0.32565576186265843,0.003196892870259723,15771.0
0.007584472322506031,0.33333333333333326,0.003196892870259723,2428.0
0.007584472322506031,0.34285714285714286,0.003196892870259723,29323.0
0.007584472322506031,0.3728813559322034,0.003196892870259723,21004.0
0.007584472322506031,0.40175560175560177,0.003196892870259723,20991.0
0.007584472322506031,0.4018465273784423,0.003196892870259723,19905.0
0.007584472322506031,0.4382077240344957,0.003196892870259723,16426.0
0.007584472322506031,0.47619047619047616,0.003196892870259723,16961.0
0.007584472322506031,0.5333333333333332,0.003196892870259723,15980.0
0.007584472322506031,0.6666666666666665,0.003196892870259723,15601.0
0.007584472322506031,0.7224444444444444,0.003196892870259723,29118.0
0.09025615892459626,0.0,-0.003497232875302988,0.0
0.09025615892459626,0.05932659932659934,-0.003497232875302988,682.0
0.09025615892459626,0.07604301581694731,-0.003497232875302988,568.0
0.09025615892459626,0.09212309228355439,-0.003497232875302988,732.0
0.09025615892459626,0.10410645472061658,-0.0019038796407030297,537.0
0.09025615892459626,0.11594202898550726,-0.00180379423616879,592.0
0.09025615892459626,0.13235161424214534,-0.0005262825019811923,870.0
0.09025615892459626,0.14603174603174604,-8.685658655203142e-05,846.0
0.09025615892459626,0.15599024343584103,-8.685658655203142e-05,625.0
0.09025615892459626,0.16677044416770442,-8.685658655203142e-05,747.0
0.09025615892459626,0.18181818181818182,0.0024892312468828264,1037.0
0.09025615892459626,0.19748784789435198,0.002607734446470013,830.0
0.09025615892459626,0.21276595744680848,0.002607734446470013,918.0
0.09025615892459626,0.22835278200575002,0.002607734446470013,862.0
0.09025615892459626,0.22841664508331172,0.0026541806181779675,0.0
0.09025615892459626,0.24512966476913345,0.0028449551300754284,1002.0
0.09025615892459626,0.26190476190476186,0.003196892870259723,768.0
0.09025615892459626,0.2796878403240232,0.003196892870259723,734.0
0.09025615892459626,0.3026390450190033,0.003196892870259723,1063.0
0.09025615892459626,0.32565576186265843,0.003196892870259723,655.0
0.09025615892459626,0.33333333333333326,0.003196892870259723,133.0
0.09025615892459626,0.34285714285714286,0.003196892870259723,1387.0
0.09025615892459626,0.3728813559322034,0.003196892870259723,995.0
0.09025615892459626,0.40175560175560177,0.003196892870259723,835.0
0.09025615892459626,0.4018465273784423,0.003196892870259723,4.0
0.09025615892459626,0.4382077240344957,0.003196892870259723,875.0
0.09025615892459626,0.47619047619047616,0.003196892870259723,626.0
0.09025615892459626,0.5333333333333332,0.003196892870259723,777.0
0.09025615892459626,0.6666666666666665,0.003196892870259723,594.0
0.09025615892459626,0.7224444444444444,0.003196892870259723,1098.0
0.19595199853996093,0.0,-0.003497232875302988,0.0
0.19595199853996093,0.05932659932659934,-0.003497232875302988,644.0
0.19595199853996093,0.07604301581694731,-0.003497232875302988,684.0
0.19595199853996093,0.09212309228355439,-0.003497232875302988,627.0
0.19595199853996093,0.10410645472061658,-0.0019038796407030297,663.0
0.19595199853996093,0.11594202898550726,-0.00180379423616879,517.0
0.19595199853996093,0.13235161424214534,-0.0005262825019811923,778.0
0.19595199853996093,0.14603174603174604,-8.685658655203142e-05,720.0
0.19595199853996093,0.15599024343584103,-8.685658655203142e-05,828.0
0.19595199853996093,0.16677044416770442,-8.685658655203142e-05,951.0
0.19595199853996093,0.18181818181818182,0.0024892312468828264,939.0
0.19595199853996093,0.19748784789435198,0.002607734446470013,853.0
0.19595199853996093,0.21276595744680848,0.002607734446470013,787.0
0.19595199853996093,0.22835278200575002,0.002607734446470013,796.0
0.19595199853996093,0.22841664508331172,0.0026541806181779675,0.0
0.19595199853996093,0.24512966476913345,0.0028449551300754284,842.0
0.19595199853996093,0.26190476190476186,0.003196892870259723,820.0
0.19595199853996093,0.2796878403240232,0.003196892870259723,674.0
0.19595199853996093,0.3026390450190033,0.003196892870259723,625.0
0.19595199853996093,0.32565576186265843,0.003196892870259723,528.0
0.19595199853996093,0.33333333333333326,0.003196892870259723,186.0
0.19595199853996093,0.34285714285714286,0.003196892870259723,1353.0
0.19595199853996093,0.3728813559322034,0.003196892870259723,1043.0
0.19595199853996093,0.40175560175560177,0.003196892870259723,881.0
0.19595199853996093,0.4018465273784423,0.003196892870259723,3.0
0.19595199853996093,0.4382077240344957,0.003196892870259723,748.0
0.19595199853996093,0.47619047619047616,0.003196892870259723,1293.0
0.19595199853996093,0.5333333333333332,0.003196892870259723,670.0
0.19595199853996093,0.6666666666666665,0.003196892870259723,740.0
0.19595199853996093,0.7224444444444444,0.003196892870259723,1134.0
0.3389175436817098,0.0,-0.003497232875302988,0.0
0.3389175436817098,0.05932659932659934,-0.003497232875302988,667.0
0.3389175436817098,0.07604301581694731,-0.003497232875302988,620.0
0.3389175436817098,0.09212309228355439,-0.003497232875302988,655.0
0.3389175436817098,0.10410645472061658,-0.0019038796407030297,683.0
0.3389175436817098,0.11594202898550726,-0.00180379423616879,614.0
0.3389175436817098,0.13235161424214534,-0.0005262825019811923,832.0
0.3389175436817098,0.14603174603174604,-8.685658655203142e-05,932.0
0.3389175436817098,0.15599024343584103,-8.685658655203142e-05,842.0
0.3389175436817098,0.16677044416770442,-8.685658655203142e-05,1071.0
0.3389175436817098,0.18181818181818182,0.0024892312468828264,978.0
0.3389175436817098,0.19748784789435198,0.002607734446470013,971.0
0.3389175436817098,0.21276595744680848,0.002607734446470013,1227.0
0.3389175436817098,0.22835278200575002,0.002607734446470013,851.0
0.3389175436817098,0.22841664508331172,0.0026541806181779675,0.0
0.3389175436817098,0.24512966476913345,0.0028449551300754284,782.0
0.3389175436817098,0.26190476190476186,0.003196892870259723,704.0
0.3389175436817098,0.2796878403240232,0.003196892870259723,776.0
0.3389175436817098,0.3026390450190033,0.003196892870259723,775.0
0.3389175436817098,0.32565576186265843,0.003196892870259723,752.0
0.3389175436817098,0.33333333333333326,0.003196892870259723,183.0
0.3389175436817098,0.34285714285714286,0.003196892870259723,1060.0
0.3389175436817098,0.3728813559322034,0.003196892870259723,951.0
0.3389175436817098,0.40175560175560177,0.003196892870259723,849.0
0.3389175436817098,0.4018465273784423,0.003196892870259723,25.0
0.3389175436817098,0.4382077240344957,0.003196892870259723,853.0
0.3389175436817098,0.47619047619047616,0.003196892870259723,660.0
0.3389175436817098,0.5333333333333332,0.003196892870259723,709.0
0.3389175436817098,0.6666666666666665,0.003196892870259723,712.0
0.3389175436817098,0.7224444444444444,0.003196892870259723,894.0
0.41204563293472063,0.0,-0.0033211155720698636,0.0
0.41204563293472063,0.05932659932659934,-0.0033211155720698636,1293.0
0.41204563293472063,0.07604301581694731,-0.0033211155720698636,1088.0
0.41204563293472063,0.09212309228355439,-0.0033211155720698636,496.0
0.41204563293472063,0.10410645472061658,-0.0017277623374699058,1438.0
0.41204563293472063,0.11594202898550726,-0.0016276769329356662,387.0
0.41204563293472063,0.13235161424214534,-0.0003501651987480683,706.0
0.41204563293472063,0.14603174603174604,8.926071668109256e-05,490.0
0.41204563293472063,0.15599024343584103,8.926071668109256e-05,591.0
0.41204563293472063,0.16677044416770442,8.926071668109256e-05,801.0
0.41204563293472063,0.18181818181818182,0.0026653485501159503,853.0
0.41204563293472063,0.19748784789435198,0.0027838517497031368,743.0
0.41204563293472063,0.21276595744680848,0.0027838517497031368,463.0
0.41204563293472063,0.22835278200575002,0.0027838517497031368,826.0
0.41204563293472063,0.22841664508331172,0.002830297921411092,0.0
0.41204563293472063,0.24512966476913345,0.0030210724333085523,507.0
0.41204563293472063,0.26190476190476186,0.003196892870259723,532.0
0.41204563293472063,0.2796878403240232,0.003196892870259723,716.0
0.41204563293472063,0.3026390450190033,0.003196892870259723,661.0
0.41204563293472063,0.32565576186265843,0.003196892870259723,797.0
0.41204563293472063,0.33333333333333326,0.003196892870259723,84.0
0.41204563293472063,0.34285714285714286,0.003196892870259723,1105.0
0.41204563293472063,0.3728813559322034,0.003196892870259723,721.0
0.41204563293472063,0.40175560175560177,0.003196892870259723,1216.0
0.41204563293472063,0.4018465273784423,0.003196892870259723,40.0
0.41204563293472063,0.4382077240344957,0.003196892870259723,780.0
0.41204563293472063,0.47619047619047616,0.003196892870259723,407.0
0.41204563293472063,0.5333333333333332,0.003196892870259723,583.0
0.41204563293472063,0.6666666666666665,0.003196892870259723,974.0
0.41204563293472063,0.7224444444444444,0.003196892870259723,1762.0
0.5286559961045967,0.0,-0.0028677712970896405,0.0
0.5286559961045967,0.05932659932659934,-0.0028677712970896405,862.0
0.5286559961045967,0.07604301581694731,-0.0028677712970896405,420.0
0.5286559961045967,0.09212309228355439,-0.0028677712970896405,928.0
0.5286559961045967,0.10410645472061658,-0.0014966281448125223,750.0
0.5286559961045967,0.11594202898550726,-0.0013965427402782826,961.0
0.5286559961045967,0.13235161424214534,-0.0001190310060906847,677.0
0.5286559961045967,0.14603174603174604,0.00032039490933847604,687.0
0.5286559961045967,0.15599024343584103,0.00032039490933847604,595.0
0.5286559961045967,0.16677044416770442,0.00032039490933847604,760.0
0.5286559961045967,0.18181818181818182,0.002896482742773334,747.0
0.5286559961045967,0.19748784789435198,0.0030149859423605203,1040.0
0.5286559961045967,0.21276595744680848,0.0030149859423605203,1183.0
0.5286559961045967,0.22835278200575002,0.0030149859423605203,709.0
0.5286559961045967,0.22841664508331172,0.00302700372762261,0.0
0.5286559961045967,0.24512966476913345,0.0030857358268870845,626.0
0.5286559961045967,0.26190476190476186,0.003196892870259723,570.0
0.5286559961045967,0.2796878403240232,0.003196892870259723,1079.0
0.5286559961045967,0.3026390450190033,0.003196892870259723,810.0
0.5286559961045967,0.32565576186265843,0.003196892870259723,652.0
0.5286559961045967,0.33333333333333326,0.003196892870259723,103.0
0.5286559961045967,0.34285714285714286,0.003196892870259723,1731.0
0.5286559961045967,0.3728813559322034,0.003196892870259723,1040.0
0.5286559961045967,0.40175560175560177,0.003196892870259723,775.0
0.5286559961045967,0.4018465273784423,0.003196892870259723,4.0
0.5286559961045967,0.4382077240344957,0.003196892870259723,571.0
0.5286559961045967,0.47619047619047616,0.003196892870259723,647.0
0.5286559961045967,0.5333333333333332,0.003196892870259723,652.0
0.5286559961045967,0.6666666666666665,0.003196892870259723,780.0
0.5286559961045967,0.7224444444444444,0.003196892870259723,861.0
0.6919688012722389,0.0,-0.0028677712970896405,0.0
0.6919688012722389,0.05932659932659934,-0.0028677712970896405,1028.0
0.6919688012722389,0.07604301581694731,-0.0028677712970896405,492.0
0.6919688012722389,0.09212309228355439,-0.0028677712970896405,805.0
0.6919688012722389,0.10410645472061658,-0.0014966281448125223,572.0
0.6919688012722389,0.11594202898550726,-0.0013965427402782826,490.0
0.6919688012722389,0.13235161424214534,-0.0001190310060906847,1080.0
0.6919688012722389,0.14603174603174604,0.00032039490933847604,854.0
0.6919688012722389,0.15599024343584103,0.00032039490933847604,763.0
0.6919688012722389,0.16677044416770442,0.00032039490933847604,727.0
0.6919688012722389,0.18181818181818182,0.002896482742773334,776.0
0.6919688012722389,0.19748784789435198,0.0030149859423605203,938.0
0.6919688012722389,0.21276595744680848,0.0030149859423605203,709.0
0.6919688012722389,0.22835278200575002,0.0030149859423605203,1000.0
0.6919688012722389,0.22841664508331172,0.00302700372762261,651.0
0.6919688012722389,0.24512966476913345,0.0030857358268870845,879.0
0.6919688012722389,0.26190476190476186,0.003196892870259723,606.0
0.6919688012722389,0.2796878403240232,0.003196892870259723,820.0
0.6919688012722389,0.3026390450190033,0.003196892870259723,550.0
0.6919688012722389,0.32565576186265843,0.003196892870259723,893.0
0.6919688012722389,0.33333333333333326,0.003196892870259723,129.0
0.6919688012722389,0.34285714285714286,0.003196892870259723,1073.0
0.6919688012722389,0.3728813559322034,0.003196892870259723,769.0
0.6919688012722389,0.40175560175560177,0.003196892870259723,946.0
0.6919688012722389,0.4018465273784423,0.003196892870259723,669.0
0.6919688012722389,0.4382077240344957,0.003196892870259723,837.0
0.6919688012722389,0.47619047619047616,0.003196892870259723,591.0
0.6919688012722389,0.5333333333333332,0.003196892870259723,531.0
0.6919688012722389,0.6666666666666665,0.003196892870259723,439.0
0.6919688012722389,0.7224444444444444,0.003196892870259723,851.0
0.829902966580562,0.0,-0.0028677712970896405,0.0
0.829902966580562,0.05932659932659934,-0.0028677712970896405,529.0
0.829902966580562,0.07604301581694731,-0.0028677712970896405,1292.0
0.829902966580562,0.09212309228355439,-0.0028677712970896405,790.0
0.829902966580562,0.10410645472061658,-0.0014966281448125223,629.0
0.829902966580562,0.11594202898550726,-0.0013965427402782826,1163.0
0.829902966580562,0.13235161424214534,-0.0001190310060906847,717.0
0.829902966580562,0.14603174603174604,0.00032039490933847604,633.0
0.829902966580562,0.15599024343584103,0.00032039490933847604,782.0
0.829902966580562,0.16677044416770442,0.00032039490933847604,443.0
0.829902966580562,0.18181818181818182,0.002896482742773334,754.0
0.829902966580562,0.19748784789435198,0.0030149859423605203,593.0
0.829902966580562,0.21276595744680848,0.0030149859423605203,600.0
0.829902966580562,0.22835278200575002,0.0030149859423605203,742.0
0.829902966580562,0.22841664508331172,0.00302700372762261,4.0
0.829902966580562,0.24512966476913345,0.0030857358268870845,518.0
0.829902966580562,0.26190476190476186,0.003196892870259723,385.0
0.829902966580562,0.2796878403240232,0.003196892870259723,1069.0
0.829902966580562,0.3026390450190033,0.003196892870259723,508.0
0.829902966580562,0.32565576186265843,0.003196892870259723,1470.0
0.829902966580562,0.33333333333333326,0.003196892870259723,82.0
0.829902966580562,0.34285714285714286,0.003196892870259723,1285.0
0.829902966580562,0.3728813559322034,0.003196892870259723,1100.0
0.829902966580562,0.40175560175560177,0.003196892870259723,580.0
0.829902966580562,0.4018465273784423,0.003196892870259723,15.0
0.829902966580562,0.4382077240344957,0.003196892870259723,893.0
0.829902966580562,0.47619047619047616,0.003196892870259723,608.0
0.829902966580562,0.5333333333333332,0.003196892870259723,1183.0
0.829902966580562,0.6666666666666665,0.003196892870259723,589.0
0.829902966580562,0.7224444444444444,0.003196892870259723,1155.0
1.0224186996516949,0.0,-0.0028677712970896405,0.0
1.0224186996516949,0.05932659932659934,-0.0028677712970896405,990.0
1.0224186996516949,0.07604301581694731,-0.0028677712970896405,633.0
1.0224186996516949,0.09212309228355439,-0.0028677712970896405,688.0
1.0224186996516949,0.10410645472061658,-0.0014966281448125223,1124.0
1.0224186996516949,0.11594202898550726,-0.0013965427402782826,907.0
1.0224186996516949,0.13235161424214534,-0.0001190310060906847,729.0
1.0224186996516949,0.14603174603174604,0.00032039490933847604,942.0
1.0224186996516949,0.15599024343584103,0.00032039490933847604,673.0
1.0224186996516949,0.16677044416770442,0.00032039490933847604,576.0
1.0224186996516949,0.18181818181818182,0.002896482742773334,620.0
1.0224186996516949,0.19748784789435198,0.0030149859423605203,627.0
1.0224186996516949,0.21276595744680848,0.0030149859423605203,688.0
1.0224186996516949,0.22835278200575002,0.0030149859423605203,480.0
1.0224186996516949,0.22841664508331172,0.00302700372762261,11.0
1.0224186996516949,0.24512966476913345,0.0030857358268870845,907.0
1.0224186996516949,0.26190476190476186,0.003196892870259723,1072.0
1.0224186996516949,0.2796878403240232,0.003196892870259723,501.0
1.0224186996516949,0.3026390450190033,0.003196892870259723,718.0
1.0224186996516949,0.32565576186265843,0.003196892870259723,543.0
1.0224186996516949,0.33333333333333326,0.003196892870259723,73.0
1.0224186996516949,0.34285714285714286,0.003196892870259723,1985.0
1.0224186996516949,0.3728813559322034,0.003196892870259723,730.0
1.0224186996516949,0.40175560175560177,0.003196892870259723,766.0
1.0224186996516949,0.4018465273784423,0.003196892870259723,74.0
1.0224186996516949,0.4382077240344957,0.003196892870259723,744.0
1.0224186996516949,0.47619047619047616,0.003196892870259723,812.0
1.0224186996516949,0.5333333333333332,0.003196892870259723,497.0
1.0224186996516949,0.6666666666666665,0.003196892870259723,451.0
1.0224186996516949,0.7224444444444444,0.003196892870259723,1191.0
1.1351286523163182,0.0,-0.0028677712970896405,0.0
1.1351286523163182,0.05932659932659934,-0.0028677712970896405,443.0
1.1351286523163182,0.07604301581694731,-0.0028677712970896405,260.0
1.1351286523163182,0.09212309228355439,-0.0028677712970896405,313.0
1.1351286523163182,0.10410645472061658,-0.0014966281448125223,263.0
1.1351286523163182,0.11594202898550726,-0.0013965427402782826,271.0
1.1351286523163182,0.13235161424214534,-0.0001190310060906847,367.0
1.1351286523163182,0.14603174603174604,0.00032039490933847604,284.0
1.1351286523163182,0.15599024343584103,0.00032039490933847604,279.0
1.1351286523163182,0.16677044416770442,0.00032039490933847604,603.0
1.1351286523163182,0.18181818181818182,0.002896482742773334,367.0
1.1351286523163182,0.19748784789435198,0.0030149859423605203,471.0
1.1351286523163182,0.21276595744680848,0.0030149859423605203,292.0
1.1351286523163182,0.22835278200575002,0.0030149859423605203,260.0
1.1351286523163182,0.22841664508331172,0.00302700372762261,6013.0
1.1351286523163182,0.24512966476913345,0.0030857358268870845,274.0
1.1351286523163182,0.26190476190476186,0.003196892870259723,321.0
1.1351286523163182,0.2796878403240232,0.003196892870259723,322.0
1.1351286523163182,0.3026390450190033,0.003196892870259723,269.0
1.1351286523163182,0.32565576186265843,0.003196892870259723,305.0
1.1351286523163182,0.33333333333333326,0.003196892870259723,68.0
1.1351286523163182,0.34285714285714286,0.003196892870259723,510.0
1.1351286523163182,0.3728813559322034,0.003196892870259723,343.0
1.1351286523163182,0.40175560175560177,0.003196892870259723,346.0
1.1351286523163182,0.4018465273784423,0.003196892870259723,6549.0
1.1351286523163182,0.4382077240344957,0.003196892870259723,304.0
1.1351286523163182,0.47619047619047616,0.003196892870259723,227.0
1.1351286523163182,0.5333333333333332,0.003196892870259723,435.0
1.1351286523163182,0.6666666666666665,0.003196892870259723,224.0
1.1351286523163182,0.7224444444444444,0.003196892870259723,455.0
1.613992314274924,0.0,-0.0028677712970896405,0.0
1.613992314274924,0.05932659932659934,-0.0028677712970896405,896.0
1.613992314274924,0.07604301581694731,-0.0028677712970896405,705.0
1.613992314274924,0.09212309228355439,-0.0028677712970896405,869.0
1.613992314274924,0.10410645472061658,-0.0014966281448125223,744.0
1.613992314274924,0.11594202898550726,-0.0013965427402782826,648.0
1.613992314274924,0.13235161424214534,-0.0001190310060906847,695.0
1.613992314274924,0.14603174603174604,0.00032039490933847604,738.0
1.613992314274924,0.15599024343584103,0.00032039490933847604,736.0
1.613992314274924,0.16677044416770442,0.00032039490933847604,848.0
1.613992314274924,0.18181818181818182,0.002896482742773334,775.0
1.613992314274924,0.19748784789435198,0.0030149859423605203,831.0
1.613992314274924,0.21276595744680848,0.0030149859423605203,906.0
1.613992314274924,0.22835278200575002,0.0030149859423605203,921.0
1.613992314274924,0.22841664508331172,0.00302700372762261,269.0
1.613992314274924,0.24512966476913345,0.0030857358268870845,721.0
1.613992314274924,0.26190476190476186,0.003196892870259723,723.0
1.613992314274924,0.2796878403240232,0.003196892870259723,737.0
1.613992314274924,0.3026390450190033,0.003196892870259723,809.0
1.613992314274924,0.32565576186265843,0.003196892870259723,774.0
1.613992314274924,0.33333333333333326,0.003196892870259723,139.0
1.613992314274924,0.34285714285714286,0.003196892870259723,1080.0
1.613992314274924,0.3728813559322034,0.003196892870259723,901.0
1.613992314274924,0.40175560175560177,0.003196892870259723,901.0
1.613992314274924,0.4018465273784423,0.003196892870259723,80.0
1.613992314274924,0.4382077240344957,0.003196892870259723,677.0
1.613992314274924,0.47619047619047616,0.003196892870259723,688.0
1.613992314274924,0.5333333333333332,0.003196892870259723,618.0
1.613992314274924,0.6666666666666665,0.003196892870259723,671.0
1.613992314274924,0.7224444444444444,0.003196892870259723,986.0
2.116431514631948,0.0,-0.0028677712970896405,0.0
2.116431514631948,0.05932659932659934,-0.0028677712970896405,768.0
2.116431514631948,0.07604301581694731,-0.0028677712970896405,630.0
2.116431514631948,0.09212309228355439,-0.0028677712970896405,704.0
2.116431514631948,0.10410645472061658,-0.0014966281448125223,896.0
2.116431514631948,0.11594202898550726,-0.0013965427402782826,628.0
2.116431514631948,0.13235161424214534,-0.0001190310060906847,832.0
2.116431514631948,0.14603174603174604,0.00032039490933847604,857.0
2.116431514631948,0.15599024343584103,0.00032039490933847604,772.0
2.116431514631948,0.16677044416770442,0.00032039490933847604,763.0
2.116431514631948,0.18181818181818182,0.002896482742773334,791.0
2.116431514631948,0.19748784789435198,0.0030149859423605203,781.0
2.116431514631948,0.21276595744680848,0.0030149859423605203,792.0
2.116431514631948,0.22835278200575002,0.0030149859423605203,760.0
2.116431514631948,0.22841664508331172,0.00302700372762261,131.0
2.116431514631948,0.24512966476913345,0.0030857358268870845,794.0
2.116431514631948,0.26190476190476186,0.003196892870259723,652.0
2.116431514631948,0.2796878403240232,0.003196892870259723,698.0
2.116431514631948,0.3026390450190033,0.003196892870259723,681.0
2.116431514631948,0.32565576186265843,0.003196892870259723,623.0
2.116431514631948,0.33333333333333326,0.003196892870259723,93.0
2.116431514631948,0.34285714285714286,0.003196892870259723,1391.0
2.116431514631948,0.3728813559322034,0.003196892870259723,813.0
2.116431514631948,0.40175560175560177,0.003196892870259723,952.0
2.116431514631948,0.4018465273784423,0.003196892870259723,119.0
2.116431514631948,0.4382077240344957,0.003196892870259723,711.0
2.116431514631948,0.47619047619047616,0.003196892870259723,709.0
2.116431514631948,0.5333333333333332,0.003196892870259723,706.0
2.116431514631948,0.6666666666666665,0.003196892870259723,699.0
2.116431514631948,0.7224444444444444,0.003196892870259723,1261.0
2.939647673035374,0.0,-0.0028677712970896405,0.0
2.939647673035374,0.05932659932659934,-0.0028677712970896405,767.0
2.939647673035374,0.07604301581694731,-0.0028677712970896405,709.0
2.939647673035374,0.09212309228355439,-0.0028677712970896405,784.0
2.939647673035374,0.10410645472061658,-0.0014966281448125223,758.0
2.939647673035374,0.11594202898550726,-0.0013965427402782826,672.0
2.939647673035374,0.13235161424214534,-0.0001190310060906847,731.0
2.939647673035374,0.14603174603174604,0.00032039490933847604,783.0
2.939647673035374,0.15599024343584103,0.00032039490933847604,879.0
2.939647673035374,0.16677044416770442,0.00032039490933847604,684.0
2.939647673035374,0.18181818181818182,0.002896482742773334,758.0
2.939647673035374,0.19748784789435198,0.0030149859423605203,804.0
2.939647673035374,0.21276595744680848,0.0030149859423605203,778.0
2.939647673035374,0.22835278200575002,0.0030149859423605203,674.0
2.939647673035374,0.22841664508331172,0.00302700372762261,175.0
2.939647673035374,0.24512966476913345,0.0030857358268870845,743.0
2.939647673035374,0.26190476190476186,0.003196892870259723,764.0
2.939647673035374,0.2796878403240232,0.003196892870259723,600.0
2.939647673035374,0.3026390450190033,0.003196892870259723,746.0
2.939647673035374,0.32565576186265843,0.003196892870259723,677.0
2.939647673035374,0.33333333333333326,0.003196892870259723,147.0
2.939647673035374,0.34285714285714286,0.003196892870259723,1159.0
2.939647673035374,0.3728813559322034,0.003196892870259723,952.0
2.939647673035374,0.40175560175560177,0.003196892870259723,855.0
2.939647673035374,0.4018465273784423,0.003196892870259723,187.0
2.939647673035374,0.4382077240344957,0.003196892870259723,876.0
2.939647673035374,0.47619047619047616,0.003196892870259723,689.0
2.939647673035374,0.5333333333333332,0.003196892870259723,649.0
2.939647673035374,0.6666666666666665,0.003196892870259723,890.0
2.939647673035374,0.7224444444444444,0.003196892870259723,1161.0
4.135049799212673,0.0,0.0014557049886415867,0.0
4.135049799212673,0.05932659932659934,0.0014557049886415867,623.0
4.135049799212673,0.07604301581694731,0.0014557049886415867,1422.0
4.135049799212673,0.09212309228355439,0.0014557049886415867,681.0
4.135049799212673,0.10410645472061658,0.0007033403406195561,767.0
4.135049799212673,0.11594202898550726,0.0007033403406195561,553.0
4.135049799212673,0.13235161424214534,0.0007033403406195561,769.0
4.135049799212673,0.14603174603174604,0.0010508383807360288,823.0
4.135049799212673,0.15599024343584103,0.0010508383807360288,717.0
4.135049799212673,0.16677044416770442,-0.0006738485391005793,578.0
4.135049799212673,0.18181818181818182,-0.00023670912619451736,685.0
4.135049799212673,0.19748784789435198,-0.00023670912619451736,786.0
4.135049799212673,0.21276595744680848,-0.00023670912619451736,575.0
4.135049799212673,0.22835278200575002,-0.00023670912619451736,652.0
4.135049799212673,0.22841664508331172,-0.00026198088667820095,250.0
4.135049799212673,0.24512966476913345,-0.0003571013929251494,813.0
4.135049799212673,0.26190476190476186,-0.00047393894397335784,601.0
4.135049799212673,0.2796878403240232,-0.00047393894397335784,676.0
4.135049799212673,0.3026390450190033,-0.00047393894397335784,788.0
4.135049799212673,0.32565576186265843,-0.00047393894397335784,626.0
4.135049799212673,0.33333333333333326,-0.00047393894397335784,129.0
4.135049799212673,0.34285714285714286,-0.00047393894397335784,1077.0
4.135049799212673,0.3728813559322034,-0.00047393894397335784,942.0
4.135049799212673,0.40175560175560177,-0.00047393894397335784,827.0
4.135049799212673,0.4018465273784423,-0.00047393894397335784,725.0
4.135049799212673,0.4382077240344957,-0.00047393894397335784,700.0
4.135049799212673,0.47619047619047616,-0.00047393894397335784,742.0
4.135049799212673,0.5333333333333332,-0.00047393894397335784,725.0
4.135049799212673,0.6666666666666665,-0.00047393894397335784,863.0
4.135049799212673,0.7224444444444444,-0.00047393894397335784,948.0
5.658140153191681,0.0,0.0014557049886415867,0.0
5.658140153191681,0.05932659932659934,0.0014557049886415867,562.0
5.658140153191681,0.07604301581694731,0.0014557049886415867,841.0
5.658140153191681,0.09212309228355439,0.0014557049886415867,629.0
5.658140153191681,0.10410645472061658,-0.0006458983626194879,565.0
5.658140153191681,0.11594202898550726,-0.0006458983626194879,476.0
5.658140153191681,0.13235161424214534,-0.0006458983626194879,755.0
5.658140153191681,0.14603174603174604,-0.0008544483005592428,667.0
5.658140153191681,0.15599024343584103,-0.0008544483005592428,511.0
5.658140153191681,0.16677044416770442,-0.00257913522039585,543.0
5.658140153191681,0.18181818181818182,-0.002141995807489789,704.0
5.658140153191681,0.19748784789435198,-0.002141995807489789,739.0
5.658140153191681,0.21276595744680848,-0.002141995807489789,626.0
5.658140153191681,0.22835278200575002,-0.002141995807489789,675.0
5.658140153191681,0.22841664508331172,-0.002167267567973472,1018.0
5.658140153191681,0.24512966476913345,-0.0022623880742204208,582.0
5.658140153191681,0.26190476190476186,-0.0024378228669462826,872.0
5.658140153191681,0.2796878403240232,-0.0024378228669462826,632.0
5.658140153191681,0.3026390450190033,-0.0024378228669462826,880.0
5.658140153191681,0.32565576186265843,-0.0024378228669462826,710.0
5.658140153191681,0.33333333333333326,-0.0024378228669462826,112.0
5.658140153191681,0.34285714285714286,-0.0024378228669462826,1153.0
5.658140153191681,0.3728813559322034,-0.0024378228669462826,697.0
5.658140153191681,0.40175560175560177,-0.0024378228669462826,846.0
5.658140153191681,0.4018465273784423,-0.0024378228669462826,793.0
5.658140153191681,0.4382077240344957,-0.0024378228669462826,717.0
5.658140153191681,0.47619047619047616,-0.0024378228669462826,518.0
5.658140153191681,0.5333333333333332,-0.0024378228669462826,606.0
5.658140153191681,0.6666666666666665,-0.0024378228669462826,1401.0
5.658140153191681,0.7224444444444444,-0.0024378228669462826,1098.0
7.8042409944333855,0.0,0.001932328907022157,0.0
7.8042409944333855,0.05932659932659934,0.001932328907022157,591.0
7.8042409944333855,0.07604301581694731,0.001932328907022157,503.0
7.8042409944333855,0.09212309228355439,0.001932328907022157,605.0
7.8042409944333855,0.10410645472061658,-0.0006458983626194879,663.0
7.8042409944333855,0.11594202898550726,-0.0006458983626194879,525.0
7.8042409944333855,0.13235161424214534,-0.0006458983626194879,812.0
7.8042409944333855,0.14603174603174604,-0.0008544483005592428,767.0
7.8042409944333855,0.15599024343584103,-0.0008544483005592428,467.0
7.8042409944333855,0.16677044416770442,-0.00257913522039585,512.0
7.8042409944333855,0.18181818181818182,-0.002141995807489789,603.0
7.8042409944333855,0.19748784789435198,-0.002141995807489789,581.0
7.8042409944333855,0.21276595744680848,-0.002141995807489789,727.0
7.8042409944333855,0.22835278200575002,-0.002141995807489789,776.0
7.8042409944333855,0.22841664508331172,-0.002167267567973472,662.0
7.8042409944333855,0.24512966476913345,-0.0022623880742204208,729.0
7.8042409944333855,0.26190476190476186,-0.0024378228669462826,673.0
7.8042409944333855,0.2796878403240232,-0.0024378228669462826,560.0
7.8042409944333855,0.3026390450190033,-0.0024378228669462826,745.0
7.8042409944333855,0.32565576186265843,-0.0024378228669462826,751.0
7.8042409944333855,0.33333333333333326,-0.0024378228669462826,112.0
7.8042409944333855,0.34285714285714286,-0.0024378228669462826,1334.0
7.8042409944333855,0.3728813559322034,-0.0024378228669462826,810.0
7.8042409944333855,0.40175560175560177,-0.0024378228669462826,834.0
7.8042409944333855,0.4018465273784423,-0.0024378228669462826,1045.0
7.8042409944333855,0.4382077240344957,-0.0024378228669462826,712.0
7.8042409944333855,0.47619047619047616,-0.0024378228669462826,910.0
7.8042409944333855,0.5333333333333332,-0.0024378228669462826,638.0
7.8042409944333855,0.6666666666666665,-0.0024378228669462826,892.0
7.8042409944333855,0.7224444444444444,-0.0024378228669462826,1526.0
10.56248572588973,0.0,0.0020297324805444838,0.0
10.56248572588973,0.05932659932659934,0.0020297324805444838,530.0
10.56248572588973,0.07604301581694731,0.0020297324805444838,485.0
10.56248572588973,0.09212309228355439,0.0020297324805444838,485.0
10.56248572588973,0.10410645472061658,-0.0006458983626194879,651.0
10.56248572588973,0.11594202898550726,-0.0006458983626194879,579.0
10.56248572588973,0.13235161424214534,-0.0006458983626194879,596.0
10.56248572588973,0.14603174603174604,-0.0008544483005592428,727.0
10.56248572588973,0.15599024343584103,-0.0008544483005592428,631.0
10.56248572588973,0.16677044416770442,-0.00257913522039585,518.0
10.56248572588973,0.18181818181818182,-0.002141995807489789,594.0
10.56248572588973,0.19748784789435198,-0.002141995807489789,701.0
10.56248572588973,0.21276595744680848,-0.002141995807489789,512.0
10.56248572588973,0.22835278200575002,-0.002141995807489789,683.0
10.56248572588973,0.22841664508331172,-0.002167267567973472,938.0
10.56248572588973,0.24512966476913345,-0.0022623880742204208,645.0
10.56248572588973,0.26190476190476186,-0.0024378228669462826,746.0
10.56248572588973,0.2796878403240232,-0.0024378228669462826,603.0
10.56248572588973,0.3026390450190033,-0.0024378228669462826,916.0
10.56248572588973,0.32565576186265843,-0.0024378228669462826,614.0
10.56248572588973,0.33333333333333326,-0.0024378228669462826,73.0
10.56248572588973,0.34285714285714286,-0.0024378228669462826,1469.0
10.56248572588973,0.3728813559322034,-0.0024378228669462826,955.0
10.56248572588973,0.40175560175560177,-0.0024378228669462826,852.0
10.56248572588973,0.4018465273784423,-0.0024378228669462826,1071.0
10.56248572588973,0.4382077240344957,-0.0024378228669462826,647.0
10.56248572588973,0.47619047619047616,-0.0024378228669462826,533.0
10.56248572588973,0.5333333333333332,-0.0024378228669462826,550.0
10.56248572588973,0.6666666666666665,-0.0024378228669462826,697.0
10.56248572588973,0.7224444444444444,-0.0024378228669462826,1675.0
14.194167712750072,0.0,0.0020297324805444838,0.0
14.194167712750072,0.05932659932659934,0.0020297324805444838,521.0
14.194167712750072,0.07604301581694731,0.0020297324805444838,582.0
14.194167712750072,0.09212309228355439,0.0020297324805444838,641.0
14.194167712750072,0.10410645472061658,-0.0006458983626194879,626.0
14.194167712750072,0.11594202898550726,-0.0006458983626194879,466.0
14.194167712750072,0.13235161424214534,-0.0006458983626194879,661.0
14.194167712750072,0.14603174603174604,-0.0008544483005592428,732.0
14.194167712750072,0.15599024343584103,-0.0008544483005592428,667.0
14.194167712750072,0.16677044416770442,-0.00257913522039585,541.0
14.194167712750072,0.18181818181818182,-0.002141995807489789,622.0
14.194167712750072,0.19748784789435198,-0.002141995807489789,628.0
14.194167712750072,0.21276595744680848,-0.002141995807489789,677.0
14.194167712750072,0.22835278200575002,-0.002141995807489789,867.0
14.194167712750072,0.22841664508331172,-0.002167267567973472,687.0
14.194167712750072,0.24512966476913345,-0.0022623880742204208,566.0
14.194167712750072,0.26190476190476186,-0.0024378228669462826,909.0
14.194167712750072,0.2796878403240232,-0.0024378228669462826,640.0
14.194167712750072,0.3026390450190033,-0.0024378228669462826,639.0
14.194167712750072,0.32565576186265843,-0.0024378228669462826,612.0
14.194167712750072,0.33333333333333326,-0.0024378228669462826,134.0
14.194167712750072,0.34285714285714286,-0.0024378228669462826,1793.0
14.194167712750072,0.3728813559322034,-0.0024378228669462826,682.0
14.194167712750072,0.40175560175560177,-0.0024378228669462826,1004.0
14.194167712750072,0.4018465273784423,-0.0024378228669462826,721.0
14.194167712750072,0.4382077240344957,-0.0024378228669462826,676.0
14.194167712750072,0.47619047619047616,-0.0024378228669462826,541.0
14.194167712750072,0.5333333333333332,-0.0024378228669462826,696.0
14.194167712750072,0.6666666666666665,-0.0024378228669462826,713.0
14.194167712750072,0.7224444444444444,-0.0024378228669462826,1268.0
18.30710591214528,0.0,0.0020297324805444838,0.0
18.30710591214528,0.05932659932659934,0.0020297324805444838,473.0
18.30710591214528,0.07604301581694731,0.0020297324805444838,447.0
18.30710591214528,0.09212309228355439,0.0020297324805444838,731.0
18.30710591214528,0.10410645472061658,-0.0006458983626194879,584.0
18.30710591214528,0.11594202898550726,-0.0006458983626194879,419.0
18.30710591214528,0.13235161424214534,-0.0006458983626194879,630.0
18.30710591214528,0.14603174603174604,-0.0008544483005592428,601.0
18.30710591214528,0.15599024343584103,-0.0008544483005592428,649.0
18.30710591214528,0.16677044416770442,-0.00257913522039585,618.0
18.30710591214528,0.18181818181818182,-0.002141995807489789,580.0
18.30710591214528,0.19748784789435198,-0.002141995807489789,614.0
18.30710591214528,0.21276595744680848,-0.002141995807489789,603.0
18.30710591214528,0.22835278200575002,-0.002141995807489789,685.0
18.30710591214528,0.22841664508331172,-0.002167267567973472,840.0
18.30710591214528,0.24512966476913345,-0.0022623880742204208,470.0
18.30710591214528,0.26190476190476186,-0.0024378228669462826,574.0
18.30710591214528,0.2796878403240232,-0.0024378228669462826,454.0
18.30710591214528,0.3026390450190033,-0.0024378228669462826,524.0
18.30710591214528,0.32565576186265843,-0.0024378228669462826,483.0
18.30710591214528,0.33333333333333326,-0.0024378228669462826,63.0
18.30710591214528,0.34285714285714286,-0.0024378228669462826,3315.0
18.30710591214528,0.3728813559322034,-0.0024378228669462826,624.0
18.30710591214528,0.40175560175560177,-0.0024378228669462826,726.0
18.30710591214528,0.4018465273784423,-0.0024378228669462826,1472.0
18.30710591214528,0.4382077240344957,-0.0024378228669462826,582.0
18.30710591214528,0.47619047619047616,-0.0024378228669462826,498.0
18.30710591214528,0.5333333333333332,-0.0024378228669462826,1192.0
18.30710591214528,0.6666666666666665,-0.0024378228669462826,392.0
18.30710591214528,0.7224444444444444,-0.0024378228669462826,1275.0
25.47260484868347,0.0,0.0020297324805444838,0.0
25.47260484868347,0.05932659932659934,0.0020297324805444838,714.0
25.47260484868347,0.07604301581694731,0.0020297324805444838,544.0
25.47260484868347,0.09212309228355439,0.0020297324805444838,723.0
25.47260484868347,0.10410645472061658,-0.0006458983626194879,617.0
25.47260484868347,0.11594202898550726,-0.0006458983626194879,637.0
25.47260484868347,0.13235161424214534,-0.0006458983626194879,690.0
25.47260484868347,0.14603174603174604,-0.0008544483005592428,800.0
25.47260484868347,0.15599024343584103,-0.0008544483005592428,818.0
25.47260484868347,0.16677044416770442,-0.00257913522039585,602.0
25.47260484868347,0.18181818181818182,-0.002141995807489789,697.0
25.47260484868347,0.19748784789435198,-0.002141995807489789,643.0
25.47260484868347,0.21276595744680848,-0.002141995807489789,523.0
25.47260484868347,0.22835278200575002,-0.002141995807489789,1204.0
25.47260484868347,0.22841664508331172,-0.002167267567973472,821.0
25.47260484868347,0.24512966476913345,-0.0022623880742204208,655.0
25.47260484868347,0.26190476190476186,-0.0024378228669462826,610.0
25.47260484868347,0.2796878403240232,-0.0024378228669462826,530.0
25.47260484868347,0.3026390450190033,-0.0024378228669462826,667.0
25.47260484868347,0.32565576186265843,-0.0024378228669462826,677.0
25.47260484868347,0.33333333333333326,-0.0024378228669462826,59.0
25.47260484868347,0.34285714285714286,-0.0024378228669462826,1610.0
25.47260484868347,0.3728813559322034,-0.0024378228669462826,717.0
25.47260484868347,0.40175560175560177,-0.0024378228669462826,620.0
25.47260484868347,0.4018465273784423,-0.0024378228669462826,851.0
25.47260484868347,0.4382077240344957,-0.0024378228669462826,574.0
25.47260484868347,0.47619047619047616,-0.0024378228669462826,521.0
25.47260484868347,0.5333333333333332,-0.0024378228669462826,535.0
25.47260484868347,0.6666666666666665,-0.0024378228669462826,460.0
25.47260484868347,0.7224444444444444,-0.0024378228669462826,1659.0
37.3453101940198,0.0,0.0020297324805444838,0.0
37.3453101940198,0.05932659932659934,0.0020297324805444838,824.0
37.3453101940198,0.07604301581694731,0.0020297324805444838,661.0
37.3453101940198,0.09212309228355439,0.0020297324805444838,690.0
37.3453101940198,0.10410645472061658,-0.0006458983626194879,774.0
37.3453101940198,0.11594202898550726,-0.0006458983626194879,634.0
37.3453101940198,0.13235161424214534,-0.0006458983626194879,649.0
37.3453101940198,0.14603174603174604,-0.0008544483005592428,688.0
37.3453101940198,0.15599024343584103,-0.0008544483005592428,878.0
37.3453101940198,0.16677044416770442,-0.00257913522039585,726.0
37.3453101940198,0.18181818181818182,-0.002141995807489789,673.0
37.3453101940198,0.19748784789435198,-0.002141995807489789,808.0
37.3453101940198,0.21276595744680848,-0.002141995807489789,629.0
37.3453101940198,0.22835278200575002,-0.002141995807489789,866.0
37.3453101940198,0.22841664508331172,-0.002167267567973472,603.0
37.3453101940198,0.24512966476913345,-0.0022623880742204208,624.0
37.3453101940198,0.26190476190476186,-0.0024378228669462826,687.0
37.3453101940198,0.2796878403240232,-0.0024378228669462826,1101.0
37.3453101940198,0.3026390450190033,-0.0024378228669462826,628.0
37.3453101940198,0.32565576186265843,-0.0024378228669462826,465.0
37.3453101940198,0.33333333333333326,-0.0024378228669462826,77.0
37.3453101940198,0.34285714285714286,-0.0024378228669462826,1701.0
37.3453101940198,0.3728813559322034,-0.0024378228669462826,652.0
37.3453101940198,0.40175560175560177,-0.0024378228669462826,892.0
37.3453101940198,0.4018465273784423,-0.0024378228669462826,546.0
37.3453101940198,0.4382077240344957,-0.0024378228669462826,575.0
37.3453101940198,0.47619047619047616,-0.0024378228669462826,482.0
37.3453101940198,0.5333333333333332,-0.0024378228669462826,352.0
37.3453101940198,0.6666666666666665,-0.0024378228669462826,510.0
37.3453101940198,0.7224444444444444,-0.0024378228669462826,1372.0
57.84220035332092,0.0,0.0020297324805444838,0.0
57.84220035332092,0.05932659932659934,0.0020297324805444838,814.0
57.84220035332092,0.07604301581694731,0.0020297324805444838,555.0
57.84220035332092,0.09212309228355439,0.0020297324805444838,833.0
57.84220035332092,0.10410645472061658,-0.0006458983626194879,764.0
57.84220035332092,0.11594202898550726,-0.0006458983626194879,707.0
57.84220035332092,0.13235161424214534,-0.0006458983626194879,700.0
57.84220035332092,0.14603174603174604,-0.0008544483005592428,877.0
57.84220035332092,0.15599024343584103,-0.0008544483005592428,881.0
57.84220035332092,0.16677044416770442,-0.00257913522039585,698.0
57.84220035332092,0.18181818181818182,-0.002141995807489789,669.0
57.84220035332092,0.19748784789435198,-0.002141995807489789,627.0
57.84220035332092,0.21276595744680848,-0.002141995807489789,720.0
57.84220035332092,0.22835278200575002,-0.002141995807489789,654.0
57.84220035332092,0.22841664508331172,-0.002167267567973472,448.0
57.84220035332092,0.24512966476913345,-0.0022623880742204208,527.0
57.84220035332092,0.26190476190476186,-0.0024378228669462826,601.0
57.84220035332092,0.2796878403240232,-0.0024378228669462826,578.0
57.84220035332092,0.3026390450190033,-0.0024378228669462826,508.0
57.84220035332092,0.32565576186265843,-0.0024378228669462826,511.0
57.84220035332092,0.33333333333333326,-0.0024378228669462826,37.0
57.84220035332092,0.34285714285714286,-0.0024378228669462826,1689.0
57.84220035332092,0.3728813559322034,-0.0024378228669462826,566.0
57.84220035332092,0.40175560175560177,-0.0024378228669462826,851.0
57.84220035332092,0.4018465273784423,-0.0024378228669462826,464.0
57.84220035332092,0.4382077240344957,-0.0024378228669462826,571.0
57.84220035332092,0.47619047619047616,-0.0024378228669462826,714.0
57.84220035332092,0.5333333333333332,-0.0024378228669462826,525.0
57.84220035332092,0.6666666666666665,-0.0024378228669462826,540.0
57.84220035332092,0.7224444444444444,-0.0024378228669462826,1586.0
85.26431266234951,0.0,0.0020297324805444838,0.0
85.26431266234951,0.05932659932659934,0.0020297324805444838,745.0
85.26431266234951,0.07604301581694731,0.0020297324805444838,1029.0
85.26431266234951,0.09212309228355439,0.0020297324805444838,605.0
85.26431266234951,0.10410645472061658,-0.0006458983626194879,592.0
85.26431266234951,0.11594202898550726,-0.0006458983626194879,1077.0
85.26431266234951,0.13235161424214534,-0.0006458983626194879,631.0
85.26431266234951,0.14603174603174604,-0.0008544483005592428,688.0
85.26431266234951,0.15599024343584103,-0.0008544483005592428,669.0
85.26431266234951,0.16677044416770442,-0.00257913522039585,527.0
85.26431266234951,0.18181818181818182,-0.002141995807489789,650.0
85.26431266234951,0.19748784789435198,-0.002141995807489789,719.0
85.26431266234951,0.21276595744680848,-0.002141995807489789,561.0
85.26431266234951,0.22835278200575002,-0.002141995807489789,520.0
85.26431266234951,0.22841664508331172,-0.002167267567973472,1269.0
85.26431266234951,0.24512966476913345,-0.0022623880742204208,456.0
85.26431266234951,0.26190476190476186,-0.0024378228669462826,467.0
85.26431266234951,0.2796878403240232,-0.0024378228669462826,663.0
85.26431266234951,0.3026390450190033,-0.0024378228669462826,404.0
85.26431266234951,0.32565576186265843,-0.0024378228669462826,612.0
85.26431266234951,0.33333333333333326,-0.0024378228669462826,54.0
85.26431266234951,0.34285714285714286,-0.0024378228669462826,1781.0
85.26431266234951,0.3728813559322034,-0.0024378228669462826,582.0
85.26431266234951,0.40175560175560177,-0.0024378228669462826,583.0
85.26431266234951,0.4018465273784423,-0.0024378228669462826,889.0
85.26431266234951,0.4382077240344957,-0.0024378228669462826,681.0
85.26431266234951,0.47619047619047616,-0.0024378228669462826,882.0
85.26431266234951,0.5333333333333332,-0.0024378228669462826,496.0
85.26431266234951,0.6666666666666665,-0.0024378228669462826,635.0
85.26431266234951,0.7224444444444444,-0.0024378228669462826,1206.0
124.80099539435045,0.0,0.00424686421161653,0.0
124.80099539435045,0.05932659932659934,0.00424686421161653,576.0
124.80099539435045,0.07604301581694731,0.00424686421161653,1440.0
124.80099539435045,0.09212309228355439,0.00424686421161653,789.0
124.80099539435045,0.10410645472061658,0.00104491881208158,746.0
124.80099539435045,0.11594202898550726,0.00104491881208158,824.0
124.80099539435045,0.13235161424214534,0.00104491881208158,548.0
124.80099539435045,0.14603174603174604,8.585998317587461e-05,658.0
124.80099539435045,0.15599024343584103,-0.0011725674484883827,671.0
124.80099539435045,0.16677044416770442,-0.002945413803753798,809.0
124.80099539435045,0.18181818181818182,-0.002945413803753798,576.0
124.80099539435045,0.19748784789435198,-0.002945413803753798,472.0
124.80099539435045,0.21276595744680848,-0.002945413803753798,588.0
124.80099539435045,0.22835278200575002,-0.002945413803753798,475.0
124.80099539435045,0.22841664508331172,-0.0029956895500224084,1790.0
124.80099539435045,0.24512966476913345,-0.003090810056269357,388.0
124.80099539435045,0.26190476190476186,-0.0032662448489952194,471.0
124.80099539435045,0.2796878403240232,-0.0032662448489952194,607.0
124.80099539435045,0.3026390450190033,-0.0032662448489952194,310.0
124.80099539435045,0.32565576186265843,-0.0032662448489952194,1253.0
124.80099539435045,0.33333333333333326,-0.0032662448489952194,69.0
124.80099539435045,0.34285714285714286,-0.0032662448489952194,1317.0
124.80099539435045,0.3728813559322034,-0.0032662448489952194,531.0
124.80099539435045,0.40175560175560177,-0.0032662448489952194,528.0
124.80099539435045,0.4018465273784423,-0.0032662448489952194,1057.0
124.80099539435045,0.4382077240344957,-0.0032662448489952194,496.0
124.80099539435045,0.47619047619047616,-0.0032662448489952194,594.0
124.80099539435045,0.5333333333333332,-0.0032662448489952194,423.0
124.80099539435045,0.6666666666666665,-0.0032662448489952194,485.0
124.80099539435045,0.7224444444444444,-0.0032662448489952194,1213.0
172.18701337147147,0.0,0.00424686421161653,0.0
172.18701337147147,0.05932659932659934,0.00424686421161653,769.0
172.18701337147147,0.07604301581694731,0.00424686421161653,503.0
172.18701337147147,0.09212309228355439,0.00424686421161653,644.0
172.18701337147147,0.10410645472061658,0.00104491881208158,759.0
172.18701337147147,0.11594202898550726,0.00104491881208158,1420.0
172.18701337147147,0.13235161424214534,0.00104491881208158,470.0
172.18701337147147,0.14603174603174604,8.585998317587461e-05,509.0
172.18701337147147,0.15599024343584103,-0.0011725674484883827,543.0
172.18701337147147,0.16677044416770442,-0.002945413803753798,793.0
172.18701337147147,0.18181818181818182,-0.002945413803753798,537.0
172.18701337147147,0.19748784789435198,-0.002945413803753798,493.0
172.18701337147147,0.21276595744680848,-0.002945413803753798,865.0
172.18701337147147,0.22835278200575002,-0.002945413803753798,504.0
172.18701337147147,0.22841664508331172,-0.0029956895500224084,2002.0
172.18701337147147,0.24512966476913345,-0.003090810056269357,372.0
172.18701337147147,0.26190476190476186,-0.0032662448489952194,613.0
172.18701337147147,0.2796878403240232,-0.0032662448489952194,408.0
172.18701337147147,0.3026390450190033,-0.0032662448489952194,422.0
172.18701337147147,0.32565576186265843,-0.0032662448489952194,329.0
172.18701337147147,0.33333333333333326,-0.0032662448489952194,41.0
172.18701337147147,0.34285714285714286,-0.0032662448489952194,1877.0
172.18701337147147,0.3728813559322034,-0.0032662448489952194,621.0
172.18701337147147,0.40175560175560177,-0.0032662448489952194,498.0
172.18701337147147,0.4018465273784423,-0.0032662448489952194,1277.0
172.18701337147147,0.4382077240344957,-0.0032662448489952194,464.0
172.18701337147147,0.47619047619047616,-0.0032662448489952194,491.0
172.18701337147147,0.5333333333333332,-0.0032662448489952194,552.0
172.18701337147147,0.6666666666666665,-0.0032662448489952194,492.0
172.18701337147147,0.7224444444444444,-0.0032662448489952194,1058.0
226.21252974557947,0.0,0.00424686421161653,0.0
226.21252974557947,0.05932659932659934,0.00424686421161653,715.0
226.21252974557947,0.07604301581694731,0.00424686421161653,492.0
226.21252974557947,0.09212309228355439,0.00424686421161653,919.0
226.21252974557947,0.10410645472061658,0.00104491881208158,1080.0
226.21252974557947,0.11594202898550726,0.00104491881208158,995.0
226.21252974557947,0.13235161424214534,0.00104491881208158,527.0
226.21252974557947,0.14603174603174604,8.585998317587461e-05,701.0
226.21252974557947,0.15599024343584103,-0.0011725674484883827,520.0
226.21252974557947,0.16677044416770442,-0.002945413803753798,1141.0
226.21252974557947,0.18181818181818182,-0.002945413803753798,579.0
226.21252974557947,0.19748784789435198,-0.002945413803753798,422.0
226.21252974557947,0.21276595744680848,-0.002945413803753798,725.0
226.21252974557947,0.22835278200575002,-0.002945413803753798,539.0
226.21252974557947,0.22841664508331172,-0.0029956895500224084,1891.0
226.21252974557947,0.24512966476913345,-0.003090810056269357,348.0
226.21252974557947,0.26190476190476186,-0.0032662448489952194,731.0
226.21252974557947,0.2796878403240232,-0.0032662448489952194,472.0
226.21252974557947,0.3026390450190033,-0.0032662448489952194,463.0
226.21252974557947,0.32565576186265843,-0.0032662448489952194,306.0
226.21252974557947,0.33333333333333326,-0.0032662448489952194,51.0
226.21252974557947,0.34285714285714286,-0.0032662448489952194,1563.0
226.21252974557947,0.3728813559322034,-0.0032662448489952194,796.0
226.21252974557947,0.40175560175560177,-0.0032662448489952194,483.0
226.21252974557947,0.4018465273784423,-0.0032662448489952194,1066.0
226.21252974557947,0.4382077240344957,-0.0032662448489952194,426.0
226.21252974557947,0.47619047619047616,-0.0032662448489952194,460.0
226.21252974557947,0.5333333333333332,-0.0032662448489952194,521.0
226.21252974557947,0.6666666666666665,-0.0032662448489952194,488.0
226.21252974557947,0.7224444444444444,-0.0032662448489952194,1119.0
290.93178956500225,0.0,0.00424686421161653,0.0
290.93178956500225,0.05932659932659934,0.00424686421161653,589.0
290.93178956500225,0.07604301581694731,0.00424686421161653,406.0
290.93178956500225,0.09212309228355439,0.00424686421161653,757.0
290.93178956500225,0.10410645472061658,0.00104491881208158,657.0
290.93178956500225,0.11594202898550726,0.00104491881208158,643.0
290.93178956500225,0.13235161424214534,0.00104491881208158,452.0
290.93178956500225,0.14603174603174604,8.585998317587461e-05,471.0
290.93178956500225,0.15599024343584103,-0.0011725674484883827,839.0
290.93178956500225,0.16677044416770442,-0.002945413803753798,507.0
290.93178956500225,0.18181818181818182,-0.002945413803753798,420.0
290.93178956500225,0.19748784789435198,-0.002945413803753798,608.0
290.93178956500225,0.21276595744680848,-0.002945413803753798,451.0
290.93178956500225,0.22835278200575002,-0.002945413803753798,904.0
290.93178956500225,0.22841664508331172,-0.0029956895500224084,2641.0
290.93178956500225,0.24512966476913345,-0.003090810056269357,390.0
290.93178956500225,0.26190476190476186,-0.0032662448489952194,582.0
290.93178956500225,0.2796878403240232,-0.0032662448489952194,456.0
290.93178956500225,0.3026390450190033,-0.0032662448489952194,538.0
290.93178956500225,0.32565576186265843,-0.0032662448489952194,472.0
290.93178956500225,0.33333333333333326,-0.0032662448489952194,61.0
290.93178956500225,0.34285714285714286,-0.0032662448489952194,1466.0
290.93178956500225,0.3728813559322034,-0.0032662448489952194,944.0
290.93178956500225,0.40175560175560177,-0.0032662448489952194,516.0
290.93178956500225,0.4018465273784423,-0.0032662448489952194,1044.0
290.93178956500225,0.4382077240344957,-0.0032662448489952194,539.0
290.93178956500225,0.47619047619047616,-0.0032662448489952194,565.0
290.93178956500225,0.5333333333333332,-0.0032662448489952194,775.0
290.93178956500225,0.6666666666666665,-0.0032662448489952194,468.0
290.93178956500225,0.7224444444444444,-0.0032662448489952194,1000.0
379.07181777725714,0.0,0.00424686421161653,0.0
379.07181777725714,0.05932659932659934,0.00424686421161653,709.0
379.07181777725714,0.07604301581694731,0.00424686421161653,752.0
379.07181777725714,0.09212309228355439,0.00424686421161653,645.0
379.07181777725714,0.10410645472061658,0.00104491881208158,659.0
379.07181777725714,0.11594202898550726,0.00104491881208158,586.0
379.07181777725714,0.13235161424214534,0.00104491881208158,394.0
379.07181777725714,0.14603174603174604,8.585998317587461e-05,519.0
379.07181777725714,0.15599024343584103,-0.0011725674484883827,565.0
379.07181777725714,0.16677044416770442,-0.002945413803753798,563.0
379.07181777725714,0.18181818181818182,-0.002945413803753798,618.0
379.07181777725714,0.19748784789435198,-0.002945413803753798,293.0
379.07181777725714,0.21276595744680848,-0.002945413803753798,394.0
379.07181777725714,0.22835278200575002,-0.002945413803753798,504.0
379.07181777725714,0.22841664508331172,-0.0029956895500224084,3592.0
379.07181777725714,0.24512966476913345,-0.003090810056269357,433.0
379.07181777725714,0.26190476190476186,-0.0032662448489952194,599.0
379.07181777725714,0.2796878403240232,-0.0032662448489952194,587.0
379.07181777725714,0.3026390450190033,-0.0032662448489952194,492.0
379.07181777725714,0.32565576186265843,-0.0032662448489952194,420.0
379.07181777725714,0.33333333333333326,-0.0032662448489952194,22.0
379.07181777725714,0.34285714285714286,-0.0032662448489952194,1183.0
379.07181777725714,0.3728813559322034,-0.0032662448489952194,490.0
379.07181777725714,0.40175560175560177,-0.0032662448489952194,793.0
379.07181777725714,0.4018465273784423,-0.0032662448489952194,1501.0
379.07181777725714,0.4382077240344957,-0.0032662448489952194,517.0
379.07181777725714,0.47619047619047616,-0.0032662448489952194,469.0
379.07181777725714,0.5333333333333332,-0.0032662448489952194,510.0
379.07181777725714,0.6666666666666665,-0.0032662448489952194,582.0
379.07181777725714,0.7224444444444444,-0.0032662448489952194,1104.0
461.4801199835634,0.0,0.00424686421161653,0.0
461.4801199835634,0.05932659932659934,0.00424686421161653,770.0
461.4801199835634,0.07604301581694731,0.00424686421161653,309.0
461.4801199835634,0.09212309228355439,0.00424686421161653,622.0
461.4801199835634,0.10410645472061658,0.0010901425207808311,464.0
461.4801199835634,0.11594202898550726,0.0010901425207808311,358.0
461.4801199835634,0.13235161424214534,0.0010901425207808311,481.0
461.4801199835634,0.14603174603174604,0.0001310836918751257,442.0
461.4801199835634,0.15599024343584103,-0.0011273437397891315,554.0
461.4801199835634,0.16677044416770442,-0.002900190095054547,264.0
461.4801199835634,0.18181818181818182,-0.002900190095054547,291.0
461.4801199835634,0.19748784789435198,-0.002900190095054547,272.0
461.4801199835634,0.21276595744680848,-0.002900190095054547,431.0
461.4801199835634,0.22835278200575002,-0.002900190095054547,501.0
461.4801199835634,0.22841664508331172,-0.0029504658413231576,3779.0
461.4801199835634,0.24512966476913345,-0.0030455863475701062,398.0
461.4801199835634,0.26190476190476186,-0.003221021140295968,429.0
461.4801199835634,0.2796878403240232,-0.003221021140295968,288.0
461.4801199835634,0.3026390450190033,-0.003221021140295968,299.0
461.4801199835634,0.32565576186265843,-0.003221021140295968,345.0
461.4801199835634,0.33333333333333326,-0.003221021140295968,33.0
461.4801199835634,0.34285714285714286,-0.003221021140295968,2221.0
461.4801199835634,0.3728813559322034,-0.003221021140295968,518.0
461.4801199835634,0.40175560175560177,-0.003221021140295968,478.0
461.4801199835634,0.4018465273784423,-0.003221021140295968,1990.0
461.4801199835634,0.4382077240344957,-0.003221021140295968,470.0
461.4801199835634,0.47619047619047616,-0.003221021140295968,535.0
461.4801199835634,0.5333333333333332,-0.003221021140295968,888.0
461.4801199835634,0.6666666666666665,-0.003221021140295968,408.0
461.4801199835634,0.7224444444444444,-0.003221021140295968,921.0
