car_ownership,evenness_income_resi,f,freq
0.016304347826086973,0.20103761348897536,-0.0028377431293621566,0.0
0.016304347826086973,0.23473824312333624,-0.0036290869982616514,0.0
0.016304347826086973,0.2507134214551515,-0.0037235057262455288,0.0
0.016304347826086973,0.26514660793712486,-0.005193610951273324,0.0
0.016304347826086973,0.2735065678800243,-0.005193610951273324,0.0
0.016304347826086973,0.2857142857142857,-0.005193610951273324,0.0
0.016304347826086973,0.29877593670697117,-0.005193610951273324,0.0
0.016304347826086973,0.3124404761904762,-0.005193610951273324,0.0
0.016304347826086973,0.3253650793650793,-0.005193610951273324,43.0
0.016304347826086973,0.33333333333333337,-0.005193610951273324,0.0
0.016304347826086973,0.342568563665826,-0.003180025012355541,0.0
0.016304347826086973,0.35051546391752575,-0.00012368213620540886,0.0
0.016304347826086973,0.3602696656387931,-0.00012368213620540886,0.0
0.016304347826086973,0.36363636363636365,-0.00012368213620540886,0.0
0.016304347826086973,0.37734235480544304,-0.00012368213620540886,0.0
0.016304347826086973,0.3904364250919574,0.0024855987313641328,0.0
0.016304347826086973,0.398738988507803,0.0024855987313641328,0.0
0.016304347826086973,0.41331256490134993,0.0024855987313641328,0.0
0.016304347826086973,0.42639150778685664,0.0024855987313641328,0.0
0.016304347826086973,0.4395346544414867,0.0024855987313641328,0.0
0.016304347826086973,0.4406969248852993,0.0024855987313641328,0.0
0.016304347826086973,0.4629841511992541,0.0024855987313641328,8.0
0.016304347826086973,0.47949048196637944,0.0024855987313641328,0.0
0.016304347826086973,0.5025258323765787,0.0024855987313641328,0.0
0.016304347826086973,0.5219258295380611,0.0024855987313641328,0.0
0.016304347826086973,0.5373528406796508,0.0024855987313641328,0.0
0.016304347826086973,0.5796635101590513,0.0024855987313641328,0.0
0.016304347826086973,0.6657355679702048,0.0024855987313641328,0.0
0.016304347826086973,0.6678160919540229,0.0024855987313641328,0.0
0.016304347826086973,0.9500000000000001,0.0024855987313641328,183.0
0.19533898130870214,0.20103761348897536,-0.0028377431293621566,0.0
0.19533898130870214,0.23473824312333624,-0.0036290869982616514,154.0
0.19533898130870214,0.2507134214551515,-0.0037235057262455288,585.0
0.19533898130870214,0.26514660793712486,-0.005193610951273324,78.0
0.19533898130870214,0.2735065678800243,-0.005193610951273324,113.0
0.19533898130870214,0.2857142857142857,-0.005193610951273324,270.0
0.19533898130870214,0.29877593670697117,-0.005193610951273324,356.0
0.19533898130870214,0.3124404761904762,-0.005193610951273324,88.0
0.19533898130870214,0.3253650793650793,-0.005193610951273324,15.0
0.19533898130870214,0.33333333333333337,-0.005193610951273324,268.0
0.19533898130870214,0.342568563665826,-0.003180025012355541,132.0
0.19533898130870214,0.35051546391752575,-0.00012368213620540886,355.0
0.19533898130870214,0.3602696656387931,-0.00012368213620540886,115.0
0.19533898130870214,0.36363636363636365,-0.00012368213620540886,0.0
0.19533898130870214,0.37734235480544304,-0.00012368213620540886,695.0
0.19533898130870214,0.3904364250919574,0.0024855987313641328,272.0
0.19533898130870214,0.398738988507803,0.0024855987313641328,232.0
0.19533898130870214,0.41331256490134993,0.0024855987313641328,170.0
0.19533898130870214,0.42639150778685664,0.0024855987313641328,361.0
0.19533898130870214,0.4395346544414867,0.0024855987313641328,347.0
0.19533898130870214,0.4406969248852993,0.0024855987313641328,20.0
0.19533898130870214,0.4629841511992541,0.0024855987313641328,320.0
0.19533898130870214,0.47949048196637944,0.0024855987313641328,378.0
0.19533898130870214,0.5025258323765787,0.0024855987313641328,369.0
0.19533898130870214,0.5219258295380611,0.0024855987313641328,539.0
0.19533898130870214,0.5373528406796508,0.0024855987313641328,363.0
0.19533898130870214,0.5796635101590513,0.0024855987313641328,628.0
0.19533898130870214,0.6657355679702048,0.0024855987313641328,1318.0
0.19533898130870214,0.6678160919540229,0.0024855987313641328,145.0
0.19533898130870214,0.9500000000000001,0.0024855987313641328,1114.0
0.1954363992578405,0.20103761348897536,-0.0028377431293621566,0.0
0.1954363992578405,0.23473824312333624,-0.0036290869982616514,0.0
0.1954363992578405,0.2507134214551515,-0.0037235057262455288,0.0
0.1954363992578405,0.26514660793712486,-0.005193610951273324,0.0
0.1954363992578405,0.2735065678800243,-0.005193610951273324,0.0
0.1954363992578405,0.2857142857142857,-0.005193610951273324,0.0
0.1954363992578405,0.29877593670697117,-0.005193610951273324,0.0
0.1954363992578405,0.3124404761904762,-0.005193610951273324,0.0
0.1954363992578405,0.3253650793650793,-0.005193610951273324,0.0
0.1954363992578405,0.33333333333333337,-0.005193610951273324,0.0
0.1954363992578405,0.342568563665826,-0.003180025012355541,0.0
0.1954363992578405,0.35051546391752575,-0.00012368213620540886,0.0
0.1954363992578405,0.3602696656387931,-0.00012368213620540886,0.0
0.1954363992578405,0.36363636363636365,-0.00012368213620540886,0.0
0.1954363992578405,0.37734235480544304,-0.00012368213620540886,0.0
0.1954363992578405,0.3904364250919574,0.0024855987313641328,4.0
0.1954363992578405,0.398738988507803,0.0024855987313641328,0.0
0.1954363992578405,0.41331256490134993,0.0024855987313641328,0.0
0.1954363992578405,0.42639150778685664,0.0024855987313641328,0.0
0.1954363992578405,0.4395346544414867,0.0024855987313641328,0.0
0.1954363992578405,0.4406969248852993,0.0024855987313641328,0.0
0.1954363992578405,0.4629841511992541,0.0024855987313641328,0.0
0.1954363992578405,0.47949048196637944,0.0024855987313641328,0.0
0.1954363992578405,0.5025258323765787,0.0024855987313641328,0.0
0.1954363992578405,0.5219258295380611,0.0024855987313641328,2.0
0.1954363992578405,0.5373528406796508,0.0024855987313641328,0.0
0.1954363992578405,0.5796635101590513,0.0024855987313641328,0.0
0.1954363992578405,0.6657355679702048,0.0024855987313641328,0.0
0.1954363992578405,0.6678160919540229,0.0024855987313641328,4.0
0.1954363992578405,0.9500000000000001,0.0024855987313641328,0.0
0.22673747619092302,0.20103761348897536,-0.0028377431293621566,0.0
0.22673747619092302,0.23473824312333624,-0.0036290869982616514,189.0
0.22673747619092302,0.2507134214551515,-0.0037235057262455288,410.0
0.22673747619092302,0.26514660793712486,-0.005193610951273324,251.0
0.22673747619092302,0.2735065678800243,-0.005193610951273324,132.0
0.22673747619092302,0.2857142857142857,-0.005193610951273324,83.0
0.22673747619092302,0.29877593670697117,-0.005193610951273324,423.0
0.22673747619092302,0.3124404761904762,-0.005193610951273324,112.0
0.22673747619092302,0.3253650793650793,-0.005193610951273324,271.0
0.22673747619092302,0.33333333333333337,-0.005193610951273324,181.0
0.22673747619092302,0.342568563665826,-0.003180025012355541,54.0
0.22673747619092302,0.35051546391752575,-0.00012368213620540886,312.0
0.22673747619092302,0.3602696656387931,-0.00012368213620540886,177.0
0.22673747619092302,0.36363636363636365,-0.00012368213620540886,49.0
0.22673747619092302,0.37734235480544304,-0.00012368213620540886,260.0
0.22673747619092302,0.3904364250919574,0.0024855987313641328,528.0
0.22673747619092302,0.398738988507803,0.0024855987313641328,153.0
0.22673747619092302,0.41331256490134993,0.0024855987313641328,402.0
0.22673747619092302,0.42639150778685664,0.0024855987313641328,115.0
0.22673747619092302,0.4395346544414867,0.0024855987313641328,157.0
0.22673747619092302,0.4406969248852993,0.0024855987313641328,0.0
0.22673747619092302,0.4629841511992541,0.0024855987313641328,243.0
0.22673747619092302,0.47949048196637944,0.0024855987313641328,349.0
0.22673747619092302,0.5025258323765787,0.0024855987313641328,455.0
0.22673747619092302,0.5219258295380611,0.0024855987313641328,322.0
0.22673747619092302,0.5373528406796508,0.0024855987313641328,361.0
0.22673747619092302,0.5796635101590513,0.0024855987313641328,335.0
0.22673747619092302,0.6657355679702048,0.0024855987313641328,715.0
0.22673747619092302,0.6678160919540229,0.0024855987313641328,88.0
0.22673747619092302,0.9500000000000001,0.0024855987313641328,746.0
0.23639594540036324,0.20103761348897536,-0.0028377431293621566,0.0
0.23639594540036324,0.23473824312333624,-0.0036290869982616514,64.0
0.23639594540036324,0.2507134214551515,-0.0037235057262455288,149.0
0.23639594540036324,0.26514660793712486,-0.005193610951273324,125.0
0.23639594540036324,0.2735065678800243,-0.005193610951273324,32.0
0.23639594540036324,0.2857142857142857,-0.005193610951273324,228.0
0.23639594540036324,0.29877593670697117,-0.005193610951273324,174.0
0.23639594540036324,0.3124404761904762,-0.005193610951273324,22.0
0.23639594540036324,0.3253650793650793,-0.005193610951273324,63.0
0.23639594540036324,0.33333333333333337,-0.005193610951273324,213.0
0.23639594540036324,0.342568563665826,-0.003180025012355541,73.0
0.23639594540036324,0.35051546391752575,-0.00012368213620540886,117.0
0.23639594540036324,0.3602696656387931,-0.00012368213620540886,0.0
0.23639594540036324,0.36363636363636365,-0.00012368213620540886,41.0
0.23639594540036324,0.37734235480544304,-0.00012368213620540886,346.0
0.23639594540036324,0.3904364250919574,0.0024855987313641328,92.0
0.23639594540036324,0.398738988507803,0.0024855987313641328,0.0
0.23639594540036324,0.41331256490134993,0.0024855987313641328,57.0
0.23639594540036324,0.42639150778685664,0.0024855987313641328,301.0
0.23639594540036324,0.4395346544414867,0.0024855987313641328,1617.0
0.23639594540036324,0.4406969248852993,0.0024855987313641328,0.0
0.23639594540036324,0.4629841511992541,0.0024855987313641328,93.0
0.23639594540036324,0.47949048196637944,0.0024855987313641328,110.0
0.23639594540036324,0.5025258323765787,0.0024855987313641328,29.0
0.23639594540036324,0.5219258295380611,0.0024855987313641328,3012.0
0.23639594540036324,0.5373528406796508,0.0024855987313641328,84.0
0.23639594540036324,0.5796635101590513,0.0024855987313641328,190.0
0.23639594540036324,0.6657355679702048,0.0024855987313641328,301.0
0.23639594540036324,0.6678160919540229,0.0024855987313641328,35.0
0.23639594540036324,0.9500000000000001,0.0024855987313641328,307.0
0.24202716508534006,0.20103761348897536,-0.0028377431293621566,0.0
0.24202716508534006,0.23473824312333624,-0.0036290869982616514,39.0
0.24202716508534006,0.2507134214551515,-0.0037235057262455288,158.0
0.24202716508534006,0.26514660793712486,-0.005193610951273324,0.0
0.24202716508534006,0.2735065678800243,-0.005193610951273324,0.0
0.24202716508534006,0.2857142857142857,-0.005193610951273324,0.0
0.24202716508534006,0.29877593670697117,-0.005193610951273324,31.0
0.24202716508534006,0.3124404761904762,-0.005193610951273324,20.0
0.24202716508534006,0.3253650793650793,-0.005193610951273324,0.0
0.24202716508534006,0.33333333333333337,-0.005193610951273324,0.0
0.24202716508534006,0.342568563665826,-0.003180025012355541,58.0
0.24202716508534006,0.35051546391752575,-0.00012368213620540886,25.0
0.24202716508534006,0.3602696656387931,-0.00012368213620540886,4.0
0.24202716508534006,0.36363636363636365,-0.00012368213620540886,0.0
0.24202716508534006,0.37734235480544304,-0.00012368213620540886,0.0
0.24202716508534006,0.3904364250919574,0.0024855987313641328,80.0
0.24202716508534006,0.398738988507803,0.0024855987313641328,20.0
0.24202716508534006,0.41331256490134993,0.0024855987313641328,0.0
0.24202716508534006,0.42639150778685664,0.0024855987313641328,16.0
0.24202716508534006,0.4395346544414867,0.0024855987313641328,0.0
0.24202716508534006,0.4406969248852993,0.0024855987313641328,6192.0
0.24202716508534006,0.4629841511992541,0.0024855987313641328,31.0
0.24202716508534006,0.47949048196637944,0.0024855987313641328,0.0
0.24202716508534006,0.5025258323765787,0.0024855987313641328,90.0
0.24202716508534006,0.5219258295380611,0.0024855987313641328,0.0
0.24202716508534006,0.5373528406796508,0.0024855987313641328,1692.0
0.24202716508534006,0.5796635101590513,0.0024855987313641328,91.0
0.24202716508534006,0.6657355679702048,0.0024855987313641328,216.0
0.24202716508534006,0.6678160919540229,0.0024855987313641328,0.0
0.24202716508534006,0.9500000000000001,0.0024855987313641328,0.0
0.26611275862311606,0.20103761348897536,-0.0028377431293621566,0.0
0.26611275862311606,0.23473824312333624,-0.0036290869982616514,50.0
0.26611275862311606,0.2507134214551515,-0.0037235057262455288,149.0
0.26611275862311606,0.26514660793712486,-0.005193610951273324,174.0
0.26611275862311606,0.2735065678800243,-0.005193610951273324,335.0
0.26611275862311606,0.2857142857142857,-0.005193610951273324,268.0
0.26611275862311606,0.29877593670697117,-0.005193610951273324,483.0
0.26611275862311606,0.3124404761904762,-0.005193610951273324,262.0
0.26611275862311606,0.3253650793650793,-0.005193610951273324,354.0
0.26611275862311606,0.33333333333333337,-0.005193610951273324,277.0
0.26611275862311606,0.342568563665826,-0.003180025012355541,422.0
0.26611275862311606,0.35051546391752575,-0.00012368213620540886,414.0
0.26611275862311606,0.3602696656387931,-0.00012368213620540886,190.0
0.26611275862311606,0.36363636363636365,-0.00012368213620540886,564.0
0.26611275862311606,0.37734235480544304,-0.00012368213620540886,419.0
0.26611275862311606,0.3904364250919574,0.0024855987313641328,464.0
0.26611275862311606,0.398738988507803,0.0024855987313641328,176.0
0.26611275862311606,0.41331256490134993,0.0024855987313641328,510.0
0.26611275862311606,0.42639150778685664,0.0024855987313641328,270.0
0.26611275862311606,0.4395346544414867,0.0024855987313641328,264.0
0.26611275862311606,0.4406969248852993,0.0024855987313641328,76.0
0.26611275862311606,0.4629841511992541,0.0024855987313641328,427.0
0.26611275862311606,0.47949048196637944,0.0024855987313641328,225.0
0.26611275862311606,0.5025258323765787,0.0024855987313641328,433.0
0.26611275862311606,0.5219258295380611,0.0024855987313641328,262.0
0.26611275862311606,0.5373528406796508,0.0024855987313641328,127.0
0.26611275862311606,0.5796635101590513,0.0024855987313641328,117.0
0.26611275862311606,0.6657355679702048,0.0024855987313641328,308.0
0.26611275862311606,0.6678160919540229,0.0024855987313641328,113.0
0.26611275862311606,0.9500000000000001,0.0024855987313641328,223.0
0.28179868071367387,0.20103761348897536,-0.0028377431293621566,0.0
0.28179868071367387,0.23473824312333624,-0.0036290869982616514,138.0
0.28179868071367387,0.2507134214551515,-0.0037235057262455288,116.0
0.28179868071367387,0.26514660793712486,-0.005193610951273324,137.0
0.28179868071367387,0.2735065678800243,-0.005193610951273324,112.0
0.28179868071367387,0.2857142857142857,-0.005193610951273324,134.0
0.28179868071367387,0.29877593670697117,-0.005193610951273324,292.0
0.28179868071367387,0.3124404761904762,-0.005193610951273324,243.0
0.28179868071367387,0.3253650793650793,-0.005193610951273324,393.0
0.28179868071367387,0.33333333333333337,-0.005193610951273324,238.0
0.28179868071367387,0.342568563665826,-0.003180025012355541,173.0
0.28179868071367387,0.35051546391752575,-0.00012368213620540886,236.0
0.28179868071367387,0.3602696656387931,-0.00012368213620540886,76.0
0.28179868071367387,0.36363636363636365,-0.00012368213620540886,13.0
0.28179868071367387,0.37734235480544304,-0.00012368213620540886,145.0
0.28179868071367387,0.3904364250919574,0.0024855987313641328,168.0
0.28179868071367387,0.398738988507803,0.0024855987313641328,16.0
0.28179868071367387,0.41331256490134993,0.0024855987313641328,247.0
0.28179868071367387,0.42639150778685664,0.0024855987313641328,280.0
0.28179868071367387,0.4395346544414867,0.0024855987313641328,208.0
0.28179868071367387,0.4406969248852993,0.0024855987313641328,62.0
0.28179868071367387,0.4629841511992541,0.0024855987313641328,429.0
0.28179868071367387,0.47949048196637944,0.0024855987313641328,476.0
0.28179868071367387,0.5025258323765787,0.0024855987313641328,193.0
0.28179868071367387,0.5219258295380611,0.0024855987313641328,124.0
0.28179868071367387,0.5373528406796508,0.0024855987313641328,2572.0
0.28179868071367387,0.5796635101590513,0.0024855987313641328,399.0
0.28179868071367387,0.6657355679702048,0.0024855987313641328,516.0
0.28179868071367387,0.6678160919540229,0.0024855987313641328,17.0
0.28179868071367387,0.9500000000000001,0.0024855987313641328,126.0
0.30802485425349274,0.20103761348897536,-0.0028377431293621566,0.0
0.30802485425349274,0.23473824312333624,-0.0036290869982616514,132.0
0.30802485425349274,0.2507134214551515,-0.0037235057262455288,789.0
0.30802485425349274,0.26514660793712486,-0.005193610951273324,118.0
0.30802485425349274,0.2735065678800243,-0.005193610951273324,78.0
0.30802485425349274,0.2857142857142857,-0.005193610951273324,321.0
0.30802485425349274,0.29877593670697117,-0.005193610951273324,241.0
0.30802485425349274,0.3124404761904762,-0.005193610951273324,179.0
0.30802485425349274,0.3253650793650793,-0.005193610951273324,340.0
0.30802485425349274,0.33333333333333337,-0.005193610951273324,221.0
0.30802485425349274,0.342568563665826,-0.003180025012355541,183.0
0.30802485425349274,0.35051546391752575,-0.00012368213620540886,290.0
0.30802485425349274,0.3602696656387931,-0.00012368213620540886,343.0
0.30802485425349274,0.36363636363636365,-0.00012368213620540886,179.0
0.30802485425349274,0.37734235480544304,-0.00012368213620540886,110.0
0.30802485425349274,0.3904364250919574,0.0024855987313641328,124.0
0.30802485425349274,0.398738988507803,0.0024855987313641328,166.0
0.30802485425349274,0.41331256490134993,0.0024855987313641328,267.0
0.30802485425349274,0.42639150778685664,0.0024855987313641328,528.0
0.30802485425349274,0.4395346544414867,0.0024855987313641328,133.0
0.30802485425349274,0.4406969248852993,0.0024855987313641328,4.0
0.30802485425349274,0.4629841511992541,0.0024855987313641328,341.0
0.30802485425349274,0.47949048196637944,0.0024855987313641328,282.0
0.30802485425349274,0.5025258323765787,0.0024855987313641328,293.0
0.30802485425349274,0.5219258295380611,0.0024855987313641328,107.0
0.30802485425349274,0.5373528406796508,0.0024855987313641328,228.0
0.30802485425349274,0.5796635101590513,0.0024855987313641328,398.0
0.30802485425349274,0.6657355679702048,0.0024855987313641328,477.0
0.30802485425349274,0.6678160919540229,0.0024855987313641328,106.0
0.30802485425349274,0.9500000000000001,0.0024855987313641328,370.0
0.32956002540173396,0.20103761348897536,-0.0028377431293621566,0.0
0.32956002540173396,0.23473824312333624,-0.0036290869982616514,407.0
0.32956002540173396,0.2507134214551515,-0.0037235057262455288,232.0
0.32956002540173396,0.26514660793712486,-0.005193610951273324,36.0
0.32956002540173396,0.2735065678800243,-0.005193610951273324,63.0
0.32956002540173396,0.2857142857142857,-0.005193610951273324,119.0
0.32956002540173396,0.29877593670697117,-0.005193610951273324,191.0
0.32956002540173396,0.3124404761904762,-0.005193610951273324,223.0
0.32956002540173396,0.3253650793650793,-0.005193610951273324,175.0
0.32956002540173396,0.33333333333333337,-0.005193610951273324,86.0
0.32956002540173396,0.342568563665826,-0.003180025012355541,49.0
0.32956002540173396,0.35051546391752575,-0.00012368213620540886,158.0
0.32956002540173396,0.3602696656387931,-0.00012368213620540886,94.0
0.32956002540173396,0.36363636363636365,-0.00012368213620540886,87.0
0.32956002540173396,0.37734235480544304,-0.00012368213620540886,369.0
0.32956002540173396,0.3904364250919574,0.0024855987313641328,157.0
0.32956002540173396,0.398738988507803,0.0024855987313641328,135.0
0.32956002540173396,0.41331256490134993,0.0024855987313641328,408.0
0.32956002540173396,0.42639150778685664,0.0024855987313641328,82.0
0.32956002540173396,0.4395346544414867,0.0024855987313641328,173.0
0.32956002540173396,0.4406969248852993,0.0024855987313641328,0.0
0.32956002540173396,0.4629841511992541,0.0024855987313641328,394.0
0.32956002540173396,0.47949048196637944,0.0024855987313641328,225.0
0.32956002540173396,0.5025258323765787,0.0024855987313641328,1337.0
0.32956002540173396,0.5219258295380611,0.0024855987313641328,436.0
0.32956002540173396,0.5373528406796508,0.0024855987313641328,215.0
0.32956002540173396,0.5796635101590513,0.0024855987313641328,389.0
0.32956002540173396,0.6657355679702048,0.0024855987313641328,644.0
0.32956002540173396,0.6678160919540229,0.0024855987313641328,53.0
0.32956002540173396,0.9500000000000001,0.0024855987313641328,434.0
0.35660288944695606,0.20103761348897536,-0.0028377431293621566,0.0
0.35660288944695606,0.23473824312333624,-0.0036290869982616514,288.0
0.35660288944695606,0.2507134214551515,-0.0037235057262455288,186.0
0.35660288944695606,0.26514660793712486,-0.005193610951273324,157.0
0.35660288944695606,0.2735065678800243,-0.005193610951273324,174.0
0.35660288944695606,0.2857142857142857,-0.005193610951273324,1237.0
0.35660288944695606,0.29877593670697117,-0.005193610951273324,218.0
0.35660288944695606,0.3124404761904762,-0.005193610951273324,109.0
0.35660288944695606,0.3253650793650793,-0.005193610951273324,183.0
0.35660288944695606,0.33333333333333337,-0.005193610951273324,170.0
0.35660288944695606,0.342568563665826,-0.003180025012355541,199.0
0.35660288944695606,0.35051546391752575,-0.00012368213620540886,103.0
0.35660288944695606,0.3602696656387931,-0.00012368213620540886,277.0
0.35660288944695606,0.36363636363636365,-0.00012368213620540886,57.0
0.35660288944695606,0.37734235480544304,-0.00012368213620540886,254.0
0.35660288944695606,0.3904364250919574,0.0024855987313641328,345.0
0.35660288944695606,0.398738988507803,0.0024855987313641328,101.0
0.35660288944695606,0.41331256490134993,0.0024855987313641328,197.0
0.35660288944695606,0.42639150778685664,0.0024855987313641328,246.0
0.35660288944695606,0.4395346544414867,0.0024855987313641328,205.0
0.35660288944695606,0.4406969248852993,0.0024855987313641328,0.0
0.35660288944695606,0.4629841511992541,0.0024855987313641328,436.0
0.35660288944695606,0.47949048196637944,0.0024855987313641328,416.0
0.35660288944695606,0.5025258323765787,0.0024855987313641328,330.0
0.35660288944695606,0.5219258295380611,0.0024855987313641328,264.0
0.35660288944695606,0.5373528406796508,0.0024855987313641328,140.0
0.35660288944695606,0.5796635101590513,0.0024855987313641328,240.0
0.35660288944695606,0.6657355679702048,0.0024855987313641328,321.0
0.35660288944695606,0.6678160919540229,0.0024855987313641328,48.0
0.35660288944695606,0.9500000000000001,0.0024855987313641328,189.0
0.3744710546902781,0.20103761348897536,-0.0028377431293621566,0.0
0.3744710546902781,0.23473824312333624,-0.0036290869982616514,31.0
0.3744710546902781,0.2507134214551515,-0.0037235057262455288,192.0
0.3744710546902781,0.26514660793712486,-0.005193610951273324,93.0
0.3744710546902781,0.2735065678800243,-0.005193610951273324,83.0
0.3744710546902781,0.2857142857142857,-0.005193610951273324,385.0
0.3744710546902781,0.29877593670697117,-0.005193610951273324,395.0
0.3744710546902781,0.3124404761904762,-0.005193610951273324,80.0
0.3744710546902781,0.3253650793650793,-0.005193610951273324,100.0
0.3744710546902781,0.33333333333333337,-0.005193610951273324,62.0
0.3744710546902781,0.342568563665826,-0.003180025012355541,76.0
0.3744710546902781,0.35051546391752575,-0.00012368213620540886,69.0
0.3744710546902781,0.3602696656387931,-0.00012368213620540886,265.0
0.3744710546902781,0.36363636363636365,-0.00012368213620540886,168.0
0.3744710546902781,0.37734235480544304,-0.00012368213620540886,247.0
0.3744710546902781,0.3904364250919574,0.0024855987313641328,58.0
0.3744710546902781,0.398738988507803,0.0024855987313641328,3914.0
0.3744710546902781,0.41331256490134993,0.0024855987313641328,247.0
0.3744710546902781,0.42639150778685664,0.0024855987313641328,122.0
0.3744710546902781,0.4395346544414867,0.0024855987313641328,118.0
0.3744710546902781,0.4406969248852993,0.0024855987313641328,0.0
0.3744710546902781,0.4629841511992541,0.0024855987313641328,36.0
0.3744710546902781,0.47949048196637944,0.0024855987313641328,0.0
0.3744710546902781,0.5025258323765787,0.0024855987313641328,135.0
0.3744710546902781,0.5219258295380611,0.0024855987313641328,36.0
0.3744710546902781,0.5373528406796508,0.0024855987313641328,117.0
0.3744710546902781,0.5796635101590513,0.0024855987313641328,142.0
0.3744710546902781,0.6657355679702048,0.0024855987313641328,11.0
0.3744710546902781,0.6678160919540229,0.0024855987313641328,40.0
0.3744710546902781,0.9500000000000001,0.0024855987313641328,4.0
0.4052145915095034,0.20103761348897536,-0.0026979717899116105,0.0
0.4052145915095034,0.23473824312333624,-0.003489315658811105,114.0
0.4052145915095034,0.2507134214551515,-0.0035837343867949826,133.0
0.4052145915095034,0.26514660793712486,-0.005053839611822777,221.0
0.4052145915095034,0.2735065678800243,-0.005053839611822777,172.0
0.4052145915095034,0.2857142857142857,-0.005053839611822777,384.0
0.4052145915095034,0.29877593670697117,-0.005053839611822777,569.0
0.4052145915095034,0.3124404761904762,-0.005053839611822777,252.0
0.4052145915095034,0.3253650793650793,-0.005053839611822777,561.0
0.4052145915095034,0.33333333333333337,-0.005053839611822777,365.0
0.4052145915095034,0.342568563665826,-0.003180025012355541,174.0
0.4052145915095034,0.35051546391752575,-0.00012368213620540886,223.0
0.4052145915095034,0.3602696656387931,-0.00012368213620540886,391.0
0.4052145915095034,0.36363636363636365,-0.00012368213620540886,27.0
0.4052145915095034,0.37734235480544304,-0.00012368213620540886,330.0
0.4052145915095034,0.3904364250919574,0.0024855987313641328,363.0
0.4052145915095034,0.398738988507803,0.0024855987313641328,12.0
0.4052145915095034,0.41331256490134993,0.0024855987313641328,335.0
0.4052145915095034,0.42639150778685664,0.0024855987313641328,195.0
0.4052145915095034,0.4395346544414867,0.0024855987313641328,289.0
0.4052145915095034,0.4406969248852993,0.0024855987313641328,0.0
0.4052145915095034,0.4629841511992541,0.0024855987313641328,343.0
0.4052145915095034,0.47949048196637944,0.0024855987313641328,213.0
0.4052145915095034,0.5025258323765787,0.0024855987313641328,169.0
0.4052145915095034,0.5219258295380611,0.0024855987313641328,243.0
0.4052145915095034,0.5373528406796508,0.0024855987313641328,133.0
0.4052145915095034,0.5796635101590513,0.0024855987313641328,382.0
0.4052145915095034,0.6657355679702048,0.0024855987313641328,327.0
0.4052145915095034,0.6678160919540229,0.0024855987313641328,76.0
0.4052145915095034,0.9500000000000001,0.0024855987313641328,194.0
0.41779716551398177,0.20103761348897536,-0.0006404574344720926,0.0
0.41779716551398177,0.23473824312333624,-0.001431801303371587,133.0
0.41779716551398177,0.2507134214551515,-0.0015262200313554647,68.0
0.41779716551398177,0.26514660793712486,-0.0029963252563832603,1360.0
0.41779716551398177,0.2735065678800243,-0.0029963252563832603,3274.0
0.41779716551398177,0.2857142857142857,-0.0029963252563832603,159.0
0.41779716551398177,0.29877593670697117,-0.0029963252563832603,114.0
0.41779716551398177,0.3124404761904762,-0.0029963252563832603,211.0
0.41779716551398177,0.3253650793650793,-0.0029963252563832603,65.0
0.41779716551398177,0.33333333333333337,-0.0029963252563832603,134.0
0.41779716551398177,0.342568563665826,-0.0030661171837386247,97.0
0.41779716551398177,0.35051546391752575,-9.77430758849238e-06,169.0
0.41779716551398177,0.3602696656387931,-9.77430758849238e-06,36.0
0.41779716551398177,0.36363636363636365,-9.77430758849238e-06,89.0
0.41779716551398177,0.37734235480544304,-9.77430758849238e-06,176.0
0.41779716551398177,0.3904364250919574,0.0013212388524709315,15.0
0.41779716551398177,0.398738988507803,0.0013212388524709315,15.0
0.41779716551398177,0.41331256490134993,0.0013212388524709315,215.0
0.41779716551398177,0.42639150778685664,0.0013212388524709315,101.0
0.41779716551398177,0.4395346544414867,0.0013212388524709315,118.0
0.41779716551398177,0.4406969248852993,0.0013212388524709315,12.0
0.41779716551398177,0.4629841511992541,0.0013212388524709315,168.0
0.41779716551398177,0.47949048196637944,0.0013212388524709315,161.0
0.41779716551398177,0.5025258323765787,0.0013212388524709315,115.0
0.41779716551398177,0.5219258295380611,0.0013212388524709315,80.0
0.41779716551398177,0.5373528406796508,0.0013212388524709315,23.0
0.41779716551398177,0.5796635101590513,0.0013212388524709315,24.0
0.41779716551398177,0.6657355679702048,0.0013212388524709315,66.0
0.41779716551398177,0.6678160919540229,0.0013212388524709315,47.0
0.41779716551398177,0.9500000000000001,0.0013212388524709315,82.0
0.4301063475427949,0.20103761348897536,-0.0006404574344720926,0.0
0.4301063475427949,0.23473824312333624,-0.001431801303371587,64.0
0.4301063475427949,0.2507134214551515,-0.0015262200313554647,72.0
0.4301063475427949,0.26514660793712486,-0.0029963252563832603,58.0
0.4301063475427949,0.2735065678800243,-0.0029963252563832603,76.0
0.4301063475427949,0.2857142857142857,-0.0029963252563832603,170.0
0.4301063475427949,0.29877593670697117,-0.0029963252563832603,135.0
0.4301063475427949,0.3124404761904762,-0.0029963252563832603,208.0
0.4301063475427949,0.3253650793650793,-0.0029963252563832603,86.0
0.4301063475427949,0.33333333333333337,-0.0029963252563832603,65.0
0.4301063475427949,0.342568563665826,-0.0030661171837386247,165.0
0.4301063475427949,0.35051546391752575,-9.77430758849238e-06,374.0
0.4301063475427949,0.3602696656387931,-9.77430758849238e-06,57.0
0.4301063475427949,0.36363636363636365,-9.77430758849238e-06,4159.0
0.4301063475427949,0.37734235480544304,-9.77430758849238e-06,269.0
0.4301063475427949,0.3904364250919574,0.0013212388524709315,139.0
0.4301063475427949,0.398738988507803,0.0013212388524709315,30.0
0.4301063475427949,0.41331256490134993,0.0013212388524709315,181.0
0.4301063475427949,0.42639150778685664,0.0013212388524709315,93.0
0.4301063475427949,0.4395346544414867,0.0013212388524709315,68.0
0.4301063475427949,0.4406969248852993,0.0013212388524709315,0.0
0.4301063475427949,0.4629841511992541,0.0013212388524709315,38.0
0.4301063475427949,0.47949048196637944,0.0013212388524709315,111.0
0.4301063475427949,0.5025258323765787,0.0013212388524709315,70.0
0.4301063475427949,0.5219258295380611,0.0013212388524709315,20.0
0.4301063475427949,0.5373528406796508,0.0013212388524709315,92.0
0.4301063475427949,0.5796635101590513,0.0013212388524709315,20.0
0.4301063475427949,0.6657355679702048,0.0013212388524709315,154.0
0.4301063475427949,0.6678160919540229,0.0013212388524709315,79.0
0.4301063475427949,0.9500000000000001,0.0013212388524709315,116.0
0.4435035905851139,0.20103761348897536,-0.0006404574344720926,0.0
0.4435035905851139,0.23473824312333624,-0.001431801303371587,65.0
0.4435035905851139,0.2507134214551515,-0.0015262200313554647,99.0
0.4435035905851139,0.26514660793712486,-0.0029963252563832603,577.0
0.4435035905851139,0.2735065678800243,-0.0029963252563832603,85.0
0.4435035905851139,0.2857142857142857,-0.0029963252563832603,113.0
0.4435035905851139,0.29877593670697117,-0.0029963252563832603,220.0
0.4435035905851139,0.3124404761904762,-0.0029963252563832603,367.0
0.4435035905851139,0.3253650793650793,-0.0029963252563832603,155.0
0.4435035905851139,0.33333333333333337,-0.0029963252563832603,150.0
0.4435035905851139,0.342568563665826,-0.0030661171837386247,2705.0
0.4435035905851139,0.35051546391752575,-9.77430758849238e-06,161.0
0.4435035905851139,0.3602696656387931,-9.77430758849238e-06,199.0
0.4435035905851139,0.36363636363636365,-9.77430758849238e-06,26.0
0.4435035905851139,0.37734235480544304,-9.77430758849238e-06,122.0
0.4435035905851139,0.3904364250919574,0.0013212388524709315,212.0
0.4435035905851139,0.398738988507803,0.0013212388524709315,60.0
0.4435035905851139,0.41331256490134993,0.0013212388524709315,52.0
0.4435035905851139,0.42639150778685664,0.0013212388524709315,79.0
0.4435035905851139,0.4395346544414867,0.0013212388524709315,202.0
0.4435035905851139,0.4406969248852993,0.0013212388524709315,0.0
0.4435035905851139,0.4629841511992541,0.0013212388524709315,123.0
0.4435035905851139,0.47949048196637944,0.0013212388524709315,138.0
0.4435035905851139,0.5025258323765787,0.0013212388524709315,46.0
0.4435035905851139,0.5219258295380611,0.0013212388524709315,162.0
0.4435035905851139,0.5373528406796508,0.0013212388524709315,75.0
0.4435035905851139,0.5796635101590513,0.0013212388524709315,972.0
0.4435035905851139,0.6657355679702048,0.0013212388524709315,64.0
0.4435035905851139,0.6678160919540229,0.0013212388524709315,30.0
0.4435035905851139,0.9500000000000001,0.0013212388524709315,63.0
0.469912436631773,0.20103761348897536,0.002297500115470403,0.0
0.469912436631773,0.23473824312333624,0.0015061562465709085,290.0
0.469912436631773,0.2507134214551515,0.0014117375185870309,156.0
0.469912436631773,0.26514660793712486,-5.836770644076434e-05,147.0
0.469912436631773,0.2735065678800243,-5.836770644076434e-05,221.0
0.469912436631773,0.2857142857142857,-5.836770644076434e-05,235.0
0.469912436631773,0.29877593670697117,-5.836770644076434e-05,173.0
0.469912436631773,0.3124404761904762,-5.836770644076434e-05,450.0
0.469912436631773,0.3253650793650793,-5.836770644076434e-05,179.0
0.469912436631773,0.33333333333333337,-5.836770644076434e-05,304.0
0.469912436631773,0.342568563665826,-0.0001281596337961288,96.0
0.469912436631773,0.35051546391752575,0.0004078663959659411,200.0
0.469912436631773,0.3602696656387931,0.0004078663959659411,100.0
0.469912436631773,0.36363636363636365,0.0004078663959659411,42.0
0.469912436631773,0.37734235480544304,0.0004078663959659411,232.0
0.469912436631773,0.3904364250919574,0.0013212388524709315,132.0
0.469912436631773,0.398738988507803,0.0013212388524709315,280.0
0.469912436631773,0.41331256490134993,0.0013212388524709315,152.0
0.469912436631773,0.42639150778685664,0.0013212388524709315,846.0
0.469912436631773,0.4395346544414867,0.0013212388524709315,258.0
0.469912436631773,0.4406969248852993,0.0013212388524709315,13.0
0.469912436631773,0.4629841511992541,0.0013212388524709315,266.0
0.469912436631773,0.47949048196637944,0.0013212388524709315,253.0
0.469912436631773,0.5025258323765787,0.0013212388524709315,86.0
0.469912436631773,0.5219258295380611,0.0013212388524709315,145.0
0.469912436631773,0.5373528406796508,0.0013212388524709315,139.0
0.469912436631773,0.5796635101590513,0.0013212388524709315,125.0
0.469912436631773,0.6657355679702048,0.0013212388524709315,303.0
0.469912436631773,0.6678160919540229,0.0013212388524709315,847.0
0.469912436631773,0.9500000000000001,0.0013212388524709315,667.0
0.4842433854182442,0.20103761348897536,0.002297500115470403,0.0
0.4842433854182442,0.23473824312333624,0.0015061562465709085,2351.0
0.4842433854182442,0.2507134214551515,0.0014117375185870309,105.0
0.4842433854182442,0.26514660793712486,-5.836770644076434e-05,145.0
0.4842433854182442,0.2735065678800243,-5.836770644076434e-05,70.0
0.4842433854182442,0.2857142857142857,-5.836770644076434e-05,234.0
0.4842433854182442,0.29877593670697117,-5.836770644076434e-05,179.0
0.4842433854182442,0.3124404761904762,-5.836770644076434e-05,70.0
0.4842433854182442,0.3253650793650793,-5.836770644076434e-05,164.0
0.4842433854182442,0.33333333333333337,-5.836770644076434e-05,104.0
0.4842433854182442,0.342568563665826,-0.0001281596337961288,100.0
0.4842433854182442,0.35051546391752575,0.0004078663959659411,18.0
0.4842433854182442,0.3602696656387931,0.0004078663959659411,121.0
0.4842433854182442,0.36363636363636365,0.0004078663959659411,91.0
0.4842433854182442,0.37734235480544304,0.0004078663959659411,257.0
0.4842433854182442,0.3904364250919574,0.0013212388524709315,103.0
0.4842433854182442,0.398738988507803,0.0013212388524709315,58.0
0.4842433854182442,0.41331256490134993,0.0013212388524709315,165.0
0.4842433854182442,0.42639150778685664,0.0013212388524709315,167.0
0.4842433854182442,0.4395346544414867,0.0013212388524709315,84.0
0.4842433854182442,0.4406969248852993,0.0013212388524709315,1678.0
0.4842433854182442,0.4629841511992541,0.0013212388524709315,179.0
0.4842433854182442,0.47949048196637944,0.0013212388524709315,176.0
0.4842433854182442,0.5025258323765787,0.0013212388524709315,121.0
0.4842433854182442,0.5219258295380611,0.0013212388524709315,89.0
0.4842433854182442,0.5373528406796508,0.0013212388524709315,14.0
0.4842433854182442,0.5796635101590513,0.0013212388524709315,139.0
0.4842433854182442,0.6657355679702048,0.0013212388524709315,117.0
0.4842433854182442,0.6678160919540229,0.0013212388524709315,110.0
0.4842433854182442,0.9500000000000001,0.0013212388524709315,43.0
0.49535545200801423,0.20103761348897536,0.002297500115470403,0.0
0.49535545200801423,0.23473824312333624,0.0015061562465709085,134.0
0.49535545200801423,0.2507134214551515,0.0014117375185870309,631.0
0.49535545200801423,0.26514660793712486,-5.836770644076434e-05,286.0
0.49535545200801423,0.2735065678800243,-5.836770644076434e-05,67.0
0.49535545200801423,0.2857142857142857,-5.836770644076434e-05,105.0
0.49535545200801423,0.29877593670697117,-5.836770644076434e-05,160.0
0.49535545200801423,0.3124404761904762,-5.836770644076434e-05,96.0
0.49535545200801423,0.3253650793650793,-5.836770644076434e-05,56.0
0.49535545200801423,0.33333333333333337,-5.836770644076434e-05,151.0
0.49535545200801423,0.342568563665826,-0.0001281596337961288,47.0
0.49535545200801423,0.35051546391752575,-0.0017360381874393944,177.0
0.49535545200801423,0.3602696656387931,-0.0017360381874393944,472.0
0.49535545200801423,0.36363636363636365,-0.0017360381874393944,28.0
0.49535545200801423,0.37734235480544304,-0.0017360381874393944,20.0
0.49535545200801423,0.3904364250919574,-0.004480996419225919,60.0
0.49535545200801423,0.398738988507803,-0.004480996419225919,115.0
0.49535545200801423,0.41331256490134993,-0.004480996419225919,512.0
0.49535545200801423,0.42639150778685664,-0.004480996419225919,170.0
0.49535545200801423,0.4395346544414867,-0.004480996419225919,43.0
0.49535545200801423,0.4406969248852993,-0.004480996419225919,4.0
0.49535545200801423,0.4629841511992541,-0.004480996419225919,194.0
0.49535545200801423,0.47949048196637944,-0.004480996419225919,15.0
0.49535545200801423,0.5025258323765787,-0.004480996419225919,12.0
0.49535545200801423,0.5219258295380611,-0.004480996419225919,72.0
0.49535545200801423,0.5373528406796508,-0.004480996419225919,27.0
0.49535545200801423,0.5796635101590513,-0.004480996419225919,523.0
0.49535545200801423,0.6657355679702048,-0.004480996419225919,149.0
0.49535545200801423,0.6678160919540229,-0.004480996419225919,2898.0
0.49535545200801423,0.9500000000000001,-0.004480996419225919,64.0
0.5146401884340481,0.20103761348897536,0.002297500115470403,0.0
0.5146401884340481,0.23473824312333624,0.0015061562465709085,115.0
0.5146401884340481,0.2507134214551515,0.0014117375185870309,142.0
0.5146401884340481,0.26514660793712486,-5.836770644076434e-05,112.0
0.5146401884340481,0.2735065678800243,-5.836770644076434e-05,35.0
0.5146401884340481,0.2857142857142857,-5.836770644076434e-05,180.0
0.5146401884340481,0.29877593670697117,-5.836770644076434e-05,329.0
0.5146401884340481,0.3124404761904762,-5.836770644076434e-05,887.0
0.5146401884340481,0.3253650793650793,-5.836770644076434e-05,208.0
0.5146401884340481,0.33333333333333337,-5.836770644076434e-05,258.0
0.5146401884340481,0.342568563665826,-0.0001281596337961288,76.0
0.5146401884340481,0.35051546391752575,-0.0017360381874393944,150.0
0.5146401884340481,0.3602696656387931,-0.0017360381874393944,258.0
0.5146401884340481,0.36363636363636365,-0.0017360381874393944,24.0
0.5146401884340481,0.37734235480544304,-0.0017360381874393944,292.0
0.5146401884340481,0.3904364250919574,-0.004480996419225919,327.0
0.5146401884340481,0.398738988507803,-0.004480996419225919,95.0
0.5146401884340481,0.41331256490134993,-0.004480996419225919,141.0
0.5146401884340481,0.42639150778685664,-0.004480996419225919,457.0
0.5146401884340481,0.4395346544414867,-0.004480996419225919,105.0
0.5146401884340481,0.4406969248852993,-0.004480996419225919,0.0
0.5146401884340481,0.4629841511992541,-0.004480996419225919,429.0
0.5146401884340481,0.47949048196637944,-0.004480996419225919,26.0
0.5146401884340481,0.5025258323765787,-0.004480996419225919,605.0
0.5146401884340481,0.5219258295380611,-0.004480996419225919,68.0
0.5146401884340481,0.5373528406796508,-0.004480996419225919,61.0
0.5146401884340481,0.5796635101590513,-0.004480996419225919,83.0
0.5146401884340481,0.6657355679702048,-0.004480996419225919,80.0
0.5146401884340481,0.6678160919540229,-0.004480996419225919,1673.0
0.5146401884340481,0.9500000000000001,-0.004480996419225919,26.0
0.5382126491101673,0.20103761348897536,0.0072816228494195995,0.0
0.5382126491101673,0.23473824312333624,0.006490278980520106,746.0
0.5382126491101673,0.2507134214551515,0.006395860252536229,224.0
0.5382126491101673,0.26514660793712486,0.004925755027508433,264.0
0.5382126491101673,0.2735065678800243,0.004925755027508433,218.0
0.5382126491101673,0.2857142857142857,0.004925755027508433,93.0
0.5382126491101673,0.29877593670697117,0.004925755027508433,274.0
0.5382126491101673,0.3124404761904762,0.004925755027508433,221.0
0.5382126491101673,0.3253650793650793,0.004925755027508433,426.0
0.5382126491101673,0.33333333333333337,0.004925755027508433,385.0
0.5382126491101673,0.342568563665826,0.004855963100153068,157.0
0.5382126491101673,0.35051546391752575,0.0017195781613873907,162.0
0.5382126491101673,0.3602696656387931,0.0017195781613873907,629.0
0.5382126491101673,0.36363636363636365,0.0017195781613873907,92.0
0.5382126491101673,0.37734235480544304,0.0017195781613873907,105.0
0.5382126491101673,0.3904364250919574,-0.004547852140672825,166.0
0.5382126491101673,0.398738988507803,-0.004547852140672825,132.0
0.5382126491101673,0.41331256490134993,-0.004547852140672825,304.0
0.5382126491101673,0.42639150778685664,-0.004547852140672825,224.0
0.5382126491101673,0.4395346544414867,-0.004547852140672825,110.0
0.5382126491101673,0.4406969248852993,-0.004547852140672825,44.0
0.5382126491101673,0.4629841511992541,-0.004547852140672825,481.0
0.5382126491101673,0.47949048196637944,-0.004547852140672825,408.0
0.5382126491101673,0.5025258323765787,-0.004547852140672825,127.0
0.5382126491101673,0.5219258295380611,-0.004547852140672825,118.0
0.5382126491101673,0.5373528406796508,-0.004547852140672825,99.0
0.5382126491101673,0.5796635101590513,-0.004547852140672825,278.0
0.5382126491101673,0.6657355679702048,-0.004547852140672825,104.0
0.5382126491101673,0.6678160919540229,-0.004547852140672825,188.0
0.5382126491101673,0.9500000000000001,-0.004547852140672825,77.0
0.5559238599458598,0.20103761348897536,0.0072816228494195995,0.0
0.5559238599458598,0.23473824312333624,0.006490278980520106,225.0
0.5559238599458598,0.2507134214551515,0.006395860252536229,198.0
0.5559238599458598,0.26514660793712486,0.004925755027508433,78.0
0.5559238599458598,0.2735065678800243,0.004925755027508433,65.0
0.5559238599458598,0.2857142857142857,0.004925755027508433,166.0
0.5559238599458598,0.29877593670697117,0.004925755027508433,64.0
0.5559238599458598,0.3124404761904762,0.004925755027508433,403.0
0.5559238599458598,0.3253650793650793,0.004925755027508433,191.0
0.5559238599458598,0.33333333333333337,0.004925755027508433,94.0
0.5559238599458598,0.342568563665826,0.004855963100153068,163.0
0.5559238599458598,0.35051546391752575,0.0017195781613873907,640.0
0.5559238599458598,0.3602696656387931,0.0017195781613873907,267.0
0.5559238599458598,0.36363636363636365,0.0017195781613873907,17.0
0.5559238599458598,0.37734235480544304,0.0017195781613873907,184.0
0.5559238599458598,0.3904364250919574,-0.004547852140672825,101.0
0.5559238599458598,0.398738988507803,-0.004547852140672825,126.0
0.5559238599458598,0.41331256490134993,-0.004547852140672825,64.0
0.5559238599458598,0.42639150778685664,-0.004547852140672825,245.0
0.5559238599458598,0.4395346544414867,-0.004547852140672825,153.0
0.5559238599458598,0.4406969248852993,-0.004547852140672825,0.0
0.5559238599458598,0.4629841511992541,-0.004547852140672825,127.0
0.5559238599458598,0.47949048196637944,-0.004547852140672825,1664.0
0.5559238599458598,0.5025258323765787,-0.004547852140672825,102.0
0.5559238599458598,0.5219258295380611,-0.004547852140672825,383.0
0.5559238599458598,0.5373528406796508,-0.004547852140672825,45.0
0.5559238599458598,0.5796635101590513,-0.004547852140672825,145.0
0.5559238599458598,0.6657355679702048,-0.004547852140672825,109.0
0.5559238599458598,0.6678160919540229,-0.004547852140672825,1205.0
0.5559238599458598,0.9500000000000001,-0.004547852140672825,83.0
0.5783184062531579,0.20103761348897536,0.0072816228494195995,0.0
0.5783184062531579,0.23473824312333624,0.006490278980520106,216.0
0.5783184062531579,0.2507134214551515,0.006395860252536229,152.0
0.5783184062531579,0.26514660793712486,0.004925755027508433,361.0
0.5783184062531579,0.2735065678800243,0.004925755027508433,232.0
0.5783184062531579,0.2857142857142857,0.004925755027508433,215.0
0.5783184062531579,0.29877593670697117,0.004925755027508433,187.0
0.5783184062531579,0.3124404761904762,0.004925755027508433,835.0
0.5783184062531579,0.3253650793650793,0.004925755027508433,83.0
0.5783184062531579,0.33333333333333337,0.004925755027508433,553.0
0.5783184062531579,0.342568563665826,0.004841397752451042,76.0
0.5783184062531579,0.35051546391752575,0.0013814091340777607,244.0
0.5783184062531579,0.3602696656387931,0.0013814091340777607,199.0
0.5783184062531579,0.36363636363636365,0.0013814091340777607,457.0
0.5783184062531579,0.37734235480544304,0.0013814091340777607,244.0
0.5783184062531579,0.3904364250919574,-0.004886021167982454,335.0
0.5783184062531579,0.398738988507803,-0.004886021167982454,323.0
0.5783184062531579,0.41331256490134993,-0.004886021167982454,166.0
0.5783184062531579,0.42639150778685664,-0.004886021167982454,155.0
0.5783184062531579,0.4395346544414867,-0.004886021167982454,180.0
0.5783184062531579,0.4406969248852993,-0.004886021167982454,45.0
0.5783184062531579,0.4629841511992541,-0.004886021167982454,292.0
0.5783184062531579,0.47949048196637944,-0.004886021167982454,147.0
0.5783184062531579,0.5025258323765787,-0.004886021167982454,92.0
0.5783184062531579,0.5219258295380611,-0.004886021167982454,95.0
0.5783184062531579,0.5373528406796508,-0.004886021167982454,178.0
0.5783184062531579,0.5796635101590513,-0.004886021167982454,166.0
0.5783184062531579,0.6657355679702048,-0.004886021167982454,83.0
0.5783184062531579,0.6678160919540229,-0.004886021167982454,420.0
0.5783184062531579,0.9500000000000001,-0.004886021167982454,233.0
0.5869894525066939,0.20103761348897536,0.0072816228494195995,0.0
0.5869894525066939,0.23473824312333624,0.006490278980520106,62.0
0.5869894525066939,0.2507134214551515,0.006395860252536229,44.0
0.5869894525066939,0.26514660793712486,0.004925755027508433,42.0
0.5869894525066939,0.2735065678800243,0.004925755027508433,0.0
0.5869894525066939,0.2857142857142857,0.004925755027508433,40.0
0.5869894525066939,0.29877593670697117,0.004925755027508433,102.0
0.5869894525066939,0.3124404761904762,0.004925755027508433,56.0
0.5869894525066939,0.3253650793650793,0.004925755027508433,273.0
0.5869894525066939,0.33333333333333337,0.004925755027508433,68.0
0.5869894525066939,0.342568563665826,0.004841397752451042,34.0
0.5869894525066939,0.35051546391752575,0.0013814091340777607,381.0
0.5869894525066939,0.3602696656387931,0.0013814091340777607,8.0
0.5869894525066939,0.36363636363636365,0.0013814091340777607,51.0
0.5869894525066939,0.37734235480544304,0.0013814091340777607,68.0
0.5869894525066939,0.3904364250919574,-0.004886021167982454,142.0
0.5869894525066939,0.398738988507803,-0.004886021167982454,8.0
0.5869894525066939,0.41331256490134993,-0.004886021167982454,103.0
0.5869894525066939,0.42639150778685664,-0.004886021167982454,205.0
0.5869894525066939,0.4395346544414867,-0.004886021167982454,27.0
0.5869894525066939,0.4406969248852993,-0.004886021167982454,0.0
0.5869894525066939,0.4629841511992541,-0.004886021167982454,68.0
0.5869894525066939,0.47949048196637944,-0.004886021167982454,18.0
0.5869894525066939,0.5025258323765787,-0.004886021167982454,25.0
0.5869894525066939,0.5219258295380611,-0.004886021167982454,38.0
0.5869894525066939,0.5373528406796508,-0.004886021167982454,20.0
0.5869894525066939,0.5796635101590513,-0.004886021167982454,8.0
0.5869894525066939,0.6657355679702048,-0.004886021167982454,83.0
0.5869894525066939,0.6678160919540229,-0.004886021167982454,78.0
0.5869894525066939,0.9500000000000001,-0.004886021167982454,33.0
0.6159039107570912,0.20103761348897536,0.0072816228494195995,0.0
0.6159039107570912,0.23473824312333624,0.006490278980520106,168.0
0.6159039107570912,0.2507134214551515,0.006395860252536229,209.0
0.6159039107570912,0.26514660793712486,0.004925755027508433,144.0
0.6159039107570912,0.2735065678800243,0.004925755027508433,54.0
0.6159039107570912,0.2857142857142857,0.004925755027508433,288.0
0.6159039107570912,0.29877593670697117,0.004925755027508433,273.0
0.6159039107570912,0.3124404761904762,0.004925755027508433,230.0
0.6159039107570912,0.3253650793650793,0.004925755027508433,693.0
0.6159039107570912,0.33333333333333337,0.004925755027508433,187.0
0.6159039107570912,0.342568563665826,0.004841397752451042,148.0
0.6159039107570912,0.35051546391752575,0.0013814091340777607,131.0
0.6159039107570912,0.3602696656387931,0.0013814091340777607,128.0
0.6159039107570912,0.36363636363636365,0.0013814091340777607,44.0
0.6159039107570912,0.37734235480544304,0.0013814091340777607,136.0
0.6159039107570912,0.3904364250919574,-0.004886021167982454,870.0
0.6159039107570912,0.398738988507803,-0.004886021167982454,260.0
0.6159039107570912,0.41331256490134993,-0.004886021167982454,833.0
0.6159039107570912,0.42639150778685664,-0.004886021167982454,312.0
0.6159039107570912,0.4395346544414867,-0.004886021167982454,111.0
0.6159039107570912,0.4406969248852993,-0.004886021167982454,0.0
0.6159039107570912,0.4629841511992541,-0.004886021167982454,203.0
0.6159039107570912,0.47949048196637944,-0.004886021167982454,180.0
0.6159039107570912,0.5025258323765787,-0.004886021167982454,259.0
0.6159039107570912,0.5219258295380611,-0.004886021167982454,46.0
0.6159039107570912,0.5373528406796508,-0.004886021167982454,104.0
0.6159039107570912,0.5796635101590513,-0.004886021167982454,694.0
0.6159039107570912,0.6657355679702048,-0.004886021167982454,245.0
0.6159039107570912,0.6678160919540229,-0.004886021167982454,436.0
0.6159039107570912,0.9500000000000001,-0.004886021167982454,57.0
0.6410646801957427,0.20103761348897536,0.006913483296673986,0.0
0.6410646801957427,0.23473824312333624,0.006913483296673986,75.0
0.6410646801957427,0.2507134214551515,0.006819064568690108,67.0
0.6410646801957427,0.26514660793712486,0.0053489593436623125,451.0
0.6410646801957427,0.2735065678800243,0.0053489593436623125,143.0
0.6410646801957427,0.2857142857142857,0.0053489593436623125,166.0
0.6410646801957427,0.29877593670697117,0.0053489593436623125,166.0
0.6410646801957427,0.3124404761904762,0.0053489593436623125,260.0
0.6410646801957427,0.3253650793650793,0.0053489593436623125,505.0
0.6410646801957427,0.33333333333333337,0.0053489593436623125,284.0
0.6410646801957427,0.342568563665826,0.005264602068604921,127.0
0.6410646801957427,0.35051546391752575,0.0011657982674986652,111.0
0.6410646801957427,0.3602696656387931,0.0011657982674986652,962.0
0.6410646801957427,0.36363636363636365,0.0011657982674986652,78.0
0.6410646801957427,0.37734235480544304,0.0011657982674986652,143.0
0.6410646801957427,0.3904364250919574,-0.005101632034561549,240.0
0.6410646801957427,0.398738988507803,-0.005101632034561549,182.0
0.6410646801957427,0.41331256490134993,-0.005101632034561549,79.0
0.6410646801957427,0.42639150778685664,-0.005101632034561549,80.0
0.6410646801957427,0.4395346544414867,-0.005101632034561549,720.0
0.6410646801957427,0.4406969248852993,-0.005101632034561549,40.0
0.6410646801957427,0.4629841511992541,-0.005101632034561549,285.0
0.6410646801957427,0.47949048196637944,-0.005101632034561549,422.0
0.6410646801957427,0.5025258323765787,-0.005101632034561549,617.0
0.6410646801957427,0.5219258295380611,-0.005101632034561549,133.0
0.6410646801957427,0.5373528406796508,-0.005101632034561549,128.0
0.6410646801957427,0.5796635101590513,-0.005101632034561549,97.0
0.6410646801957427,0.6657355679702048,-0.005101632034561549,92.0
0.6410646801957427,0.6678160919540229,-0.005101632034561549,712.0
0.6410646801957427,0.9500000000000001,-0.005101632034561549,47.0
0.675200890712139,0.20103761348897536,0.006781688912134077,0.0
0.675200890712139,0.23473824312333624,0.006781688912134077,119.0
0.675200890712139,0.2507134214551515,0.006819064568690108,102.0
0.675200890712139,0.26514660793712486,0.0053489593436623125,248.0
0.675200890712139,0.2735065678800243,0.0053489593436623125,36.0
0.675200890712139,0.2857142857142857,0.0053489593436623125,153.0
0.675200890712139,0.29877593670697117,0.0053489593436623125,112.0
0.675200890712139,0.3124404761904762,0.0053489593436623125,289.0
0.675200890712139,0.3253650793650793,0.0053489593436623125,326.0
0.675200890712139,0.33333333333333337,0.0053489593436623125,265.0
0.675200890712139,0.342568563665826,0.005264602068604921,74.0
0.675200890712139,0.35051546391752575,0.0011657982674986652,311.0
0.675200890712139,0.3602696656387931,0.0011657982674986652,197.0
0.675200890712139,0.36363636363636365,0.0011657982674986652,701.0
0.675200890712139,0.37734235480544304,0.0011657982674986652,315.0
0.675200890712139,0.3904364250919574,-0.005101632034561549,260.0
0.675200890712139,0.398738988507803,-0.005101632034561549,56.0
0.675200890712139,0.41331256490134993,-0.005101632034561549,88.0
0.675200890712139,0.42639150778685664,-0.005101632034561549,217.0
0.675200890712139,0.4395346544414867,-0.005101632034561549,214.0
0.675200890712139,0.4406969248852993,-0.005101632034561549,0.0
0.675200890712139,0.4629841511992541,-0.005101632034561549,268.0
0.675200890712139,0.47949048196637944,-0.005101632034561549,178.0
0.675200890712139,0.5025258323765787,-0.005101632034561549,140.0
0.675200890712139,0.5219258295380611,-0.005101632034561549,39.0
0.675200890712139,0.5373528406796508,-0.005101632034561549,110.0
0.675200890712139,0.5796635101590513,-0.005101632034561549,161.0
0.675200890712139,0.6657355679702048,-0.005101632034561549,82.0
0.675200890712139,0.6678160919540229,-0.005101632034561549,686.0
0.675200890712139,0.9500000000000001,-0.005101632034561549,891.0
0.7332114103926184,0.20103761348897536,0.006781688912134077,0.0
0.7332114103926184,0.23473824312333624,0.006781688912134077,125.0
0.7332114103926184,0.2507134214551515,0.006819064568690108,126.0
0.7332114103926184,0.26514660793712486,0.0053489593436623125,267.0
0.7332114103926184,0.2735065678800243,0.0053489593436623125,111.0
0.7332114103926184,0.2857142857142857,0.0053489593436623125,137.0
0.7332114103926184,0.29877593670697117,0.0053489593436623125,253.0
0.7332114103926184,0.3124404761904762,0.0053489593436623125,197.0
0.7332114103926184,0.3253650793650793,0.0053489593436623125,202.0
0.7332114103926184,0.33333333333333337,0.0053489593436623125,254.0
0.7332114103926184,0.342568563665826,0.005264602068604921,106.0
0.7332114103926184,0.35051546391752575,0.0011657982674986652,218.0
0.7332114103926184,0.3602696656387931,0.0011657982674986652,453.0
0.7332114103926184,0.36363636363636365,0.0011657982674986652,114.0
0.7332114103926184,0.37734235480544304,0.0011657982674986652,218.0
0.7332114103926184,0.3904364250919574,-0.005101632034561549,343.0
0.7332114103926184,0.398738988507803,-0.005101632034561549,39.0
0.7332114103926184,0.41331256490134993,-0.005101632034561549,345.0
0.7332114103926184,0.42639150778685664,-0.005101632034561549,164.0
0.7332114103926184,0.4395346544414867,-0.005101632034561549,196.0
0.7332114103926184,0.4406969248852993,-0.005101632034561549,12.0
0.7332114103926184,0.4629841511992541,-0.005101632034561549,277.0
0.7332114103926184,0.47949048196637944,-0.005101632034561549,82.0
0.7332114103926184,0.5025258323765787,-0.005101632034561549,345.0
0.7332114103926184,0.5219258295380611,-0.005101632034561549,352.0
0.7332114103926184,0.5373528406796508,-0.005101632034561549,55.0
0.7332114103926184,0.5796635101590513,-0.005101632034561549,440.0
0.7332114103926184,0.6657355679702048,-0.005101632034561549,194.0
0.7332114103926184,0.6678160919540229,-0.005101632034561549,833.0
0.7332114103926184,0.9500000000000001,-0.005101632034561549,128.0
0.8272250835298056,0.20103761348897536,0.006781688912134077,0.0
0.8272250835298056,0.23473824312333624,0.006781688912134077,193.0
0.8272250835298056,0.2507134214551515,0.0068891277303988,353.0
0.8272250835298056,0.26514660793712486,0.005419022505371004,186.0
0.8272250835298056,0.2735065678800243,0.005419022505371004,150.0
0.8272250835298056,0.2857142857142857,0.005419022505371004,214.0
0.8272250835298056,0.29877593670697117,0.005419022505371004,225.0
0.8272250835298056,0.3124404761904762,0.005419022505371004,162.0
0.8272250835298056,0.3253650793650793,0.005419022505371004,235.0
0.8272250835298056,0.33333333333333337,0.005419022505371004,291.0
0.8272250835298056,0.342568563665826,0.005334665230313613,11.0
0.8272250835298056,0.35051546391752575,0.0012358614292073567,69.0
0.8272250835298056,0.3602696656387931,0.0012358614292073567,263.0
0.8272250835298056,0.36363636363636365,0.0012358614292073567,46.0
0.8272250835298056,0.37734235480544304,0.0012358614292073567,657.0
0.8272250835298056,0.3904364250919574,-0.005031568872852858,492.0
0.8272250835298056,0.398738988507803,-0.005031568872852858,74.0
0.8272250835298056,0.41331256490134993,-0.005031568872852858,116.0
0.8272250835298056,0.42639150778685664,-0.005031568872852858,195.0
0.8272250835298056,0.4395346544414867,-0.005031568872852858,197.0
0.8272250835298056,0.4406969248852993,-0.005031568872852858,0.0
0.8272250835298056,0.4629841511992541,-0.005031568872852858,186.0
0.8272250835298056,0.47949048196637944,-0.005031568872852858,75.0
0.8272250835298056,0.5025258323765787,-0.005031568872852858,200.0
0.8272250835298056,0.5219258295380611,-0.005031568872852858,112.0
0.8272250835298056,0.5373528406796508,-0.005031568872852858,37.0
0.8272250835298056,0.5796635101590513,-0.005031568872852858,121.0
0.8272250835298056,0.6657355679702048,-0.005031568872852858,73.0
0.8272250835298056,0.6678160919540229,-0.005031568872852858,1468.0
0.8272250835298056,0.9500000000000001,-0.005031568872852858,22.0
0.9505133159818071,0.20103761348897536,0.00490255887391759,0.0
0.9505133159818071,0.23473824312333624,0.00490255887391759,271.0
0.9505133159818071,0.2507134214551515,0.005009997692182312,143.0
0.9505133159818071,0.26514660793712486,0.005009997692182312,83.0
0.9505133159818071,0.2735065678800243,0.005009997692182312,128.0
0.9505133159818071,0.2857142857142857,0.005009997692182312,80.0
0.9505133159818071,0.29877593670697117,0.005009997692182312,206.0
0.9505133159818071,0.3124404761904762,0.005009997692182312,114.0
0.9505133159818071,0.3253650793650793,0.005009997692182312,146.0
0.9505133159818071,0.33333333333333337,0.005009997692182312,353.0
0.9505133159818071,0.342568563665826,0.004925640417124922,18.0
0.9505133159818071,0.35051546391752575,0.0008268366160186651,50.0
0.9505133159818071,0.3602696656387931,0.0008268366160186651,97.0
0.9505133159818071,0.36363636363636365,0.0008268366160186651,24.0
0.9505133159818071,0.37734235480544304,0.0008268366160186651,148.0
0.9505133159818071,0.3904364250919574,-0.00544059368604155,124.0
0.9505133159818071,0.398738988507803,-0.00544059368604155,10.0
0.9505133159818071,0.41331256490134993,-0.00544059368604155,100.0
0.9505133159818071,0.42639150778685664,-0.00544059368604155,93.0
0.9505133159818071,0.4395346544414867,-0.00544059368604155,116.0
0.9505133159818071,0.4406969248852993,-0.00544059368604155,0.0
0.9505133159818071,0.4629841511992541,-0.00544059368604155,110.0
0.9505133159818071,0.47949048196637944,-0.00544059368604155,291.0
0.9505133159818071,0.5025258323765787,-0.0026689488626349222,90.0
0.9505133159818071,0.5219258295380611,-0.0026689488626349222,80.0
0.9505133159818071,0.5373528406796508,-0.0023078511009724124,49.0
0.9505133159818071,0.5796635101590513,-0.0023078511009724124,87.0
0.9505133159818071,0.6657355679702048,-0.0023078511009724124,161.0
0.9505133159818071,0.6678160919540229,-0.0023078511009724124,2469.0
0.9505133159818071,0.9500000000000001,-0.0023078511009724124,112.0
