Lowest income group,car_ownership,f,freq
0.40074906367041196,0.016304347826086973,0.0034444919677271307,0.0
0.40074906367041196,0.19533898130870214,0.0034444919677271307,0.0
0.40074906367041196,0.1954363992578405,0.0034444919677271307,0.0
0.40074906367041196,0.22673747619092302,0.0034444919677271307,0.0
0.40074906367041196,0.23639594540036324,0.0034444919677271307,0.0
0.40074906367041196,0.24202716508534006,0.0034444919677271307,0.0
0.40074906367041196,0.26611275862311606,0.0034444919677271307,0.0
0.40074906367041196,0.28179868071367387,0.0034444919677271307,0.0
0.40074906367041196,0.30802485425349274,0.0034444919677271307,0.0
0.40074906367041196,0.32956002540173396,0.0034444919677271307,0.0
0.40074906367041196,0.35660288944695606,0.003644725021558235,0.0
0.40074906367041196,0.3744710546902781,0.003644725021558235,0.0
0.40074906367041196,0.4052145915095034,0.0002924044074903852,0.0
0.40074906367041196,0.41779716551398177,0.0002924044074903852,0.0
0.40074906367041196,0.4301063475427949,0.0005207871604678884,0.0
0.40074906367041196,0.4435035905851139,-0.0014501114731286795,0.0
0.40074906367041196,0.469912436631773,0.0009831893288281429,0.0
0.40074906367041196,0.4842433854182442,0.0026096888785091567,0.0
0.40074906367041196,0.49535545200801423,0.0035527695890618166,0.0
0.40074906367041196,0.5146401884340481,0.0035527695890618166,0.0
0.40074906367041196,0.5382126491101673,0.0035527695890618166,0.0
0.40074906367041196,0.5559238599458598,0.0035527695890618166,0.0
0.40074906367041196,0.5783184062531579,0.0041215720159541456,0.0
0.40074906367041196,0.5869894525066939,0.0041215720159541456,0.0
0.40074906367041196,0.6159039107570912,0.0041215720159541456,0.0
0.40074906367041196,0.6410646801957427,0.0041215720159541456,0.0
0.40074906367041196,0.675200890712139,0.0037407707003846414,0.0
0.40074906367041196,0.7332114103926184,0.0037407707003846414,0.0
0.40074906367041196,0.8272250835298056,0.0037407707003846414,0.0
0.40074906367041196,0.9505133159818071,0.0032879430136148265,0.0
0.40848067126161225,0.016304347826086973,0.0034444919677271307,0.0
0.40848067126161225,0.19533898130870214,0.0034444919677271307,68.0
0.40848067126161225,0.1954363992578405,0.0034444919677271307,0.0
0.40848067126161225,0.22673747619092302,0.0034444919677271307,240.0
0.40848067126161225,0.23639594540036324,0.0034444919677271307,37.0
0.40848067126161225,0.24202716508534006,0.0034444919677271307,71.0
0.40848067126161225,0.26611275862311606,0.0034444919677271307,292.0
0.40848067126161225,0.28179868071367387,0.0034444919677271307,315.0
0.40848067126161225,0.30802485425349274,0.0034444919677271307,320.0
0.40848067126161225,0.32956002540173396,0.0034444919677271307,318.0
0.40848067126161225,0.35660288944695606,0.003644725021558235,1288.0
0.40848067126161225,0.3744710546902781,0.003644725021558235,116.0
0.40848067126161225,0.4052145915095034,0.0002924044074903852,312.0
0.40848067126161225,0.41779716551398177,0.0002924044074903852,133.0
0.40848067126161225,0.4301063475427949,0.0005207871604678884,134.0
0.40848067126161225,0.4435035905851139,-0.0014501114731286795,66.0
0.40848067126161225,0.469912436631773,0.0009831893288281429,242.0
0.40848067126161225,0.4842433854182442,0.0026096888785091567,84.0
0.40848067126161225,0.49535545200801423,0.0035527695890618166,125.0
0.40848067126161225,0.5146401884340481,0.0035527695890618166,171.0
0.40848067126161225,0.5382126491101673,0.0035527695890618166,896.0
0.40848067126161225,0.5559238599458598,0.0035527695890618166,150.0
0.40848067126161225,0.5783184062531579,0.0041215720159541456,227.0
0.40848067126161225,0.5869894525066939,0.0041215720159541456,70.0
0.40848067126161225,0.6159039107570912,0.0041215720159541456,252.0
0.40848067126161225,0.6410646801957427,0.0041215720159541456,85.0
0.40848067126161225,0.675200890712139,0.0037407707003846414,165.0
0.40848067126161225,0.7332114103926184,0.0037407707003846414,193.0
0.40848067126161225,0.8272250835298056,0.0037407707003846414,425.0
0.40848067126161225,0.9505133159818071,0.0032879430136148265,259.0
0.41455391527599483,0.016304347826086973,-0.003060274841956509,0.0
0.41455391527599483,0.19533898130870214,-0.003060274841956509,120.0
0.41455391527599483,0.1954363992578405,-0.003060274841956509,0.0
0.41455391527599483,0.22673747619092302,-0.003060274841956509,218.0
0.41455391527599483,0.23639594540036324,-0.003060274841956509,4.0
0.41455391527599483,0.24202716508534006,-0.003060274841956509,0.0
0.41455391527599483,0.26611275862311606,-0.003060274841956509,260.0
0.41455391527599483,0.28179868071367387,-0.003060274841956509,216.0
0.41455391527599483,0.30802485425349274,-0.003060274841956509,692.0
0.41455391527599483,0.32956002540173396,-0.003060274841956509,220.0
0.41455391527599483,0.35660288944695606,-0.0028600417881254054,24.0
0.41455391527599483,0.3744710546902781,-0.0028600417881254054,48.0
0.41455391527599483,0.4052145915095034,-0.0028600417881254054,220.0
0.41455391527599483,0.41779716551398177,-0.0028600417881254054,80.0
0.41455391527599483,0.4301063475427949,-0.0026316590351479017,53.0
0.41455391527599483,0.4435035905851139,-0.001438550910249626,259.0
0.41455391527599483,0.469912436631773,0.0009947498917071958,303.0
0.41455391527599483,0.4842433854182442,0.00262124944138821,2411.0
0.41455391527599483,0.49535545200801423,0.003564330151940869,236.0
0.41455391527599483,0.5146401884340481,0.003564330151940869,27.0
0.41455391527599483,0.5382126491101673,0.003564330151940869,361.0
0.41455391527599483,0.5559238599458598,0.003564330151940869,98.0
0.41455391527599483,0.5783184062531579,0.004133132578833199,132.0
0.41455391527599483,0.5869894525066939,0.004133132578833199,24.0
0.41455391527599483,0.6159039107570912,0.004133132578833199,234.0
0.41455391527599483,0.6410646801957427,0.004133132578833199,80.0
0.41455391527599483,0.675200890712139,0.004133132578833199,162.0
0.41455391527599483,0.7332114103926184,0.00547405939105173,157.0
0.41455391527599483,0.8272250835298056,0.00547405939105173,255.0
0.41455391527599483,0.9505133159818071,0.005021231704281915,197.0
0.42274960215872137,0.016304347826086973,-0.0034143336569441947,0.0
0.42274960215872137,0.19533898130870214,-0.0034143336569441947,207.0
0.42274960215872137,0.1954363992578405,-0.0034143336569441947,0.0
0.42274960215872137,0.22673747619092302,-0.0034143336569441947,215.0
0.42274960215872137,0.23639594540036324,-0.0034143336569441947,129.0
0.42274960215872137,0.24202716508534006,-0.0034143336569441947,71.0
0.42274960215872137,0.26611275862311606,-0.0034143336569441947,186.0
0.42274960215872137,0.28179868071367387,-0.0034143336569441947,144.0
0.42274960215872137,0.30802485425349274,-0.0034143336569441947,98.0
0.42274960215872137,0.32956002540173396,-0.0034143336569441947,128.0
0.42274960215872137,0.35660288944695606,-0.003214100603113091,385.0
0.42274960215872137,0.3744710546902781,-0.003214100603113091,314.0
0.42274960215872137,0.4052145915095034,-0.003214100603113091,298.0
0.42274960215872137,0.41779716551398177,-0.003214100603113091,151.0
0.42274960215872137,0.4301063475427949,-0.002985717850135588,78.0
0.42274960215872137,0.4435035905851139,-0.0017926097252373122,205.0
0.42274960215872137,0.469912436631773,0.0006406910767195097,313.0
0.42274960215872137,0.4842433854182442,0.002267190626400524,425.0
0.42274960215872137,0.49535545200801423,0.003210271336953183,191.0
0.42274960215872137,0.5146401884340481,0.003210271336953183,336.0
0.42274960215872137,0.5382126491101673,0.003210271336953183,222.0
0.42274960215872137,0.5559238599458598,0.003210271336953183,539.0
0.42274960215872137,0.5783184062531579,0.003779073763845512,437.0
0.42274960215872137,0.5869894525066939,0.003779073763845512,258.0
0.42274960215872137,0.6159039107570912,0.003779073763845512,158.0
0.42274960215872137,0.6410646801957427,0.003779073763845512,257.0
0.42274960215872137,0.675200890712139,0.003779073763845512,277.0
0.42274960215872137,0.7332114103926184,0.005120000576064045,324.0
0.42274960215872137,0.8272250835298056,0.005120000576064045,166.0
0.42274960215872137,0.9505133159818071,0.005021231704281915,216.0
0.4300537634408602,0.016304347826086973,-0.0034143336569441947,0.0
0.4300537634408602,0.19533898130870214,-0.0034143336569441947,457.0
0.4300537634408602,0.1954363992578405,-0.0034143336569441947,0.0
0.4300537634408602,0.22673747619092302,-0.0034143336569441947,70.0
0.4300537634408602,0.23639594540036324,-0.0034143336569441947,200.0
0.4300537634408602,0.24202716508534006,-0.0034143336569441947,85.0
0.4300537634408602,0.26611275862311606,-0.0034143336569441947,203.0
0.4300537634408602,0.28179868071367387,-0.0034143336569441947,60.0
0.4300537634408602,0.30802485425349274,-0.0034143336569441947,380.0
0.4300537634408602,0.32956002540173396,-0.0034143336569441947,208.0
0.4300537634408602,0.35660288944695606,-0.003214100603113091,131.0
0.4300537634408602,0.3744710546902781,-0.003214100603113091,305.0
0.4300537634408602,0.4052145915095034,-0.003214100603113091,155.0
0.4300537634408602,0.41779716551398177,-0.003214100603113091,209.0
0.4300537634408602,0.4301063475427949,-0.002985717850135588,51.0
0.4300537634408602,0.4435035905851139,-0.0017926097252373122,81.0
0.4300537634408602,0.469912436631773,0.0006406910767195097,251.0
0.4300537634408602,0.4842433854182442,0.002267190626400524,123.0
0.4300537634408602,0.49535545200801423,0.003210271336953183,685.0
0.4300537634408602,0.5146401884340481,0.003210271336953183,196.0
0.4300537634408602,0.5382126491101673,0.003210271336953183,151.0
0.4300537634408602,0.5559238599458598,0.003210271336953183,170.0
0.4300537634408602,0.5783184062531579,0.003779073763845512,371.0
0.4300537634408602,0.5869894525066939,0.003779073763845512,35.0
0.4300537634408602,0.6159039107570912,0.003779073763845512,109.0
0.4300537634408602,0.6410646801957427,0.003779073763845512,211.0
0.4300537634408602,0.675200890712139,0.003779073763845512,542.0
0.4300537634408602,0.7332114103926184,0.005120000576064045,391.0
0.4300537634408602,0.8272250835298056,0.005120000576064045,331.0
0.4300537634408602,0.9505133159818071,0.005021231704281915,341.0
0.4389479317990672,0.016304347826086973,-0.0034143336569441947,0.0
0.4389479317990672,0.19533898130870214,-0.0034143336569441947,429.0
0.4389479317990672,0.1954363992578405,-0.0034143336569441947,0.0
0.4389479317990672,0.22673747619092302,-0.0034143336569441947,308.0
0.4389479317990672,0.23639594540036324,-0.0034143336569441947,104.0
0.4389479317990672,0.24202716508534006,-0.0034143336569441947,72.0
0.4389479317990672,0.26611275862311606,-0.0034143336569441947,229.0
0.4389479317990672,0.28179868071367387,-0.0034143336569441947,254.0
0.4389479317990672,0.30802485425349274,-0.0034143336569441947,304.0
0.4389479317990672,0.32956002540173396,-0.0034143336569441947,310.0
0.4389479317990672,0.35660288944695606,-0.003214100603113091,329.0
0.4389479317990672,0.3744710546902781,-0.003214100603113091,111.0
0.4389479317990672,0.4052145915095034,-0.003214100603113091,559.0
0.4389479317990672,0.41779716551398177,-0.003214100603113091,75.0
0.4389479317990672,0.4301063475427949,-0.002985717850135588,116.0
0.4389479317990672,0.4435035905851139,-0.0017926097252373122,173.0
0.4389479317990672,0.469912436631773,0.0006406910767195097,218.0
0.4389479317990672,0.4842433854182442,0.002267190626400524,76.0
0.4389479317990672,0.49535545200801423,0.003210271336953183,119.0
0.4389479317990672,0.5146401884340481,0.003210271336953183,509.0
0.4389479317990672,0.5382126491101673,0.003210271336953183,183.0
0.4389479317990672,0.5559238599458598,0.003210271336953183,151.0
0.4389479317990672,0.5783184062531579,0.003779073763845512,632.0
0.4389479317990672,0.5869894525066939,0.003779073763845512,117.0
0.4389479317990672,0.6159039107570912,0.003779073763845512,278.0
0.4389479317990672,0.6410646801957427,0.003779073763845512,535.0
0.4389479317990672,0.675200890712139,0.003779073763845512,122.0
0.4389479317990672,0.7332114103926184,0.005120000576064045,260.0
0.4389479317990672,0.8272250835298056,0.005120000576064045,203.0
0.4389479317990672,0.9505133159818071,0.005021231704281915,64.0
0.4465152565880721,0.016304347826086973,-0.0034143336569441947,0.0
0.4465152565880721,0.19533898130870214,-0.0034143336569441947,92.0
0.4465152565880721,0.1954363992578405,-0.0034143336569441947,0.0
0.4465152565880721,0.22673747619092302,-0.0034143336569441947,251.0
0.4465152565880721,0.23639594540036324,-0.0034143336569441947,211.0
0.4465152565880721,0.24202716508534006,-0.0034143336569441947,0.0
0.4465152565880721,0.26611275862311606,-0.0034143336569441947,302.0
0.4465152565880721,0.28179868071367387,-0.0034143336569441947,167.0
0.4465152565880721,0.30802485425349274,-0.0034143336569441947,192.0
0.4465152565880721,0.32956002540173396,-0.0034143336569441947,114.0
0.4465152565880721,0.35660288944695606,-0.003214100603113091,123.0
0.4465152565880721,0.3744710546902781,-0.003214100603113091,137.0
0.4465152565880721,0.4052145915095034,-0.003214100603113091,210.0
0.4465152565880721,0.41779716551398177,-0.003214100603113091,1331.0
0.4465152565880721,0.4301063475427949,-0.002985717850135588,175.0
0.4465152565880721,0.4435035905851139,-0.0017926097252373122,655.0
0.4465152565880721,0.469912436631773,0.0006406910767195097,148.0
0.4465152565880721,0.4842433854182442,0.002267190626400524,136.0
0.4465152565880721,0.49535545200801423,0.003210271336953183,112.0
0.4465152565880721,0.5146401884340481,0.003210271336953183,234.0
0.4465152565880721,0.5382126491101673,0.003210271336953183,320.0
0.4465152565880721,0.5559238599458598,0.003210271336953183,184.0
0.4465152565880721,0.5783184062531579,0.003779073763845512,588.0
0.4465152565880721,0.5869894525066939,0.003779073763845512,24.0
0.4465152565880721,0.6159039107570912,0.003779073763845512,513.0
0.4465152565880721,0.6410646801957427,0.003779073763845512,97.0
0.4465152565880721,0.675200890712139,0.003779073763845512,135.0
0.4465152565880721,0.7332114103926184,0.005120000576064045,216.0
0.4465152565880721,0.8272250835298056,0.005120000576064045,178.0
0.4465152565880721,0.9505133159818071,0.005021231704281915,116.0
0.44963836706955973,0.016304347826086973,-0.0034143336569441947,0.0
0.44963836706955973,0.19533898130870214,-0.0034143336569441947,117.0
0.44963836706955973,0.1954363992578405,-0.0034143336569441947,0.0
0.44963836706955973,0.22673747619092302,-0.0034143336569441947,33.0
0.44963836706955973,0.23639594540036324,-0.0034143336569441947,41.0
0.44963836706955973,0.24202716508534006,-0.0034143336569441947,0.0
0.44963836706955973,0.26611275862311606,-0.0034143336569441947,71.0
0.44963836706955973,0.28179868071367387,-0.0034143336569441947,109.0
0.44963836706955973,0.30802485425349274,-0.0034143336569441947,217.0
0.44963836706955973,0.32956002540173396,-0.0034143336569441947,0.0
0.44963836706955973,0.35660288944695606,-0.003214100603113091,202.0
0.44963836706955973,0.3744710546902781,-0.003214100603113091,124.0
0.44963836706955973,0.4052145915095034,-0.003214100603113091,95.0
0.44963836706955973,0.41779716551398177,-0.003214100603113091,80.0
0.44963836706955973,0.4301063475427949,-0.002985717850135588,4189.0
0.44963836706955973,0.4435035905851139,-0.0017926097252373122,218.0
0.44963836706955973,0.469912436631773,0.0006406910767195097,95.0
0.44963836706955973,0.4842433854182442,0.002267190626400524,34.0
0.44963836706955973,0.49535545200801423,0.003210271336953183,46.0
0.44963836706955973,0.5146401884340481,0.003210271336953183,129.0
0.44963836706955973,0.5382126491101673,0.003210271336953183,125.0
0.44963836706955973,0.5559238599458598,0.003210271336953183,88.0
0.44963836706955973,0.5783184062531579,0.003779073763845512,209.0
0.44963836706955973,0.5869894525066939,0.003779073763845512,8.0
0.44963836706955973,0.6159039107570912,0.003779073763845512,77.0
0.44963836706955973,0.6410646801957427,0.003779073763845512,144.0
0.44963836706955973,0.675200890712139,0.003779073763845512,37.0
0.44963836706955973,0.7332114103926184,0.005120000576064045,59.0
0.44963836706955973,0.8272250835298056,0.005120000576064045,245.0
0.44963836706955973,0.9505133159818071,0.005021231704281915,10.0
0.45446080920941256,0.016304347826086973,-0.0034143336569441947,0.0
0.45446080920941256,0.19533898130870214,-0.0034143336569441947,63.0
0.45446080920941256,0.1954363992578405,-0.0034143336569441947,0.0
0.45446080920941256,0.22673747619092302,-0.0034143336569441947,98.0
0.45446080920941256,0.23639594540036324,-0.0034143336569441947,79.0
0.45446080920941256,0.24202716508534006,-0.0034143336569441947,0.0
0.45446080920941256,0.26611275862311606,-0.0034143336569441947,140.0
0.45446080920941256,0.28179868071367387,-0.0034143336569441947,54.0
0.45446080920941256,0.30802485425349274,-0.0034143336569441947,34.0
0.45446080920941256,0.32956002540173396,-0.0034143336569441947,68.0
0.45446080920941256,0.35660288944695606,-0.003214100603113091,113.0
0.45446080920941256,0.3744710546902781,-0.003214100603113091,162.0
0.45446080920941256,0.4052145915095034,-0.003214100603113091,198.0
0.45446080920941256,0.41779716551398177,-0.003214100603113091,3331.0
0.45446080920941256,0.4301063475427949,-0.002985717850135588,202.0
0.45446080920941256,0.4435035905851139,-0.0017926097252373122,19.0
0.45446080920941256,0.469912436631773,0.0006406910767195097,226.0
0.45446080920941256,0.4842433854182442,0.002267190626400524,50.0
0.45446080920941256,0.49535545200801423,0.003210271336953183,75.0
0.45446080920941256,0.5146401884340481,0.003210271336953183,72.0
0.45446080920941256,0.5382126491101673,0.003210271336953183,71.0
0.45446080920941256,0.5559238599458598,0.003210271336953183,122.0
0.45446080920941256,0.5783184062531579,0.003779073763845512,134.0
0.45446080920941256,0.5869894525066939,0.003779073763845512,25.0
0.45446080920941256,0.6159039107570912,0.003779073763845512,77.0
0.45446080920941256,0.6410646801957427,0.003779073763845512,813.0
0.45446080920941256,0.675200890712139,0.003779073763845512,46.0
0.45446080920941256,0.7332114103926184,0.005120000576064045,115.0
0.45446080920941256,0.8272250835298056,0.005120000576064045,130.0
0.45446080920941256,0.9505133159818071,0.005021231704281915,124.0
0.461620294599018,0.016304347826086973,-0.0034143336569441947,0.0
0.461620294599018,0.19533898130870214,-0.0034143336569441947,209.0
0.461620294599018,0.1954363992578405,-0.0034143336569441947,0.0
0.461620294599018,0.22673747619092302,-0.0034143336569441947,292.0
0.461620294599018,0.23639594540036324,-0.0034143336569441947,108.0
0.461620294599018,0.24202716508534006,-0.0034143336569441947,0.0
0.461620294599018,0.26611275862311606,-0.0034143336569441947,463.0
0.461620294599018,0.28179868071367387,-0.0034143336569441947,110.0
0.461620294599018,0.30802485425349274,-0.0034143336569441947,47.0
0.461620294599018,0.32956002540173396,-0.0034143336569441947,95.0
0.461620294599018,0.35660288944695606,-0.003214100603113091,256.0
0.461620294599018,0.3744710546902781,-0.003214100603113091,111.0
0.461620294599018,0.4052145915095034,-0.003214100603113091,293.0
0.461620294599018,0.41779716551398177,-0.003214100603113091,111.0
0.461620294599018,0.4301063475427949,-0.002985717850135588,120.0
0.461620294599018,0.4435035905851139,-0.0017926097252373122,255.0
0.461620294599018,0.469912436631773,0.0006406910767195097,91.0
0.461620294599018,0.4842433854182442,0.002267190626400524,152.0
0.461620294599018,0.49535545200801423,0.003210271336953183,201.0
0.461620294599018,0.5146401884340481,0.003210271336953183,251.0
0.461620294599018,0.5382126491101673,0.003210271336953183,312.0
0.461620294599018,0.5559238599458598,0.003210271336953183,219.0
0.461620294599018,0.5783184062531579,0.003779073763845512,780.0
0.461620294599018,0.5869894525066939,0.003779073763845512,70.0
0.461620294599018,0.6159039107570912,0.003779073763845512,368.0
0.461620294599018,0.6410646801957427,0.003779073763845512,84.0
0.461620294599018,0.675200890712139,0.003779073763845512,343.0
0.461620294599018,0.7332114103926184,0.005120000576064045,346.0
0.461620294599018,0.8272250835298056,0.005120000576064045,718.0
0.461620294599018,0.9505133159818071,0.005021231704281915,189.0
0.46927242432657595,0.016304347826086973,-0.0034143336569441947,0.0
0.46927242432657595,0.19533898130870214,-0.0034143336569441947,280.0
0.46927242432657595,0.1954363992578405,-0.0034143336569441947,0.0
0.46927242432657595,0.22673747619092302,-0.0034143336569441947,229.0
0.46927242432657595,0.23639594540036324,-0.0034143336569441947,184.0
0.46927242432657595,0.24202716508534006,-0.0034143336569441947,4.0
0.46927242432657595,0.26611275862311606,-0.0034143336569441947,343.0
0.46927242432657595,0.28179868071367387,-0.0034143336569441947,180.0
0.46927242432657595,0.30802485425349274,-0.0034143336569441947,236.0
0.46927242432657595,0.32956002540173396,-0.0034143336569441947,235.0
0.46927242432657595,0.35660288944695606,-0.003214100603113091,204.0
0.46927242432657595,0.3744710546902781,-0.003214100603113091,228.0
0.46927242432657595,0.4052145915095034,-0.003214100603113091,162.0
0.46927242432657595,0.41779716551398177,-0.003214100603113091,56.0
0.46927242432657595,0.4301063475427949,-0.002985717850135588,411.0
0.46927242432657595,0.4435035905851139,-0.0017926097252373122,16.0
0.46927242432657595,0.469912436631773,0.0006406910767195097,56.0
0.46927242432657595,0.4842433854182442,0.002267190626400524,94.0
0.46927242432657595,0.49535545200801423,0.003210271336953183,136.0
0.46927242432657595,0.5146401884340481,0.003210271336953183,658.0
0.46927242432657595,0.5382126491101673,0.003210271336953183,368.0
0.46927242432657595,0.5559238599458598,0.003210271336953183,174.0
0.46927242432657595,0.5783184062531579,0.003779073763845512,213.0
0.46927242432657595,0.5869894525066939,0.003779073763845512,52.0
0.46927242432657595,0.6159039107570912,0.003779073763845512,726.0
0.46927242432657595,0.6410646801957427,0.003779073763845512,461.0
0.46927242432657595,0.675200890712139,0.003779073763845512,633.0
0.46927242432657595,0.7332114103926184,0.005120000576064045,141.0
0.46927242432657595,0.8272250835298056,0.005120000576064045,133.0
0.46927242432657595,0.9505133159818071,0.005021231704281915,42.0
0.4768811569901488,0.016304347826086973,-0.0022659406595613857,0.0
0.4768811569901488,0.19533898130870214,-0.0022659406595613857,4.0
0.4768811569901488,0.1954363992578405,-0.0022659406595613857,0.0
0.4768811569901488,0.22673747619092302,-0.0022659406595613857,180.0
0.4768811569901488,0.23639594540036324,-0.0022659406595613857,42.0
0.4768811569901488,0.24202716508534006,-0.0022659406595613857,32.0
0.4768811569901488,0.26611275862311606,-0.0022659406595613857,236.0
0.4768811569901488,0.28179868071367387,-0.0022659406595613857,152.0
0.4768811569901488,0.30802485425349274,-0.0022659406595613857,123.0
0.4768811569901488,0.32956002540173396,-0.0022659406595613857,228.0
0.4768811569901488,0.35660288944695606,-0.002065707605730282,81.0
0.4768811569901488,0.3744710546902781,-0.002065707605730282,133.0
0.4768811569901488,0.4052145915095034,-0.002065707605730282,357.0
0.4768811569901488,0.41779716551398177,-0.002065707605730282,16.0
0.4768811569901488,0.4301063475427949,-0.0019215064137060873,227.0
0.4768811569901488,0.4435035905851139,-0.0007283982888078115,2761.0
0.4768811569901488,0.469912436631773,0.0017049025131490112,220.0
0.4768811569901488,0.4842433854182442,0.002267190626400524,139.0
0.4768811569901488,0.49535545200801423,0.003210271336953183,55.0
0.4768811569901488,0.5146401884340481,0.003210271336953183,172.0
0.4768811569901488,0.5382126491101673,0.003210271336953183,186.0
0.4768811569901488,0.5559238599458598,0.003210271336953183,72.0
0.4768811569901488,0.5783184062531579,0.003779073763845512,64.0
0.4768811569901488,0.5869894525066939,0.003779073763845512,43.0
0.4768811569901488,0.6159039107570912,0.003779073763845512,140.0
0.4768811569901488,0.6410646801957427,0.003779073763845512,227.0
0.4768811569901488,0.675200890712139,0.003779073763845512,355.0
0.4768811569901488,0.7332114103926184,0.005120000576064045,153.0
0.4768811569901488,0.8272250835298056,0.005120000576064045,108.0
0.4768811569901488,0.9505133159818071,0.005021231704281915,195.0
0.48399897593445984,0.016304347826086973,-0.0022659406595613857,0.0
0.48399897593445984,0.19533898130870214,-0.0022659406595613857,579.0
0.48399897593445984,0.1954363992578405,-0.0022659406595613857,0.0
0.48399897593445984,0.22673747619092302,-0.0022659406595613857,205.0
0.48399897593445984,0.23639594540036324,-0.0022659406595613857,2990.0
0.48399897593445984,0.24202716508534006,-0.0022659406595613857,59.0
0.48399897593445984,0.26611275862311606,-0.0022659406595613857,165.0
0.48399897593445984,0.28179868071367387,-0.0022659406595613857,197.0
0.48399897593445984,0.30802485425349274,-0.0022659406595613857,237.0
0.48399897593445984,0.32956002540173396,-0.0022659406595613857,231.0
0.48399897593445984,0.35660288944695606,-0.002065707605730282,108.0
0.48399897593445984,0.3744710546902781,-0.002065707605730282,45.0
0.48399897593445984,0.4052145915095034,-0.002065707605730282,103.0
0.48399897593445984,0.41779716551398177,-0.002065707605730282,97.0
0.48399897593445984,0.4301063475427949,-0.0019215064137060873,39.0
0.48399897593445984,0.4435035905851139,-0.0007283982888078115,191.0
0.48399897593445984,0.469912436631773,0.0017049025131490112,189.0
0.48399897593445984,0.4842433854182442,0.002267190626400524,28.0
0.48399897593445984,0.49535545200801423,0.003210271336953183,16.0
0.48399897593445984,0.5146401884340481,0.003210271336953183,170.0
0.48399897593445984,0.5382126491101673,0.003210271336953183,150.0
0.48399897593445984,0.5559238599458598,0.003210271336953183,15.0
0.48399897593445984,0.5783184062531579,0.003779073763845512,202.0
0.48399897593445984,0.5869894525066939,0.003779073763845512,82.0
0.48399897593445984,0.6159039107570912,0.003779073763845512,104.0
0.48399897593445984,0.6410646801957427,0.003779073763845512,124.0
0.48399897593445984,0.675200890712139,0.003779073763845512,206.0
0.48399897593445984,0.7332114103926184,0.005120000576064045,239.0
0.48399897593445984,0.8272250835298056,0.005120000576064045,131.0
0.48399897593445984,0.9505133159818071,0.005021231704281915,96.0
0.49285022969233494,0.016304347826086973,-0.0022659406595613857,0.0
0.49285022969233494,0.19533898130870214,-0.0022659406595613857,172.0
0.49285022969233494,0.1954363992578405,-0.0022659406595613857,0.0
0.49285022969233494,0.22673747619092302,-0.0022659406595613857,139.0
0.49285022969233494,0.23639594540036324,-0.0022659406595613857,143.0
0.49285022969233494,0.24202716508534006,-0.0022659406595613857,0.0
0.49285022969233494,0.26611275862311606,-0.0022659406595613857,336.0
0.49285022969233494,0.28179868071367387,-0.0022659406595613857,74.0
0.49285022969233494,0.30802485425349274,-0.0022659406595613857,183.0
0.49285022969233494,0.32956002540173396,-0.0022659406595613857,155.0
0.49285022969233494,0.35660288944695606,-0.002065707605730282,270.0
0.49285022969233494,0.3744710546902781,-0.002065707605730282,91.0
0.49285022969233494,0.4052145915095034,-0.002065707605730282,559.0
0.49285022969233494,0.41779716551398177,-0.002065707605730282,175.0
0.49285022969233494,0.4301063475427949,-0.0019215064137060873,77.0
0.49285022969233494,0.4435035905851139,-0.0007283982888078115,78.0
0.49285022969233494,0.469912436631773,0.0017049025131490112,270.0
0.49285022969233494,0.4842433854182442,0.002267190626400524,1747.0
0.49285022969233494,0.49535545200801423,0.003210271336953183,102.0
0.49285022969233494,0.5146401884340481,0.003210271336953183,103.0
0.49285022969233494,0.5382126491101673,0.003210271336953183,365.0
0.49285022969233494,0.5559238599458598,0.003210271336953183,69.0
0.49285022969233494,0.5783184062531579,0.003779073763845512,105.0
0.49285022969233494,0.5869894525066939,0.003779073763845512,480.0
0.49285022969233494,0.6159039107570912,0.003779073763845512,515.0
0.49285022969233494,0.6410646801957427,0.003779073763845512,191.0
0.49285022969233494,0.675200890712139,0.003779073763845512,56.0
0.49285022969233494,0.7332114103926184,0.005120000576064045,276.0
0.49285022969233494,0.8272250835298056,0.005120000576064045,175.0
0.49285022969233494,0.9505133159818071,0.005021231704281915,74.0
0.499185667752443,0.016304347826086973,-0.0022659406595613857,43.0
0.499185667752443,0.19533898130870214,-0.0022659406595613857,191.0
0.499185667752443,0.1954363992578405,-0.0022659406595613857,0.0
0.499185667752443,0.22673747619092302,-0.0022659406595613857,253.0
0.499185667752443,0.23639594540036324,-0.0022659406595613857,86.0
0.499185667752443,0.24202716508534006,-0.0022659406595613857,0.0
0.499185667752443,0.26611275862311606,-0.0022659406595613857,260.0
0.499185667752443,0.28179868071367387,-0.0022659406595613857,55.0
0.499185667752443,0.30802485425349274,-0.0022659406595613857,122.0
0.499185667752443,0.32956002540173396,-0.0022659406595613857,121.0
0.499185667752443,0.35660288944695606,-0.002065707605730282,180.0
0.499185667752443,0.3744710546902781,-0.002065707605730282,3430.0
0.499185667752443,0.4052145915095034,-0.002065707605730282,14.0
0.499185667752443,0.41779716551398177,-0.002065707605730282,95.0
0.499185667752443,0.4301063475427949,-0.0019215064137060873,56.0
0.499185667752443,0.4435035905851139,-0.0007283982888078115,36.0
0.499185667752443,0.469912436631773,0.0017049025131490112,54.0
0.499185667752443,0.4842433854182442,0.002267190626400524,14.0
0.499185667752443,0.49535545200801423,0.003210271336953183,48.0
0.499185667752443,0.5146401884340481,0.003210271336953183,20.0
0.499185667752443,0.5382126491101673,0.003210271336953183,370.0
0.499185667752443,0.5559238599458598,0.003210271336953183,691.0
0.499185667752443,0.5783184062531579,0.003779073763845512,178.0
0.499185667752443,0.5869894525066939,0.003779073763845512,8.0
0.499185667752443,0.6159039107570912,0.003779073763845512,87.0
0.499185667752443,0.6410646801957427,0.003779073763845512,61.0
0.499185667752443,0.675200890712139,0.003779073763845512,298.0
0.499185667752443,0.7332114103926184,0.005120000576064045,23.0
0.499185667752443,0.8272250835298056,0.005120000576064045,171.0
0.499185667752443,0.9505133159818071,0.005021231704281915,26.0
0.5006172839506173,0.016304347826086973,-0.0019166920289320826,0.0
0.5006172839506173,0.19533898130870214,-0.0019166920289320826,69.0
0.5006172839506173,0.1954363992578405,-0.0019166920289320826,4.0
0.5006172839506173,0.22673747619092302,-0.0019166920289320826,344.0
0.5006172839506173,0.23639594540036324,-0.0019166920289320826,0.0
0.5006172839506173,0.24202716508534006,-0.0019166920289320826,0.0
0.5006172839506173,0.26611275862311606,-0.0019166920289320826,38.0
0.5006172839506173,0.28179868071367387,-0.0019166920289320826,162.0
0.5006172839506173,0.30802485425349274,-0.0019166920289320826,141.0
0.5006172839506173,0.32956002540173396,-0.0019166920289320826,10.0
0.5006172839506173,0.35660288944695606,-0.0019166920289320826,140.0
0.5006172839506173,0.3744710546902781,-0.0019166920289320826,109.0
0.5006172839506173,0.4052145915095034,-0.0019166920289320826,157.0
0.5006172839506173,0.41779716551398177,-0.0019166920289320826,26.0
0.5006172839506173,0.4301063475427949,-0.00202602896683149,78.0
0.5006172839506173,0.4435035905851139,-0.0008329208419332139,51.0
0.5006172839506173,0.469912436631773,0.001600379960023609,979.0
0.5006172839506173,0.4842433854182442,0.001158013132178034,72.0
0.5006172839506173,0.49535545200801423,0.0021010938427306926,96.0
0.5006172839506173,0.5146401884340481,0.0021010938427306926,1681.0
0.5006172839506173,0.5382126491101673,0.001413946384711329,285.0
0.5006172839506173,0.5559238599458598,0.001413946384711329,1175.0
0.5006172839506173,0.5783184062531579,0.0016301781733324022,279.0
0.5006172839506173,0.5869894525066939,0.0016301781733324022,79.0
0.5006172839506173,0.6159039107570912,0.0016301781733324022,497.0
0.5006172839506173,0.6410646801957427,0.0016301781733324022,824.0
0.5006172839506173,0.675200890712139,0.0016301781733324022,346.0
0.5006172839506173,0.7332114103926184,0.002971104985550934,892.0
0.5006172839506173,0.8272250835298056,0.002971104985550934,1269.0
0.5006172839506173,0.9505133159818071,0.0028723361137688056,2128.0
0.514778683750728,0.016304347826086973,-0.0019166920289320826,8.0
0.514778683750728,0.19533898130870214,-0.0019166920289320826,402.0
0.514778683750728,0.1954363992578405,-0.0019166920289320826,0.0
0.514778683750728,0.22673747619092302,-0.0019166920289320826,253.0
0.514778683750728,0.23639594540036324,-0.0019166920289320826,132.0
0.514778683750728,0.24202716508534006,-0.0019166920289320826,20.0
0.514778683750728,0.26611275862311606,-0.0019166920289320826,638.0
0.514778683750728,0.28179868071367387,-0.0019166920289320826,246.0
0.514778683750728,0.30802485425349274,-0.0019166920289320826,456.0
0.514778683750728,0.32956002540173396,-0.0019166920289320826,153.0
0.514778683750728,0.35660288944695606,-0.0019166920289320826,176.0
0.514778683750728,0.3744710546902781,-0.0019166920289320826,320.0
0.514778683750728,0.4052145915095034,-0.0019166920289320826,486.0
0.514778683750728,0.41779716551398177,-0.0019166920289320826,244.0
0.514778683750728,0.4301063475427949,-0.00202602896683149,199.0
0.514778683750728,0.4435035905851139,-0.0008329208419332139,57.0
0.514778683750728,0.469912436631773,0.001600379960023609,94.0
0.514778683750728,0.4842433854182442,0.001158013132178034,421.0
0.514778683750728,0.49535545200801423,0.0021010938427306926,182.0
0.514778683750728,0.5146401884340481,0.0021010938427306926,253.0
0.514778683750728,0.5382126491101673,0.001413946384711329,66.0
0.514778683750728,0.5559238599458598,0.001413946384711329,184.0
0.514778683750728,0.5783184062531579,0.0016301781733324022,288.0
0.514778683750728,0.5869894525066939,0.0016301781733324022,18.0
0.514778683750728,0.6159039107570912,0.0016301781733324022,535.0
0.514778683750728,0.6410646801957427,0.0016301781733324022,368.0
0.514778683750728,0.675200890712139,0.0016301781733324022,158.0
0.514778683750728,0.7332114103926184,0.002971104985550934,270.0
0.514778683750728,0.8272250835298056,0.002971104985550934,78.0
0.514778683750728,0.9505133159818071,0.0028723361137688056,69.0
0.5289664378337147,0.016304347826086973,0.003057409048748355,0.0
0.5289664378337147,0.19533898130870214,0.003057409048748355,292.0
0.5289664378337147,0.1954363992578405,0.003057409048748355,0.0
0.5289664378337147,0.22673747619092302,0.003057409048748355,351.0
0.5289664378337147,0.23639594540036324,0.003057409048748355,178.0
0.5289664378337147,0.24202716508534006,0.003057409048748355,0.0
0.5289664378337147,0.26611275862311606,0.003057409048748355,768.0
0.5289664378337147,0.28179868071367387,0.003057409048748355,196.0
0.5289664378337147,0.30802485425349274,0.003057409048748355,139.0
0.5289664378337147,0.32956002540173396,0.003057409048748355,140.0
0.5289664378337147,0.35660288944695606,0.003057409048748355,272.0
0.5289664378337147,0.3744710546902781,0.003057409048748355,140.0
0.5289664378337147,0.4052145915095034,0.003057409048748355,430.0
0.5289664378337147,0.41779716551398177,0.003057409048748355,160.0
0.5289664378337147,0.4301063475427949,-0.0011367917638769932,70.0
0.5289664378337147,0.4435035905851139,-0.0007407032697756704,209.0
0.5289664378337147,0.469912436631773,-0.0007407032697756704,77.0
0.5289664378337147,0.4842433854182442,-0.0013949339676535026,91.0
0.5289664378337147,0.49535545200801423,-0.0013949339676535026,389.0
0.5289664378337147,0.5146401884340481,-0.0013949339676535026,191.0
0.5289664378337147,0.5382126491101673,-0.0033523477249359428,281.0
0.5289664378337147,0.5559238599458598,-0.0033523477249359428,127.0
0.5289664378337147,0.5783184062531579,-0.0033523477249359428,174.0
0.5289664378337147,0.5869894525066939,-0.0033523477249359428,75.0
0.5289664378337147,0.6159039107570912,-0.0033523477249359428,279.0
0.5289664378337147,0.6410646801957427,-0.0033523477249359428,501.0
0.5289664378337147,0.675200890712139,-0.0033523477249359428,389.0
0.5289664378337147,0.7332114103926184,-0.0020114209127174106,282.0
0.5289664378337147,0.8272250835298056,-0.0020114209127174106,384.0
0.5289664378337147,0.9505133159818071,-0.0021101897844995393,152.0
0.5417496679946878,0.016304347826086973,0.003057409048748355,0.0
0.5417496679946878,0.19533898130870214,0.003057409048748355,337.0
0.5417496679946878,0.1954363992578405,0.003057409048748355,4.0
0.5417496679946878,0.22673747619092302,0.003057409048748355,312.0
0.5417496679946878,0.23639594540036324,0.003057409048748355,16.0
0.5417496679946878,0.24202716508534006,0.003057409048748355,56.0
0.5417496679946878,0.26611275862311606,0.003057409048748355,595.0
0.5417496679946878,0.28179868071367387,0.003057409048748355,288.0
0.5417496679946878,0.30802485425349274,0.003057409048748355,378.0
0.5417496679946878,0.32956002540173396,0.003057409048748355,160.0
0.5417496679946878,0.35660288944695606,0.003057409048748355,345.0
0.5417496679946878,0.3744710546902781,0.003057409048748355,564.0
0.5417496679946878,0.4052145915095034,0.003057409048748355,491.0
0.5417496679946878,0.41779716551398177,0.003057409048748355,40.0
0.5417496679946878,0.4301063475427949,-0.0011367917638769932,28.0
0.5417496679946878,0.4435035905851139,-0.0007407032697756704,177.0
0.5417496679946878,0.469912436631773,-0.0007407032697756704,199.0
0.5417496679946878,0.4842433854182442,-0.0013949339676535026,66.0
0.5417496679946878,0.49535545200801423,-0.0013949339676535026,64.0
0.5417496679946878,0.5146401884340481,-0.0013949339676535026,143.0
0.5417496679946878,0.5382126491101673,-0.0033523477249359428,189.0
0.5417496679946878,0.5559238599458598,-0.0033523477249359428,549.0
0.5417496679946878,0.5783184062531579,-0.0033523477249359428,177.0
0.5417496679946878,0.5869894525066939,-0.0033523477249359428,79.0
0.5417496679946878,0.6159039107570912,-0.0033523477249359428,407.0
0.5417496679946878,0.6410646801957427,-0.0033523477249359428,140.0
0.5417496679946878,0.675200890712139,-0.0033523477249359428,214.0
0.5417496679946878,0.7332114103926184,-0.0020114209127174106,310.0
0.5417496679946878,0.8272250835298056,-0.0020114209127174106,147.0
0.5417496679946878,0.9505133159818071,-0.0021101897844995393,101.0
0.5560756863174013,0.016304347826086973,0.0031366877282778603,0.0
0.5560756863174013,0.19533898130870214,0.0031366877282778603,328.0
0.5560756863174013,0.1954363992578405,0.0031366877282778603,0.0
0.5560756863174013,0.22673747619092302,0.0031366877282778603,279.0
0.5560756863174013,0.23639594540036324,0.0031366877282778603,125.0
0.5560756863174013,0.24202716508534006,0.0031366877282778603,0.0
0.5560756863174013,0.26611275862311606,0.0031366877282778603,442.0
0.5560756863174013,0.28179868071367387,0.0031366877282778603,341.0
0.5560756863174013,0.30802485425349274,0.0031366877282778603,340.0
0.5560756863174013,0.32956002540173396,0.0031366877282778603,387.0
0.5560756863174013,0.35660288944695606,0.0031366877282778603,183.0
0.5560756863174013,0.3744710546902781,0.0031366877282778603,106.0
0.5560756863174013,0.4052145915095034,0.0031366877282778603,174.0
0.5560756863174013,0.41779716551398177,0.0031366877282778603,187.0
0.5560756863174013,0.4301063475427949,-0.0010575130843474875,122.0
0.5560756863174013,0.4435035905851139,-0.0007407032697756704,164.0
0.5560756863174013,0.469912436631773,-0.0007407032697756704,1095.0
0.5560756863174013,0.4842433854182442,-0.0013949339676535026,92.0
0.5560756863174013,0.49535545200801423,-0.0013949339676535026,234.0
0.5560756863174013,0.5146401884340481,-0.0013949339676535026,254.0
0.5560756863174013,0.5382126491101673,-0.0033523477249359428,249.0
0.5560756863174013,0.5559238599458598,-0.0033523477249359428,115.0
0.5560756863174013,0.5783184062531579,-0.0033523477249359428,245.0
0.5560756863174013,0.5869894525066939,-0.0033523477249359428,41.0
0.5560756863174013,0.6159039107570912,-0.0033523477249359428,268.0
0.5560756863174013,0.6410646801957427,-0.0033523477249359428,60.0
0.5560756863174013,0.675200890712139,-0.0033523477249359428,111.0
0.5560756863174013,0.7332114103926184,-0.0020114209127174106,234.0
0.5560756863174013,0.8272250835298056,-0.0020114209127174106,157.0
0.5560756863174013,0.9505133159818071,-0.0021101897844995393,92.0
0.5700162866449511,0.016304347826086973,0.0031366877282778603,0.0
0.5700162866449511,0.19533898130870214,0.0031366877282778603,326.0
0.5700162866449511,0.1954363992578405,0.0031366877282778603,0.0
0.5700162866449511,0.22673747619092302,0.0031366877282778603,405.0
0.5700162866449511,0.23639594540036324,0.0031366877282778603,350.0
0.5700162866449511,0.24202716508534006,0.0031366877282778603,0.0
0.5700162866449511,0.26611275862311606,0.0031366877282778603,418.0
0.5700162866449511,0.28179868071367387,0.0031366877282778603,413.0
0.5700162866449511,0.30802485425349274,0.0031366877282778603,432.0
0.5700162866449511,0.32956002540173396,0.0031366877282778603,241.0
0.5700162866449511,0.35660288944695606,0.0031366877282778603,351.0
0.5700162866449511,0.3744710546902781,0.0031366877282778603,228.0
0.5700162866449511,0.4052145915095034,0.0031366877282778603,192.0
0.5700162866449511,0.41779716551398177,0.0031366877282778603,39.0
0.5700162866449511,0.4301063475427949,-0.0010575130843474875,103.0
0.5700162866449511,0.4435035905851139,-0.0035466179741565663,78.0
0.5700162866449511,0.469912436631773,-0.0035466179741565663,284.0
0.5700162866449511,0.4842433854182442,-0.004667507025510554,203.0
0.5700162866449511,0.49535545200801423,-0.004667507025510554,460.0
0.5700162866449511,0.5146401884340481,-0.004667507025510554,480.0
0.5700162866449511,0.5382126491101673,-0.006624920782792995,210.0
0.5700162866449511,0.5559238599458598,-0.006624920782792995,311.0
0.5700162866449511,0.5783184062531579,-0.006624920782792995,114.0
0.5700162866449511,0.5869894525066939,-0.006624920782792995,236.0
0.5700162866449511,0.6159039107570912,-0.006624920782792995,185.0
0.5700162866449511,0.6410646801957427,-0.006624920782792995,60.0
0.5700162866449511,0.675200890712139,-0.006624920782792995,229.0
0.5700162866449511,0.7332114103926184,-0.005283993970574463,95.0
0.5700162866449511,0.8272250835298056,-0.005283993970574463,140.0
0.5700162866449511,0.9505133159818071,-0.005382762842356591,100.0
0.579650990831115,0.016304347826086973,0.0031366877282778603,0.0
0.579650990831115,0.19533898130870214,0.0031366877282778603,137.0
0.579650990831115,0.1954363992578405,0.0031366877282778603,0.0
0.579650990831115,0.22673747619092302,0.0031366877282778603,164.0
0.579650990831115,0.23639594540036324,0.0031366877282778603,1572.0
0.579650990831115,0.24202716508534006,0.0031366877282778603,0.0
0.579650990831115,0.26611275862311606,0.0031366877282778603,159.0
0.579650990831115,0.28179868071367387,0.0031366877282778603,174.0
0.579650990831115,0.30802485425349274,0.0031366877282778603,81.0
0.579650990831115,0.32956002540173396,0.0031366877282778603,167.0
0.579650990831115,0.35660288944695606,0.0031366877282778603,110.0
0.579650990831115,0.3744710546902781,0.0031366877282778603,60.0
0.579650990831115,0.4052145915095034,0.0031366877282778603,251.0
0.579650990831115,0.41779716551398177,0.0031366877282778603,118.0
0.579650990831115,0.4301063475427949,-0.0010575130843474875,51.0
0.579650990831115,0.4435035905851139,-0.0035466179741565663,141.0
0.579650990831115,0.469912436631773,-0.0035466179741565663,362.0
0.579650990831115,0.4842433854182442,-0.004667507025510554,122.0
0.579650990831115,0.49535545200801423,-0.004667507025510554,18.0
0.579650990831115,0.5146401884340481,-0.004667507025510554,90.0
0.579650990831115,0.5382126491101673,-0.006624920782792995,233.0
0.579650990831115,0.5559238599458598,-0.006624920782792995,1045.0
0.579650990831115,0.5783184062531579,-0.006624920782792995,239.0
0.579650990831115,0.5869894525066939,-0.006624920782792995,23.0
0.579650990831115,0.6159039107570912,-0.006624920782792995,106.0
0.579650990831115,0.6410646801957427,-0.006624920782792995,405.0
0.579650990831115,0.675200890712139,-0.006624920782792995,152.0
0.579650990831115,0.7332114103926184,-0.005283993970574463,141.0
0.579650990831115,0.8272250835298056,-0.005283993970574463,132.0
0.579650990831115,0.9505133159818071,-0.005382762842356591,347.0
0.582068619036654,0.016304347826086973,0.0031366877282778603,0.0
0.582068619036654,0.19533898130870214,0.0031366877282778603,20.0
0.582068619036654,0.1954363992578405,0.0031366877282778603,0.0
0.582068619036654,0.22673747619092302,0.0031366877282778603,94.0
0.582068619036654,0.23639594540036324,0.0031366877282778603,0.0
0.582068619036654,0.24202716508534006,0.0031366877282778603,6192.0
0.582068619036654,0.26611275862311606,0.0031366877282778603,133.0
0.582068619036654,0.28179868071367387,0.0031366877282778603,0.0
0.582068619036654,0.30802485425349274,0.0031366877282778603,36.0
0.582068619036654,0.32956002540173396,0.0031366877282778603,19.0
0.582068619036654,0.35660288944695606,0.0031366877282778603,8.0
0.582068619036654,0.3744710546902781,0.0031366877282778603,0.0
0.582068619036654,0.4052145915095034,0.0031366877282778603,81.0
0.582068619036654,0.41779716551398177,0.0031366877282778603,72.0
0.582068619036654,0.4301063475427949,-0.0010575130843474875,8.0
0.582068619036654,0.4435035905851139,-0.0035466179741565663,3.0
0.582068619036654,0.469912436631773,-0.0035466179741565663,0.0
0.582068619036654,0.4842433854182442,-0.004667507025510554,27.0
0.582068619036654,0.49535545200801423,-0.004667507025510554,4.0
0.582068619036654,0.5146401884340481,-0.004667507025510554,51.0
0.582068619036654,0.5382126491101673,-0.006624920782792995,16.0
0.582068619036654,0.5559238599458598,-0.006624920782792995,12.0
0.582068619036654,0.5783184062531579,-0.006624920782792995,18.0
0.582068619036654,0.5869894525066939,-0.006624920782792995,0.0
0.582068619036654,0.6159039107570912,-0.006624920782792995,0.0
0.582068619036654,0.6410646801957427,-0.006624920782792995,12.0
0.582068619036654,0.675200890712139,-0.006624920782792995,16.0
0.582068619036654,0.7332114103926184,-0.005283993970574463,65.0
0.582068619036654,0.8272250835298056,-0.005283993970574463,20.0
0.582068619036654,0.9505133159818071,-0.005382762842356591,12.0
0.6039701257861635,0.016304347826086973,0.0031366877282778603,0.0
0.6039701257861635,0.19533898130870214,0.0031366877282778603,519.0
0.6039701257861635,0.1954363992578405,0.0031366877282778603,0.0
0.6039701257861635,0.22673747619092302,0.0031366877282778603,230.0
0.6039701257861635,0.23639594540036324,0.0031366877282778603,173.0
0.6039701257861635,0.24202716508534006,0.0031366877282778603,31.0
0.6039701257861635,0.26611275862311606,0.0031366877282778603,348.0
0.6039701257861635,0.28179868071367387,0.0031366877282778603,469.0
0.6039701257861635,0.30802485425349274,0.0031366877282778603,439.0
0.6039701257861635,0.32956002540173396,0.0031366877282778603,417.0
0.6039701257861635,0.35660288944695606,0.0031366877282778603,553.0
0.6039701257861635,0.3744710546902781,0.0031366877282778603,16.0
0.6039701257861635,0.4052145915095034,0.0031366877282778603,191.0
0.6039701257861635,0.41779716551398177,0.0031366877282778603,187.0
0.6039701257861635,0.4301063475427949,-0.0010575130843474875,99.0
0.6039701257861635,0.4435035905851139,-0.0035466179741565663,102.0
0.6039701257861635,0.469912436631773,-0.0035466179741565663,75.0
0.6039701257861635,0.4842433854182442,-0.004667507025510554,74.0
0.6039701257861635,0.49535545200801423,-0.004667507025510554,67.0
0.6039701257861635,0.5146401884340481,-0.004667507025510554,150.0
0.6039701257861635,0.5382126491101673,-0.006624920782792995,492.0
0.6039701257861635,0.5559238599458598,-0.006624920782792995,211.0
0.6039701257861635,0.5783184062531579,-0.006624920782792995,419.0
0.6039701257861635,0.5869894525066939,-0.006624920782792995,64.0
0.6039701257861635,0.6159039107570912,-0.006624920782792995,321.0
0.6039701257861635,0.6410646801957427,-0.006624920782792995,506.0
0.6039701257861635,0.675200890712139,-0.006624920782792995,263.0
0.6039701257861635,0.7332114103926184,-0.005283993970574463,111.0
0.6039701257861635,0.8272250835298056,-0.005283993970574463,215.0
0.6039701257861635,0.9505133159818071,-0.004817254173472042,85.0
0.6191568370467453,0.016304347826086973,0.0031366877282778603,0.0
0.6191568370467453,0.19533898130870214,0.0031366877282778603,449.0
0.6191568370467453,0.1954363992578405,0.0031366877282778603,0.0
0.6191568370467453,0.22673747619092302,0.0031366877282778603,224.0
0.6191568370467453,0.23639594540036324,0.0031366877282778603,3.0
0.6191568370467453,0.24202716508534006,0.0031366877282778603,20.0
0.6191568370467453,0.26611275862311606,0.0031366877282778603,274.0
0.6191568370467453,0.28179868071367387,0.0031366877282778603,178.0
0.6191568370467453,0.30802485425349274,0.0031366877282778603,123.0
0.6191568370467453,0.32956002540173396,0.0031366877282778603,1147.0
0.6191568370467453,0.35660288944695606,0.0031366877282778603,240.0
0.6191568370467453,0.3744710546902781,0.0031366877282778603,46.0
0.6191568370467453,0.4052145915095034,0.0031366877282778603,116.0
0.6191568370467453,0.41779716551398177,0.0031366877282778603,46.0
0.6191568370467453,0.4301063475427949,-0.0010575130843474875,16.0
0.6191568370467453,0.4435035905851139,-0.0035466179741565663,74.0
0.6191568370467453,0.469912436631773,-0.0035466179741565663,60.0
0.6191568370467453,0.4842433854182442,-0.004667507025510554,144.0
0.6191568370467453,0.49535545200801423,-0.004667507025510554,2760.0
0.6191568370467453,0.5146401884340481,-0.004667507025510554,93.0
0.6191568370467453,0.5382126491101673,-0.006624920782792995,92.0
0.6191568370467453,0.5559238599458598,-0.006624920782792995,106.0
0.6191568370467453,0.5783184062531579,-0.006624920782792995,59.0
0.6191568370467453,0.5869894525066939,-0.006624920782792995,2.0
0.6191568370467453,0.6159039107570912,-0.006624920782792995,106.0
0.6191568370467453,0.6410646801957427,-0.006624920782792995,96.0
0.6191568370467453,0.675200890712139,-0.006624920782792995,134.0
0.6191568370467453,0.7332114103926184,-0.005283993970574463,68.0
0.6191568370467453,0.8272250835298056,-0.005283993970574463,102.0
0.6191568370467453,0.9505133159818071,-0.004817254173472042,55.0
0.6405372191011236,0.016304347826086973,0.0031366877282778603,0.0
0.6405372191011236,0.19533898130870214,0.0031366877282778603,546.0
0.6405372191011236,0.1954363992578405,0.0031366877282778603,2.0
0.6405372191011236,0.22673747619092302,0.0031366877282778603,301.0
0.6405372191011236,0.23639594540036324,0.0031366877282778603,100.0
0.6405372191011236,0.24202716508534006,0.0031366877282778603,51.0
0.6405372191011236,0.26611275862311606,0.0031366877282778603,317.0
0.6405372191011236,0.28179868071367387,0.0031366877282778603,224.0
0.6405372191011236,0.30802485425349274,0.0031366877282778603,164.0
0.6405372191011236,0.32956002540173396,0.0031366877282778603,618.0
0.6405372191011236,0.35660288944695606,0.0031366877282778603,262.0
0.6405372191011236,0.3744710546902781,0.0031366877282778603,50.0
0.6405372191011236,0.4052145915095034,0.0031366877282778603,159.0
0.6405372191011236,0.41779716551398177,0.0031366877282778603,59.0
0.6405372191011236,0.4301063475427949,-0.0010575130843474875,81.0
0.6405372191011236,0.4435035905851139,-0.0035466179741565663,332.0
0.6405372191011236,0.469912436631773,-0.0035466179741565663,227.0
0.6405372191011236,0.4842433854182442,-0.004667507025510554,88.0
0.6405372191011236,0.49535545200801423,-0.004667507025510554,134.0
0.6405372191011236,0.5146401884340481,-0.004667507025510554,542.0
0.6405372191011236,0.5382126491101673,-0.006624920782792995,181.0
0.6405372191011236,0.5559238599458598,-0.006624920782792995,186.0
0.6405372191011236,0.5783184062531579,-0.006624920782792995,71.0
0.6405372191011236,0.5869894525066939,-0.006624920782792995,38.0
0.6405372191011236,0.6159039107570912,-0.006624920782792995,548.0
0.6405372191011236,0.6410646801957427,-0.006624920782792995,690.0
0.6405372191011236,0.675200890712139,-0.006624920782792995,84.0
0.6405372191011236,0.7332114103926184,-0.005283993970574463,366.0
0.6405372191011236,0.8272250835298056,-0.005283993970574463,140.0
0.6405372191011236,0.9505133159818071,-0.004646915292383356,163.0
0.6536557501904037,0.016304347826086973,0.0031366877282778603,0.0
0.6536557501904037,0.19533898130870214,0.0031366877282778603,363.0
0.6536557501904037,0.1954363992578405,0.0031366877282778603,0.0
0.6536557501904037,0.22673747619092302,0.0031366877282778603,423.0
0.6536557501904037,0.23639594540036324,0.0031366877282778603,68.0
0.6536557501904037,0.24202716508534006,0.0031366877282778603,1692.0
0.6536557501904037,0.26611275862311606,0.0031366877282778603,57.0
0.6536557501904037,0.28179868071367387,0.0031366877282778603,2571.0
0.6536557501904037,0.30802485425349274,0.0031366877282778603,192.0
0.6536557501904037,0.32956002540173396,0.0031366877282778603,64.0
0.6536557501904037,0.35660288944695606,0.0031366877282778603,11.0
0.6536557501904037,0.3744710546902781,0.0031366877282778603,63.0
0.6536557501904037,0.4052145915095034,0.0031366877282778603,103.0
0.6536557501904037,0.41779716551398177,0.0031366877282778603,8.0
0.6536557501904037,0.4301063475427949,-0.0010575130843474875,70.0
0.6536557501904037,0.4435035905851139,-0.0035466179741565663,18.0
0.6536557501904037,0.469912436631773,-0.0035466179741565663,75.0
0.6536557501904037,0.4842433854182442,-0.004667507025510554,46.0
0.6536557501904037,0.49535545200801423,-0.004667507025510554,4.0
0.6536557501904037,0.5146401884340481,-0.004667507025510554,85.0
0.6536557501904037,0.5382126491101673,-0.006624920782792995,63.0
0.6536557501904037,0.5559238599458598,-0.006624920782792995,227.0
0.6536557501904037,0.5783184062531579,-0.006624920782792995,182.0
0.6536557501904037,0.5869894525066939,-0.006624920782792995,4.0
0.6536557501904037,0.6159039107570912,-0.006624920782792995,12.0
0.6536557501904037,0.6410646801957427,-0.006624920782792995,130.0
0.6536557501904037,0.675200890712139,-0.006624920782792995,48.0
0.6536557501904037,0.7332114103926184,-0.005283993970574463,105.0
0.6536557501904037,0.8272250835298056,-0.005283993970574463,27.0
0.6536557501904037,0.9505133159818071,-0.004646915292383356,46.0
0.6900939836729094,0.016304347826086973,0.0031366877282778603,0.0
0.6900939836729094,0.19533898130870214,0.0031366877282778603,857.0
0.6900939836729094,0.1954363992578405,0.0031366877282778603,0.0
0.6900939836729094,0.22673747619092302,0.0031366877282778603,255.0
0.6900939836729094,0.23639594540036324,0.0031366877282778603,190.0
0.6900939836729094,0.24202716508534006,0.0031366877282778603,91.0
0.6900939836729094,0.26611275862311606,0.0031366877282778603,155.0
0.6900939836729094,0.28179868071367387,0.0031366877282778603,351.0
0.6900939836729094,0.30802485425349274,0.0031366877282778603,450.0
0.6900939836729094,0.32956002540173396,0.0031366877282778603,332.0
0.6900939836729094,0.35660288944695606,0.0031366877282778603,248.0
0.6900939836729094,0.3744710546902781,0.0031366877282778603,154.0
0.6900939836729094,0.4052145915095034,0.0031366877282778603,383.0
0.6900939836729094,0.41779716551398177,0.0031366877282778603,53.0
0.6900939836729094,0.4301063475427949,-0.0010575130843474875,30.0
0.6900939836729094,0.4435035905851139,-0.0035466179741565663,765.0
0.6900939836729094,0.469912436631773,-0.0035466179741565663,135.0
0.6900939836729094,0.4842433854182442,-0.004667507025510554,121.0
0.6900939836729094,0.49535545200801423,-0.004667507025510554,523.0
0.6900939836729094,0.5146401884340481,-0.004667507025510554,79.0
0.6900939836729094,0.5382126491101673,-0.006624920782792995,242.0
0.6900939836729094,0.5559238599458598,-0.006624920782792995,139.0
0.6900939836729094,0.5783184062531579,-0.006624920782792995,85.0
0.6900939836729094,0.5869894525066939,-0.006624920782792995,20.0
0.6900939836729094,0.6159039107570912,-0.006624920782792995,237.0
0.6900939836729094,0.6410646801957427,-0.006624920782792995,125.0
0.6900939836729094,0.675200890712139,-0.006624920782792995,111.0
0.6900939836729094,0.7332114103926184,-0.005283993970574463,428.0
0.6900939836729094,0.8272250835298056,-0.005283993970574463,115.0
0.6900939836729094,0.9505133159818071,-0.004646915292383356,109.0
0.7480040981229823,0.016304347826086973,0.0031366877282778603,0.0
0.7480040981229823,0.19533898130870214,0.0031366877282778603,1053.0
0.7480040981229823,0.1954363992578405,0.0031366877282778603,0.0
0.7480040981229823,0.22673747619092302,0.0031366877282778603,746.0
0.7480040981229823,0.23639594540036324,0.0031366877282778603,303.0
0.7480040981229823,0.24202716508534006,0.0031366877282778603,140.0
0.7480040981229823,0.26611275862311606,0.0031366877282778603,272.0
0.7480040981229823,0.28179868071367387,0.0031366877282778603,443.0
0.7480040981229823,0.30802485425349274,0.0031366877282778603,415.0
0.7480040981229823,0.32956002540173396,0.0031366877282778603,651.0
0.7480040981229823,0.35660288944695606,0.0031366877282778603,290.0
0.7480040981229823,0.3744710546902781,0.0031366877282778603,11.0
0.7480040981229823,0.4052145915095034,0.0031366877282778603,247.0
0.7480040981229823,0.41779716551398177,0.0031366877282778603,66.0
0.7480040981229823,0.4301063475427949,-0.0010575130843474875,148.0
0.7480040981229823,0.4435035905851139,-0.0035466179741565663,75.0
0.7480040981229823,0.469912436631773,-0.0035466179741565663,332.0
0.7480040981229823,0.4842433854182442,-0.004667507025510554,129.0
0.7480040981229823,0.49535545200801423,-0.004667507025510554,123.0
0.7480040981229823,0.5146401884340481,-0.004667507025510554,76.0
0.7480040981229823,0.5382126491101673,-0.006624920782792995,100.0
0.7480040981229823,0.5559238599458598,-0.006624920782792995,95.0
0.7480040981229823,0.5783184062531579,-0.006624920782792995,109.0
0.7480040981229823,0.5869894525066939,-0.006624920782792995,75.0
0.7480040981229823,0.6159039107570912,-0.006624920782792995,247.0
0.7480040981229823,0.6410646801957427,-0.006624920782792995,78.0
0.7480040981229823,0.675200890712139,-0.006624920782792995,74.0
0.7480040981229823,0.7332114103926184,-0.005283993970574463,194.0
0.7480040981229823,0.8272250835298056,-0.005283993970574463,98.0
0.7480040981229823,0.9505133159818071,-0.004646915292383356,200.0
0.9625,0.016304347826086973,0.0031366877282778603,183.0
0.9625,0.19533898130870214,0.0031366877282778603,1114.0
0.9625,0.1954363992578405,0.0031366877282778603,0.0
0.9625,0.22673747619092302,0.0031366877282778603,761.0
0.9625,0.23639594540036324,0.0031366877282778603,307.0
0.9625,0.24202716508534006,0.0031366877282778603,76.0
0.9625,0.26611275862311606,0.0031366877282778603,256.0
0.9625,0.28179868071367387,0.0031366877282778603,136.0
0.9625,0.30802485425349274,0.0031366877282778603,377.0
0.9625,0.32956002540173396,0.0031366877282778603,434.0
0.9625,0.35660288944695606,0.0031366877282778603,207.0
0.9625,0.3744710546902781,0.0031366877282778603,4.0
0.9625,0.4052145915095034,0.0031366877282778603,194.0
0.9625,0.41779716551398177,0.0031366877282778603,82.0
0.9625,0.4301063475427949,-0.0010575130843474875,138.0
0.9625,0.4435035905851139,-0.0035466179741565663,63.0
0.9625,0.469912436631773,-0.0035466179741565663,667.0
0.9625,0.4842433854182442,-0.004667507025510554,43.0
0.9625,0.49535545200801423,-0.004667507025510554,83.0
0.9625,0.5146401884340481,-0.004667507025510554,26.0
0.9625,0.5382126491101673,-0.006624920782792995,77.0
0.9625,0.5559238599458598,-0.006624920782792995,83.0
0.9625,0.5783184062531579,-0.006624920782792995,233.0
0.9625,0.5869894525066939,-0.006624920782792995,35.0
0.9625,0.6159039107570912,-0.006624920782792995,57.0
0.9625,0.6410646801957427,-0.006624920782792995,47.0
0.9625,0.675200890712139,-0.006624920782792995,932.0
0.9625,0.7332114103926184,-0.005283993970574463,132.0
0.9625,0.8272250835298056,-0.005283993970574463,30.0
0.9625,0.9505133159818071,-0.004646915292383356,145.0
