median_distance_from_home,Not Sweden,f,freq
0.0,0.0,-0.0063739616533269846,0.0
0.0,0.011235955056179803,-0.0063739616533269846,0.0
0.0,0.0966962755181549,-0.0063739616533269846,0.0
0.0,0.11579414374445429,-0.0063739616533269846,0.0
0.0,0.14576743242370865,-0.0063739616533269846,0.0
0.0,0.1757182676538277,-0.0063739616533269846,0.0
0.0,0.19347230675593433,-0.0010655549279086805,0.0
0.0,0.2201694915254237,-0.0008775235960410256,0.0
0.0,0.22314560439560438,0.0015466698840118026,0.0
0.0,0.23155918582438578,0.0015466698840118026,0.0
0.0,0.24353400222965443,0.0015466698840118026,0.0
0.0,0.26929030721600383,0.0015466698840118026,0.0
0.0,0.29235267656320285,0.0028454083914767007,0.0
0.0,0.32044292783729406,0.0040158868581993004,0.0
0.0,0.3489570759499783,0.005823649095420552,0.0
0.0,0.37469806763285024,0.005823649095420552,0.0
0.0,0.3927848467322152,0.005823649095420552,0.0
0.0,0.42031767225792094,0.005823649095420552,0.0
0.0,0.43814874264312464,0.005823649095420552,0.0
0.0,0.46675687866486243,0.005823649095420552,0.0
0.0,0.48362570859506665,0.005823649095420552,0.0
0.0,0.49959083469721766,0.005823649095420552,0.0
0.0,0.5060415024954033,0.005823649095420552,0.0
0.0,0.5311720884244442,0.005823649095420552,0.0
0.0,0.5571807327532519,0.005823649095420552,0.0
0.0,0.5822948446145095,0.005823649095420552,0.0
0.0,0.6035066183042446,0.005823649095420552,0.0
0.0,0.6217458364537641,0.005823649095420552,0.0
0.0,0.6456939488551887,0.005823649095420552,0.0
0.0,0.6999501495513459,0.005823649095420552,0.0
0.007584472322506031,0.0,-0.0063739616533269846,0.0
0.007584472322506031,0.011235955056179803,-0.0063739616533269846,15042.0
0.007584472322506031,0.0966962755181549,-0.0063739616533269846,3184.0
0.007584472322506031,0.11579414374445429,-0.0063739616533269846,3180.0
0.007584472322506031,0.14576743242370865,-0.0063739616533269846,2867.0
0.007584472322506031,0.1757182676538277,-0.0063739616533269846,3271.0
0.007584472322506031,0.19347230675593433,-0.0010655549279086805,3412.0
0.007584472322506031,0.2201694915254237,-0.0008775235960410256,3542.0
0.007584472322506031,0.22314560439560438,0.0015466698840118026,3794.0
0.007584472322506031,0.23155918582438578,0.0015466698840118026,3583.0
0.007584472322506031,0.24353400222965443,0.0015466698840118026,3194.0
0.007584472322506031,0.26929030721600383,0.0015466698840118026,3397.0
0.007584472322506031,0.29235267656320285,0.0028454083914767007,3255.0
0.007584472322506031,0.32044292783729406,0.0040158868581993004,3181.0
0.007584472322506031,0.3489570759499783,0.005823649095420552,3290.0
0.007584472322506031,0.37469806763285024,0.005823649095420552,3577.0
0.007584472322506031,0.3927848467322152,0.005823649095420552,3539.0
0.007584472322506031,0.42031767225792094,0.005823649095420552,3565.0
0.007584472322506031,0.43814874264312464,0.005823649095420552,3537.0
0.007584472322506031,0.46675687866486243,0.005823649095420552,3624.0
0.007584472322506031,0.48362570859506665,0.005823649095420552,3582.0
0.007584472322506031,0.49959083469721766,0.005823649095420552,3954.0
0.007584472322506031,0.5060415024954033,0.005823649095420552,4308.0
0.007584472322506031,0.5311720884244442,0.005823649095420552,3833.0
0.007584472322506031,0.5571807327532519,0.005823649095420552,3729.0
0.007584472322506031,0.5822948446145095,0.005823649095420552,3914.0
0.007584472322506031,0.6035066183042446,0.005823649095420552,3711.0
0.007584472322506031,0.6217458364537641,0.005823649095420552,4073.0
0.007584472322506031,0.6456939488551887,0.005823649095420552,3935.0
0.007584472322506031,0.6999501495513459,0.005823649095420552,3783.0
0.06883615905328355,0.0,-0.0063739616533269846,0.0
0.06883615905328355,0.011235955056179803,-0.0063739616533269846,278.0
0.06883615905328355,0.0966962755181549,-0.0063739616533269846,113.0
0.06883615905328355,0.11579414374445429,-0.0063739616533269846,77.0
0.06883615905328355,0.14576743242370865,-0.0063739616533269846,106.0
0.06883615905328355,0.1757182676538277,-0.0063739616533269846,152.0
0.06883615905328355,0.19347230675593433,-0.0010655549279086805,98.0
0.06883615905328355,0.2201694915254237,-0.0008775235960410256,145.0
0.06883615905328355,0.22314560439560438,0.0015466698840118026,6.0
0.06883615905328355,0.23155918582438578,0.0015466698840118026,53.0
0.06883615905328355,0.24353400222965443,0.0015466698840118026,70.0
0.06883615905328355,0.26929030721600383,0.0015466698840118026,163.0
0.06883615905328355,0.29235267656320285,0.0028454083914767007,128.0
0.06883615905328355,0.32044292783729406,0.0040158868581993004,167.0
0.06883615905328355,0.3489570759499783,0.005823649095420552,177.0
0.06883615905328355,0.37469806763285024,0.005823649095420552,94.0
0.06883615905328355,0.3927848467322152,0.005823649095420552,99.0
0.06883615905328355,0.42031767225792094,0.005823649095420552,177.0
0.06883615905328355,0.43814874264312464,0.005823649095420552,127.0
0.06883615905328355,0.46675687866486243,0.005823649095420552,212.0
0.06883615905328355,0.48362570859506665,0.005823649095420552,121.0
0.06883615905328355,0.49959083469721766,0.005823649095420552,82.0
0.06883615905328355,0.5060415024954033,0.005823649095420552,78.0
0.06883615905328355,0.5311720884244442,0.005823649095420552,175.0
0.06883615905328355,0.5571807327532519,0.005823649095420552,137.0
0.06883615905328355,0.5822948446145095,0.005823649095420552,180.0
0.06883615905328355,0.6035066183042446,0.005823649095420552,180.0
0.06883615905328355,0.6217458364537641,0.005823649095420552,184.0
0.06883615905328355,0.6456939488551887,0.005823649095420552,144.0
0.06883615905328355,0.6999501495513459,0.005823649095420552,197.0
0.14965885660311073,0.0,-0.0063739616533269846,0.0
0.14965885660311073,0.011235955056179803,-0.0063739616533269846,175.0
0.14965885660311073,0.0966962755181549,-0.0063739616533269846,91.0
0.14965885660311073,0.11579414374445429,-0.0063739616533269846,68.0
0.14965885660311073,0.14576743242370865,-0.0063739616533269846,147.0
0.14965885660311073,0.1757182676538277,-0.0063739616533269846,140.0
0.14965885660311073,0.19347230675593433,-0.0010655549279086805,80.0
0.14965885660311073,0.2201694915254237,-0.0008775235960410256,124.0
0.14965885660311073,0.22314560439560438,0.0015466698840118026,88.0
0.14965885660311073,0.23155918582438578,0.0015466698840118026,42.0
0.14965885660311073,0.24353400222965443,0.0015466698840118026,87.0
0.14965885660311073,0.26929030721600383,0.0015466698840118026,131.0
0.14965885660311073,0.29235267656320285,0.0028454083914767007,104.0
0.14965885660311073,0.32044292783729406,0.0040158868581993004,180.0
0.14965885660311073,0.3489570759499783,0.005823649095420552,150.0
0.14965885660311073,0.37469806763285024,0.005823649095420552,108.0
0.14965885660311073,0.3927848467322152,0.005823649095420552,102.0
0.14965885660311073,0.42031767225792094,0.005823649095420552,157.0
0.14965885660311073,0.43814874264312464,0.005823649095420552,123.0
0.14965885660311073,0.46675687866486243,0.005823649095420552,196.0
0.14965885660311073,0.48362570859506665,0.005823649095420552,83.0
0.14965885660311073,0.49959083469721766,0.005823649095420552,99.0
0.14965885660311073,0.5060415024954033,0.005823649095420552,98.0
0.14965885660311073,0.5311720884244442,0.005823649095420552,169.0
0.14965885660311073,0.5571807327532519,0.005823649095420552,159.0
0.14965885660311073,0.5822948446145095,0.005823649095420552,197.0
0.14965885660311073,0.6035066183042446,0.005823649095420552,215.0
0.14965885660311073,0.6217458364537641,0.005823649095420552,198.0
0.14965885660311073,0.6456939488551887,0.005823649095420552,189.0
0.14965885660311073,0.6999501495513459,0.005823649095420552,247.0
0.2136692759859926,0.0,-0.005480452277379579,0.0
0.2136692759859926,0.011235955056179803,-0.005480452277379579,181.0
0.2136692759859926,0.0966962755181549,-0.005480452277379579,171.0
0.2136692759859926,0.11579414374445429,-0.005480452277379579,12.0
0.2136692759859926,0.14576743242370865,-0.005480452277379579,97.0
0.2136692759859926,0.1757182676538277,-0.005480452277379579,88.0
0.2136692759859926,0.19347230675593433,-0.00017204555196127447,53.0
0.2136692759859926,0.2201694915254237,1.5985779906380414e-05,125.0
0.2136692759859926,0.22314560439560438,0.002440179259959208,561.0
0.2136692759859926,0.23155918582438578,0.002440179259959208,27.0
0.2136692759859926,0.24353400222965443,0.002440179259959208,60.0
0.2136692759859926,0.26929030721600383,0.002440179259959208,103.0
0.2136692759859926,0.29235267656320285,0.0037389177674241065,103.0
0.2136692759859926,0.32044292783729406,0.004909396234146706,116.0
0.2136692759859926,0.3489570759499783,0.005823649095420552,151.0
0.2136692759859926,0.37469806763285024,0.005823649095420552,122.0
0.2136692759859926,0.3927848467322152,0.005823649095420552,489.0
0.2136692759859926,0.42031767225792094,0.005823649095420552,99.0
0.2136692759859926,0.43814874264312464,0.005823649095420552,88.0
0.2136692759859926,0.46675687866486243,0.005823649095420552,119.0
0.2136692759859926,0.48362570859506665,0.005823649095420552,80.0
0.2136692759859926,0.49959083469721766,0.005823649095420552,69.0
0.2136692759859926,0.5060415024954033,0.005823649095420552,369.0
0.2136692759859926,0.5311720884244442,0.005823649095420552,116.0
0.2136692759859926,0.5571807327532519,0.005823649095420552,132.0
0.2136692759859926,0.5822948446145095,0.005823649095420552,119.0
0.2136692759859926,0.6035066183042446,0.005823649095420552,93.0
0.2136692759859926,0.6217458364537641,0.005823649095420552,133.0
0.2136692759859926,0.6456939488551887,0.005823649095420552,55.0
0.2136692759859926,0.6999501495513459,0.005823649095420552,131.0
0.333658110343535,0.0,-0.005480452277379579,0.0
0.333658110343535,0.011235955056179803,-0.005480452277379579,215.0
0.333658110343535,0.0966962755181549,-0.005480452277379579,153.0
0.333658110343535,0.11579414374445429,-0.005480452277379579,80.0
0.333658110343535,0.14576743242370865,-0.005480452277379579,182.0
0.333658110343535,0.1757182676538277,-0.005480452277379579,169.0
0.333658110343535,0.19347230675593433,-0.00017204555196127447,87.0
0.333658110343535,0.2201694915254237,1.5985779906380414e-05,140.0
0.333658110343535,0.22314560439560438,0.002440179259959208,22.0
0.333658110343535,0.23155918582438578,0.002440179259959208,33.0
0.333658110343535,0.24353400222965443,0.002440179259959208,56.0
0.333658110343535,0.26929030721600383,0.002440179259959208,149.0
0.333658110343535,0.29235267656320285,0.0037389177674241065,133.0
0.333658110343535,0.32044292783729406,0.004909396234146706,160.0
0.333658110343535,0.3489570759499783,0.005823649095420552,190.0
0.333658110343535,0.37469806763285024,0.005823649095420552,114.0
0.333658110343535,0.3927848467322152,0.005823649095420552,81.0
0.333658110343535,0.42031767225792094,0.005823649095420552,236.0
0.333658110343535,0.43814874264312464,0.005823649095420552,58.0
0.333658110343535,0.46675687866486243,0.005823649095420552,170.0
0.333658110343535,0.48362570859506665,0.005823649095420552,112.0
0.333658110343535,0.49959083469721766,0.005823649095420552,131.0
0.333658110343535,0.5060415024954033,0.005823649095420552,54.0
0.333658110343535,0.5311720884244442,0.005823649095420552,207.0
0.333658110343535,0.5571807327532519,0.005823649095420552,159.0
0.333658110343535,0.5822948446145095,0.005823649095420552,222.0
0.333658110343535,0.6035066183042446,0.005823649095420552,171.0
0.333658110343535,0.6217458364537641,0.005823649095420552,123.0
0.333658110343535,0.6456939488551887,0.005823649095420552,144.0
0.333658110343535,0.6999501495513459,0.005823649095420552,207.0
0.40946201526053727,0.0,-0.005480452277379579,0.0
0.40946201526053727,0.011235955056179803,-0.005480452277379579,694.0
0.40946201526053727,0.0966962755181549,-0.005480452277379579,187.0
0.40946201526053727,0.11579414374445429,-0.005480452277379579,57.0
0.40946201526053727,0.14576743242370865,-0.005480452277379579,194.0
0.40946201526053727,0.1757182676538277,-0.005480452277379579,74.0
0.40946201526053727,0.19347230675593433,-0.00017204555196127447,76.0
0.40946201526053727,0.2201694915254237,1.5985779906380414e-05,162.0
0.40946201526053727,0.22314560439560438,0.002440179259959208,20.0
0.40946201526053727,0.23155918582438578,0.002440179259959208,137.0
0.40946201526053727,0.24353400222965443,0.002440179259959208,104.0
0.40946201526053727,0.26929030721600383,0.002440179259959208,67.0
0.40946201526053727,0.29235267656320285,0.0037389177674241065,199.0
0.40946201526053727,0.32044292783729406,0.004909396234146706,117.0
0.40946201526053727,0.3489570759499783,0.005823649095420552,82.0
0.40946201526053727,0.37469806763285024,0.005823649095420552,101.0
0.40946201526053727,0.3927848467322152,0.005823649095420552,102.0
0.40946201526053727,0.42031767225792094,0.005823649095420552,87.0
0.40946201526053727,0.43814874264312464,0.005823649095420552,162.0
0.40946201526053727,0.46675687866486243,0.005823649095420552,113.0
0.40946201526053727,0.48362570859506665,0.005823649095420552,117.0
0.40946201526053727,0.49959083469721766,0.005823649095420552,345.0
0.40946201526053727,0.5060415024954033,0.005823649095420552,47.0
0.40946201526053727,0.5311720884244442,0.005823649095420552,139.0
0.40946201526053727,0.5571807327532519,0.005823649095420552,74.0
0.40946201526053727,0.5822948446145095,0.005823649095420552,162.0
0.40946201526053727,0.6035066183042446,0.005823649095420552,127.0
0.40946201526053727,0.6217458364537641,0.005823649095420552,68.0
0.40946201526053727,0.6456939488551887,0.005823649095420552,92.0
0.40946201526053727,0.6999501495513459,0.005823649095420552,114.0
0.5297370422334282,0.0,-0.005480452277379579,0.0
0.5297370422334282,0.011235955056179803,-0.005480452277379579,389.0
0.5297370422334282,0.0966962755181549,-0.005480452277379579,169.0
0.5297370422334282,0.11579414374445429,-0.005480452277379579,141.0
0.5297370422334282,0.14576743242370865,-0.005480452277379579,183.0
0.5297370422334282,0.1757182676538277,-0.005480452277379579,133.0
0.5297370422334282,0.19347230675593433,-0.00017204555196127447,326.0
0.5297370422334282,0.2201694915254237,1.5985779906380414e-05,143.0
0.5297370422334282,0.22314560439560438,0.002440179259959208,12.0
0.5297370422334282,0.23155918582438578,0.002440179259959208,78.0
0.5297370422334282,0.24353400222965443,0.002440179259959208,78.0
0.5297370422334282,0.26929030721600383,0.002440179259959208,202.0
0.5297370422334282,0.29235267656320285,0.0037389177674241065,137.0
0.5297370422334282,0.32044292783729406,0.004909396234146706,142.0
0.5297370422334282,0.3489570759499783,0.005823649095420552,148.0
0.5297370422334282,0.37469806763285024,0.005823649095420552,171.0
0.5297370422334282,0.3927848467322152,0.005823649095420552,106.0
0.5297370422334282,0.42031767225792094,0.005823649095420552,116.0
0.5297370422334282,0.43814874264312464,0.005823649095420552,99.0
0.5297370422334282,0.46675687866486243,0.005823649095420552,143.0
0.5297370422334282,0.48362570859506665,0.005823649095420552,90.0
0.5297370422334282,0.49959083469721766,0.005823649095420552,60.0
0.5297370422334282,0.5060415024954033,0.005823649095420552,27.0
0.5297370422334282,0.5311720884244442,0.005823649095420552,206.0
0.5297370422334282,0.5571807327532519,0.005823649095420552,159.0
0.5297370422334282,0.5822948446145095,0.005823649095420552,151.0
0.5297370422334282,0.6035066183042446,0.005823649095420552,132.0
0.5297370422334282,0.6217458364537641,0.005823649095420552,147.0
0.5297370422334282,0.6456939488551887,0.005823649095420552,92.0
0.5297370422334282,0.6999501495513459,0.005823649095420552,113.0
0.6806200477887216,0.0,-0.005480452277379579,0.0
0.6806200477887216,0.011235955056179803,-0.005480452277379579,269.0
0.6806200477887216,0.0966962755181549,-0.005480452277379579,133.0
0.6806200477887216,0.11579414374445429,-0.005480452277379579,282.0
0.6806200477887216,0.14576743242370865,-0.005480452277379579,130.0
0.6806200477887216,0.1757182676538277,-0.005480452277379579,236.0
0.6806200477887216,0.19347230675593433,-0.00017204555196127447,330.0
0.6806200477887216,0.2201694915254237,1.5985779906380414e-05,175.0
0.6806200477887216,0.22314560439560438,0.002440179259959208,19.0
0.6806200477887216,0.23155918582438578,0.002440179259959208,59.0
0.6806200477887216,0.24353400222965443,0.002440179259959208,72.0
0.6806200477887216,0.26929030721600383,0.002440179259959208,187.0
0.6806200477887216,0.29235267656320285,0.0037389177674241065,105.0
0.6806200477887216,0.32044292783729406,0.004909396234146706,144.0
0.6806200477887216,0.3489570759499783,0.005823649095420552,128.0
0.6806200477887216,0.37469806763285024,0.005823649095420552,178.0
0.6806200477887216,0.3927848467322152,0.005823649095420552,132.0
0.6806200477887216,0.42031767225792094,0.005823649095420552,125.0
0.6806200477887216,0.43814874264312464,0.005823649095420552,89.0
0.6806200477887216,0.46675687866486243,0.005823649095420552,110.0
0.6806200477887216,0.48362570859506665,0.005823649095420552,80.0
0.6806200477887216,0.49959083469721766,0.005823649095420552,72.0
0.6806200477887216,0.5060415024954033,0.005823649095420552,84.0
0.6806200477887216,0.5311720884244442,0.005823649095420552,135.0
0.6806200477887216,0.5571807327532519,0.005823649095420552,115.0
0.6806200477887216,0.5822948446145095,0.005823649095420552,160.0
0.6806200477887216,0.6035066183042446,0.005823649095420552,131.0
0.6806200477887216,0.6217458364537641,0.005823649095420552,93.0
0.6806200477887216,0.6456939488551887,0.005823649095420552,82.0
0.6806200477887216,0.6999501495513459,0.005823649095420552,147.0
0.7844298813101673,0.0,-0.0025534513598996257,0.0
0.7844298813101673,0.011235955056179803,-0.0025534513598996257,195.0
0.7844298813101673,0.0966962755181549,-0.0025534513598996257,138.0
0.7844298813101673,0.11579414374445429,-0.0025534513598996257,73.0
0.7844298813101673,0.14576743242370865,-0.0025534513598996257,96.0
0.7844298813101673,0.1757182676538277,-0.0025534513598996257,77.0
0.7844298813101673,0.19347230675593433,-0.0015869974059363559,208.0
0.7844298813101673,0.2201694915254237,-0.0013989660740687008,47.0
0.7844298813101673,0.22314560439560438,0.0005269906486207865,10.0
0.7844298813101673,0.23155918582438578,0.0005269906486207865,456.0
0.7844298813101673,0.24353400222965443,0.0005269906486207865,429.0
0.7844298813101673,0.26929030721600383,0.0005269906486207865,70.0
0.7844298813101673,0.29235267656320285,-0.00024108857363809482,143.0
0.7844298813101673,0.32044292783729406,-0.0006545651896219123,79.0
0.7844298813101673,0.3489570759499783,-0.00015463364106163156,64.0
0.7844298813101673,0.37469806763285024,-0.00015463364106163156,87.0
0.7844298813101673,0.3927848467322152,-0.00015463364106163156,36.0
0.7844298813101673,0.42031767225792094,-0.00015463364106163156,71.0
0.7844298813101673,0.43814874264312464,-0.00015463364106163156,41.0
0.7844298813101673,0.46675687866486243,-0.00015463364106163156,53.0
0.7844298813101673,0.48362570859506665,-0.0003212515649680385,392.0
0.7844298813101673,0.49959083469721766,-0.0003212515649680385,97.0
0.7844298813101673,0.5060415024954033,-0.0005328521387697506,67.0
0.7844298813101673,0.5311720884244442,-0.0005328521387697506,110.0
0.7844298813101673,0.5571807327532519,-0.0005328521387697506,230.0
0.7844298813101673,0.5822948446145095,-0.0005328521387697506,79.0
0.7844298813101673,0.6035066183042446,-0.0005328521387697506,265.0
0.7844298813101673,0.6217458364537641,-0.0005328521387697506,89.0
0.7844298813101673,0.6456939488551887,-0.0005328521387697506,248.0
0.7844298813101673,0.6999501495513459,-0.0005328521387697506,44.0
0.9351191118385955,0.0,-0.0025534513598996257,0.0
0.9351191118385955,0.011235955056179803,-0.0025534513598996257,937.0
0.9351191118385955,0.0966962755181549,-0.0025534513598996257,203.0
0.9351191118385955,0.11579414374445429,-0.0025534513598996257,156.0
0.9351191118385955,0.14576743242370865,-0.0025534513598996257,162.0
0.9351191118385955,0.1757182676538277,-0.0025534513598996257,118.0
0.9351191118385955,0.19347230675593433,-0.0015869974059363559,49.0
0.9351191118385955,0.2201694915254237,-0.0013989660740687008,131.0
0.9351191118385955,0.22314560439560438,0.0005269906486207865,23.0
0.9351191118385955,0.23155918582438578,0.0005269906486207865,230.0
0.9351191118385955,0.24353400222965443,0.0005269906486207865,132.0
0.9351191118385955,0.26929030721600383,0.0005269906486207865,100.0
0.9351191118385955,0.29235267656320285,-0.00024108857363809482,94.0
0.9351191118385955,0.32044292783729406,-0.0006545651896219123,116.0
0.9351191118385955,0.3489570759499783,-0.00015463364106163156,93.0
0.9351191118385955,0.37469806763285024,-0.00015463364106163156,76.0
0.9351191118385955,0.3927848467322152,-0.00015463364106163156,49.0
0.9351191118385955,0.42031767225792094,-0.00015463364106163156,80.0
0.9351191118385955,0.43814874264312464,-0.00015463364106163156,89.0
0.9351191118385955,0.46675687866486243,-0.00015463364106163156,125.0
0.9351191118385955,0.48362570859506665,-0.0003212515649680385,78.0
0.9351191118385955,0.49959083469721766,-0.0003212515649680385,60.0
0.9351191118385955,0.5060415024954033,-0.0005328521387697506,42.0
0.9351191118385955,0.5311720884244442,-0.0005328521387697506,116.0
0.9351191118385955,0.5571807327532519,-0.0005328521387697506,107.0
0.9351191118385955,0.5822948446145095,-0.0005328521387697506,130.0
0.9351191118385955,0.6035066183042446,-0.0005328521387697506,92.0
0.9351191118385955,0.6217458364537641,-0.0005328521387697506,221.0
0.9351191118385955,0.6456939488551887,-0.0005328521387697506,141.0
0.9351191118385955,0.6999501495513459,-0.0005328521387697506,48.0
1.1786222825212676,0.0,-0.0025534513598996257,0.0
1.1786222825212676,0.011235955056179803,-0.0025534513598996257,508.0
1.1786222825212676,0.0966962755181549,-0.0025534513598996257,106.0
1.1786222825212676,0.11579414374445429,-0.0025534513598996257,234.0
1.1786222825212676,0.14576743242370865,-0.0025534513598996257,204.0
1.1786222825212676,0.1757182676538277,-0.0025534513598996257,131.0
1.1786222825212676,0.19347230675593433,-0.0015869974059363559,102.0
1.1786222825212676,0.2201694915254237,-0.0013989660740687008,135.0
1.1786222825212676,0.22314560439560438,0.0005269906486207865,94.0
1.1786222825212676,0.23155918582438578,0.0005269906486207865,52.0
1.1786222825212676,0.24353400222965443,0.0005269906486207865,132.0
1.1786222825212676,0.26929030721600383,0.0005269906486207865,151.0
1.1786222825212676,0.29235267656320285,-0.00024108857363809482,100.0
1.1786222825212676,0.32044292783729406,-0.0006545651896219123,183.0
1.1786222825212676,0.3489570759499783,-0.00015463364106163156,189.0
1.1786222825212676,0.37469806763285024,-0.00015463364106163156,106.0
1.1786222825212676,0.3927848467322152,-0.00015463364106163156,156.0
1.1786222825212676,0.42031767225792094,-0.00015463364106163156,140.0
1.1786222825212676,0.43814874264312464,-0.00015463364106163156,95.0
1.1786222825212676,0.46675687866486243,-0.00015463364106163156,94.0
1.1786222825212676,0.48362570859506665,-0.0003212515649680385,99.0
1.1786222825212676,0.49959083469721766,-0.0003212515649680385,46.0
1.1786222825212676,0.5060415024954033,-0.0005328521387697506,72.0
1.1786222825212676,0.5311720884244442,-0.0005328521387697506,166.0
1.1786222825212676,0.5571807327532519,-0.0005328521387697506,131.0
1.1786222825212676,0.5822948446145095,-0.0005328521387697506,101.0
1.1786222825212676,0.6035066183042446,-0.0005328521387697506,127.0
1.1786222825212676,0.6217458364537641,-0.0005328521387697506,101.0
1.1786222825212676,0.6456939488551887,-0.0005328521387697506,74.0
1.1786222825212676,0.6999501495513459,-0.0005328521387697506,132.0
1.6532105533237953,0.0,-0.0025534513598996257,0.0
1.6532105533237953,0.011235955056179803,-0.0025534513598996257,305.0
1.6532105533237953,0.0966962755181549,-0.0025534513598996257,103.0
1.6532105533237953,0.11579414374445429,-0.0025534513598996257,65.0
1.6532105533237953,0.14576743242370865,-0.0025534513598996257,116.0
1.6532105533237953,0.1757182676538277,-0.0025534513598996257,159.0
1.6532105533237953,0.19347230675593433,-0.0016122062811111731,153.0
1.6532105533237953,0.2201694915254237,-0.001424174949243518,160.0
1.6532105533237953,0.22314560439560438,0.0004479188422294288,29.0
1.6532105533237953,0.23155918582438578,0.0004479188422294288,79.0
1.6532105533237953,0.24353400222965443,0.0004479188422294288,119.0
1.6532105533237953,0.26929030721600383,0.0004479188422294288,121.0
1.6532105533237953,0.29235267656320285,-0.0009615946790374022,139.0
1.6532105533237953,0.32044292783729406,-0.0013750712950212202,202.0
1.6532105533237953,0.3489570759499783,-0.0009850334794982228,139.0
1.6532105533237953,0.37469806763285024,-0.0009850334794982228,145.0
1.6532105533237953,0.3927848467322152,-0.0009850334794982228,143.0
1.6532105533237953,0.42031767225792094,-0.0009850334794982228,125.0
1.6532105533237953,0.43814874264312464,-0.0009850334794982228,123.0
1.6532105533237953,0.46675687866486243,-0.0009850334794982228,166.0
1.6532105533237953,0.48362570859506665,-0.0011516514034046299,109.0
1.6532105533237953,0.49959083469721766,-0.0011516514034046299,113.0
1.6532105533237953,0.5060415024954033,-0.0013632519772063419,92.0
1.6532105533237953,0.5311720884244442,-0.0013632519772063419,153.0
1.6532105533237953,0.5571807327532519,-0.0013632519772063419,107.0
1.6532105533237953,0.5822948446145095,-0.0013632519772063419,179.0
1.6532105533237953,0.6035066183042446,-0.0013632519772063419,140.0
1.6532105533237953,0.6217458364537641,-0.0013632519772063419,171.0
1.6532105533237953,0.6456939488551887,-0.0013632519772063419,91.0
1.6532105533237953,0.6999501495513459,-0.0013632519772063419,150.0
2.186382168455509,0.0,0.002379975039594121,0.0
2.186382168455509,0.011235955056179803,0.002379975039594121,478.0
2.186382168455509,0.0966962755181549,0.002379975039594121,97.0
2.186382168455509,0.11579414374445429,0.002379975039594121,38.0
2.186382168455509,0.14576743242370865,0.002379975039594121,169.0
2.186382168455509,0.1757182676538277,0.002379975039594121,155.0
2.186382168455509,0.19347230675593433,0.0019052026180878209,80.0
2.186382168455509,0.2201694915254237,0.0020932339499554753,88.0
2.186382168455509,0.22314560439560438,0.0021503564366506392,105.0
2.186382168455509,0.23155918582438578,0.0021503564366506392,52.0
2.186382168455509,0.24353400222965443,0.0021503564366506392,82.0
2.186382168455509,0.26929030721600383,0.0021503564366506392,121.0
2.186382168455509,0.29235267656320285,-3.450115916497203e-05,114.0
2.186382168455509,0.32044292783729406,-0.0012564583033642092,151.0
2.186382168455509,0.3489570759499783,-0.0009850334794982228,128.0
2.186382168455509,0.37469806763285024,-0.0009850334794982228,93.0
2.186382168455509,0.3927848467322152,-0.0009850334794982228,151.0
2.186382168455509,0.42031767225792094,-0.0009850334794982228,119.0
2.186382168455509,0.43814874264312464,-0.0009850334794982228,117.0
2.186382168455509,0.46675687866486243,-0.0009850334794982228,101.0
2.186382168455509,0.48362570859506665,-0.0011516514034046299,85.0
2.186382168455509,0.49959083469721766,-0.0011516514034046299,133.0
2.186382168455509,0.5060415024954033,-0.0013632519772063419,124.0
2.186382168455509,0.5311720884244442,-0.0013632519772063419,171.0
2.186382168455509,0.5571807327532519,-0.0013632519772063419,103.0
2.186382168455509,0.5822948446145095,-0.0013632519772063419,193.0
2.186382168455509,0.6035066183042446,-0.0013632519772063419,166.0
2.186382168455509,0.6217458364537641,-0.0013632519772063419,163.0
2.186382168455509,0.6456939488551887,-0.0013632519772063419,159.0
2.186382168455509,0.6999501495513459,-0.0013632519772063419,177.0
2.9366145340409346,0.0,0.004269129752845094,0.0
2.9366145340409346,0.011235955056179803,0.004269129752845094,412.0
2.9366145340409346,0.0966962755181549,0.004269129752845094,104.0
2.9366145340409346,0.11579414374445429,0.004269129752845094,81.0
2.9366145340409346,0.14576743242370865,0.004269129752845094,135.0
2.9366145340409346,0.1757182676538277,0.004269129752845094,111.0
2.9366145340409346,0.19347230675593433,0.0037943573313387957,92.0
2.9366145340409346,0.2201694915254237,0.003982388663206451,120.0
2.9366145340409346,0.22314560439560438,0.0031811944207802857,41.0
2.9366145340409346,0.23155918582438578,0.0031811944207802857,42.0
2.9366145340409346,0.24353400222965443,0.0031811944207802857,51.0
2.9366145340409346,0.26929030721600383,0.0031811944207802857,139.0
2.9366145340409346,0.29235267656320285,0.0008487258708203628,50.0
2.9366145340409346,0.32044292783729406,-0.0007580718621346581,108.0
2.9366145340409346,0.3489570759499783,-0.0009850334794982228,155.0
2.9366145340409346,0.37469806763285024,-0.0009850334794982228,111.0
2.9366145340409346,0.3927848467322152,-0.0009850334794982228,124.0
2.9366145340409346,0.42031767225792094,-0.0009850334794982228,112.0
2.9366145340409346,0.43814874264312464,-0.0009850334794982228,109.0
2.9366145340409346,0.46675687866486243,-0.0009850334794982228,126.0
2.9366145340409346,0.48362570859506665,-0.0011516514034046299,118.0
2.9366145340409346,0.49959083469721766,-0.0011516514034046299,124.0
2.9366145340409346,0.5060415024954033,-0.0013632519772063419,108.0
2.9366145340409346,0.5311720884244442,-0.0013632519772063419,167.0
2.9366145340409346,0.5571807327532519,-0.0013632519772063419,189.0
2.9366145340409346,0.5822948446145095,-0.0013632519772063419,209.0
2.9366145340409346,0.6035066183042446,-0.0013632519772063419,185.0
2.9366145340409346,0.6217458364537641,-0.0013632519772063419,193.0
2.9366145340409346,0.6456939488551887,-0.0013632519772063419,178.0
2.9366145340409346,0.6999501495513459,-0.0013632519772063419,211.0
4.287736307545181,0.0,0.004436795853208836,0.0
4.287736307545181,0.011235955056179803,0.004436795853208836,445.0
4.287736307545181,0.0966962755181549,0.004436795853208836,93.0
4.287736307545181,0.11579414374445429,0.004436795853208836,82.0
4.287736307545181,0.14576743242370865,0.004436795853208836,114.0
4.287736307545181,0.1757182676538277,0.004436795853208836,122.0
4.287736307545181,0.19347230675593433,0.003962023431702538,65.0
4.287736307545181,0.2201694915254237,0.004150054763570192,84.0
4.287736307545181,0.22314560439560438,0.0033299696491754854,106.0
4.287736307545181,0.23155918582438578,0.0033299696491754854,77.0
4.287736307545181,0.24353400222965443,0.0033299696491754854,51.0
4.287736307545181,0.26929030721600383,0.0033299696491754854,100.0
4.287736307545181,0.29235267656320285,0.0009975010992155624,83.0
4.287736307545181,0.32044292783729406,-0.0006653147311407463,110.0
4.287736307545181,0.3489570759499783,-0.0009850334794982228,101.0
4.287736307545181,0.37469806763285024,-0.0009850334794982228,115.0
4.287736307545181,0.3927848467322152,-0.0009850334794982228,104.0
4.287736307545181,0.42031767225792094,-0.0009850334794982228,128.0
4.287736307545181,0.43814874264312464,-0.0009850334794982228,97.0
4.287736307545181,0.46675687866486243,-0.0009850334794982228,149.0
4.287736307545181,0.48362570859506665,-0.0011516514034046299,90.0
4.287736307545181,0.49959083469721766,-0.0011516514034046299,122.0
4.287736307545181,0.5060415024954033,-0.0013632519772063419,107.0
4.287736307545181,0.5311720884244442,-0.0013632519772063419,186.0
4.287736307545181,0.5571807327532519,-0.0013632519772063419,149.0
4.287736307545181,0.5822948446145095,-0.0013632519772063419,237.0
4.287736307545181,0.6035066183042446,-0.0013632519772063419,180.0
4.287736307545181,0.6217458364537641,-0.0013632519772063419,165.0
4.287736307545181,0.6456939488551887,-0.0013632519772063419,141.0
4.287736307545181,0.6999501495513459,-0.0013632519772063419,188.0
6.393097574295389,0.0,0.004436795853208836,0.0
6.393097574295389,0.011235955056179803,0.004436795853208836,654.0
6.393097574295389,0.0966962755181549,0.004436795853208836,80.0
6.393097574295389,0.11579414374445429,0.004436795853208836,70.0
6.393097574295389,0.14576743242370865,0.004436795853208836,109.0
6.393097574295389,0.1757182676538277,0.004436795853208836,132.0
6.393097574295389,0.19347230675593433,0.003962023431702538,59.0
6.393097574295389,0.2201694915254237,0.004150054763570192,92.0
6.393097574295389,0.22314560439560438,0.0033299696491754854,38.0
6.393097574295389,0.23155918582438578,0.0033299696491754854,63.0
6.393097574295389,0.24353400222965443,0.0033299696491754854,60.0
6.393097574295389,0.26929030721600383,0.0033299696491754854,122.0
6.393097574295389,0.29235267656320285,0.0009975010992155624,76.0
6.393097574295389,0.32044292783729406,-0.0006653147311407463,118.0
6.393097574295389,0.3489570759499783,-0.0009850334794982228,102.0
6.393097574295389,0.37469806763285024,-0.0009850334794982228,106.0
6.393097574295389,0.3927848467322152,-0.0009850334794982228,105.0
6.393097574295389,0.42031767225792094,-0.0009850334794982228,95.0
6.393097574295389,0.43814874264312464,-0.0009850334794982228,67.0
6.393097574295389,0.46675687866486243,-0.0009850334794982228,138.0
6.393097574295389,0.48362570859506665,-0.0011516514034046299,67.0
6.393097574295389,0.49959083469721766,-0.0011516514034046299,102.0
6.393097574295389,0.5060415024954033,-0.0013632519772063419,65.0
6.393097574295389,0.5311720884244442,-0.0013632519772063419,249.0
6.393097574295389,0.5571807327532519,-0.0013632519772063419,207.0
6.393097574295389,0.5822948446145095,-0.0013632519772063419,197.0
6.393097574295389,0.6035066183042446,-0.0013632519772063419,135.0
6.393097574295389,0.6217458364537641,-0.0013632519772063419,138.0
6.393097574295389,0.6456939488551887,-0.0013632519772063419,150.0
6.393097574295389,0.6999501495513459,-0.0013632519772063419,218.0
9.510960233947475,0.0,0.004436795853208836,0.0
9.510960233947475,0.011235955056179803,0.004436795853208836,797.0
9.510960233947475,0.0966962755181549,0.004436795853208836,133.0
9.510960233947475,0.11579414374445429,0.004436795853208836,103.0
9.510960233947475,0.14576743242370865,0.004436795853208836,150.0
9.510960233947475,0.1757182676538277,0.004436795853208836,125.0
9.510960233947475,0.19347230675593433,0.003962023431702538,44.0
9.510960233947475,0.2201694915254237,0.004150054763570192,93.0
9.510960233947475,0.22314560439560438,0.0033299696491754854,8.0
9.510960233947475,0.23155918582438578,0.0033299696491754854,69.0
9.510960233947475,0.24353400222965443,0.0033299696491754854,43.0
9.510960233947475,0.26929030721600383,0.0033299696491754854,95.0
9.510960233947475,0.29235267656320285,0.0009975010992155624,123.0
9.510960233947475,0.32044292783729406,-0.0006653147311407463,116.0
9.510960233947475,0.3489570759499783,-0.0009850334794982228,137.0
9.510960233947475,0.37469806763285024,-0.0009850334794982228,65.0
9.510960233947475,0.3927848467322152,-0.0009850334794982228,109.0
9.510960233947475,0.42031767225792094,-0.0009850334794982228,106.0
9.510960233947475,0.43814874264312464,-0.0009850334794982228,81.0
9.510960233947475,0.46675687866486243,-0.0009850334794982228,100.0
9.510960233947475,0.48362570859506665,-0.0011516514034046299,52.0
9.510960233947475,0.49959083469721766,-0.0011516514034046299,132.0
9.510960233947475,0.5060415024954033,-0.0013632519772063419,62.0
9.510960233947475,0.5311720884244442,-0.0013632519772063419,134.0
9.510960233947475,0.5571807327532519,-0.0013632519772063419,114.0
9.510960233947475,0.5822948446145095,-0.0013632519772063419,173.0
9.510960233947475,0.6035066183042446,-0.0013632519772063419,108.0
9.510960233947475,0.6217458364537641,-0.0013632519772063419,143.0
9.510960233947475,0.6456939488551887,-0.0013632519772063419,100.0
9.510960233947475,0.6999501495513459,-0.0013632519772063419,212.0
13.74357800386122,0.0,0.004436795853208836,0.0
13.74357800386122,0.011235955056179803,0.004436795853208836,700.0
13.74357800386122,0.0966962755181549,0.004436795853208836,209.0
13.74357800386122,0.11579414374445429,0.004436795853208836,92.0
13.74357800386122,0.14576743242370865,0.004436795853208836,151.0
13.74357800386122,0.1757182676538277,0.004436795853208836,118.0
13.74357800386122,0.19347230675593433,0.003962023431702538,69.0
13.74357800386122,0.2201694915254237,0.004150054763570192,84.0
13.74357800386122,0.22314560439560438,0.0033299696491754854,26.0
13.74357800386122,0.23155918582438578,0.0033299696491754854,68.0
13.74357800386122,0.24353400222965443,0.0033299696491754854,105.0
13.74357800386122,0.26929030721600383,0.0033299696491754854,116.0
13.74357800386122,0.29235267656320285,0.0009975010992155624,78.0
13.74357800386122,0.32044292783729406,-0.0006653147311407463,110.0
13.74357800386122,0.3489570759499783,-0.0009850334794982228,98.0
13.74357800386122,0.37469806763285024,-0.0009850334794982228,77.0
13.74357800386122,0.3927848467322152,-0.0009850334794982228,76.0
13.74357800386122,0.42031767225792094,-0.0009850334794982228,59.0
13.74357800386122,0.43814874264312464,-0.0009850334794982228,94.0
13.74357800386122,0.46675687866486243,-0.0009850334794982228,109.0
13.74357800386122,0.48362570859506665,-0.0011516514034046299,82.0
13.74357800386122,0.49959083469721766,-0.0011516514034046299,175.0
13.74357800386122,0.5060415024954033,-0.0013632519772063419,79.0
13.74357800386122,0.5311720884244442,-0.0013632519772063419,88.0
13.74357800386122,0.5571807327532519,-0.0013632519772063419,157.0
13.74357800386122,0.5822948446145095,-0.0013632519772063419,153.0
13.74357800386122,0.6035066183042446,-0.0013632519772063419,162.0
13.74357800386122,0.6217458364537641,-0.0013632519772063419,200.0
13.74357800386122,0.6456939488551887,-0.0013632519772063419,135.0
13.74357800386122,0.6999501495513459,-0.0013632519772063419,194.0
19.077122610328797,0.0,0.004436795853208836,0.0
19.077122610328797,0.011235955056179803,0.004436795853208836,733.0
19.077122610328797,0.0966962755181549,0.004436795853208836,171.0
19.077122610328797,0.11579414374445429,0.004436795853208836,93.0
19.077122610328797,0.14576743242370865,0.004436795853208836,156.0
19.077122610328797,0.1757182676538277,0.004436795853208836,189.0
19.077122610328797,0.19347230675593433,0.003962023431702538,72.0
19.077122610328797,0.2201694915254237,0.004150054763570192,145.0
19.077122610328797,0.22314560439560438,0.0033299696491754854,13.0
19.077122610328797,0.23155918582438578,0.0033299696491754854,109.0
19.077122610328797,0.24353400222965443,0.0033299696491754854,79.0
19.077122610328797,0.26929030721600383,0.0033299696491754854,71.0
19.077122610328797,0.29235267656320285,0.0009975010992155624,86.0
19.077122610328797,0.32044292783729406,-0.0006653147311407463,120.0
19.077122610328797,0.3489570759499783,-0.0009850334794982228,140.0
19.077122610328797,0.37469806763285024,-0.0009850334794982228,142.0
19.077122610328797,0.3927848467322152,-0.0009850334794982228,180.0
19.077122610328797,0.42031767225792094,-0.0009850334794982228,98.0
19.077122610328797,0.43814874264312464,-0.0009850334794982228,92.0
19.077122610328797,0.46675687866486243,-0.0009850334794982228,80.0
19.077122610328797,0.48362570859506665,-0.0011516514034046299,69.0
19.077122610328797,0.49959083469721766,-0.0011516514034046299,128.0
19.077122610328797,0.5060415024954033,-0.0013632519772063419,132.0
19.077122610328797,0.5311720884244442,-0.0013632519772063419,81.0
19.077122610328797,0.5571807327532519,-0.0013632519772063419,87.0
19.077122610328797,0.5822948446145095,-0.0013632519772063419,117.0
19.077122610328797,0.6035066183042446,-0.0013632519772063419,150.0
19.077122610328797,0.6217458364537641,-0.0013632519772063419,106.0
19.077122610328797,0.6456939488551887,-0.0013632519772063419,120.0
19.077122610328797,0.6999501495513459,-0.0013632519772063419,194.0
27.843841948542405,0.0,0.004436795853208836,0.0
27.843841948542405,0.011235955056179803,0.004436795853208836,721.0
27.843841948542405,0.0966962755181549,0.004436795853208836,166.0
27.843841948542405,0.11579414374445429,0.004436795853208836,81.0
27.843841948542405,0.14576743242370865,0.004436795853208836,173.0
27.843841948542405,0.1757182676538277,0.004436795853208836,156.0
27.843841948542405,0.19347230675593433,0.003962023431702538,115.0
27.843841948542405,0.2201694915254237,0.004150054763570192,174.0
27.843841948542405,0.22314560439560438,0.0033299696491754854,36.0
27.843841948542405,0.23155918582438578,0.0033299696491754854,83.0
27.843841948542405,0.24353400222965443,0.0033299696491754854,257.0
27.843841948542405,0.26929030721600383,0.0033299696491754854,142.0
27.843841948542405,0.29235267656320285,0.0009975010992155624,126.0
27.843841948542405,0.32044292783729406,-0.0006653147311407463,82.0
27.843841948542405,0.3489570759499783,-0.0009850334794982228,108.0
27.843841948542405,0.37469806763285024,-0.0009850334794982228,139.0
27.843841948542405,0.3927848467322152,-0.0009850334794982228,107.0
27.843841948542405,0.42031767225792094,-0.0009850334794982228,79.0
27.843841948542405,0.43814874264312464,-0.0009850334794982228,123.0
27.843841948542405,0.46675687866486243,-0.0009850334794982228,84.0
27.843841948542405,0.48362570859506665,-0.0011516514034046299,91.0
27.843841948542405,0.49959083469721766,-0.0011516514034046299,122.0
27.843841948542405,0.5060415024954033,-0.0013632519772063419,77.0
27.843841948542405,0.5311720884244442,-0.0013632519772063419,148.0
27.843841948542405,0.5571807327532519,-0.0013632519772063419,90.0
27.843841948542405,0.5822948446145095,-0.0013632519772063419,107.0
27.843841948542405,0.6035066183042446,-0.0013632519772063419,135.0
27.843841948542405,0.6217458364537641,-0.0013632519772063419,82.0
27.843841948542405,0.6456939488551887,-0.0013632519772063419,107.0
27.843841948542405,0.6999501495513459,-0.0013632519772063419,108.0
38.7166170146441,0.0,0.004436795853208836,0.0
38.7166170146441,0.011235955056179803,0.004436795853208836,508.0
38.7166170146441,0.0966962755181549,0.004436795853208836,109.0
38.7166170146441,0.11579414374445429,0.004436795853208836,144.0
38.7166170146441,0.14576743242370865,0.004436795853208836,131.0
38.7166170146441,0.1757182676538277,0.004436795853208836,129.0
38.7166170146441,0.19347230675593433,0.003962023431702538,111.0
38.7166170146441,0.2201694915254237,0.004150054763570192,98.0
38.7166170146441,0.22314560439560438,0.0033299696491754854,107.0
38.7166170146441,0.23155918582438578,0.0033299696491754854,46.0
38.7166170146441,0.24353400222965443,0.0033299696491754854,116.0
38.7166170146441,0.26929030721600383,0.0033299696491754854,112.0
38.7166170146441,0.29235267656320285,0.0009975010992155624,198.0
38.7166170146441,0.32044292783729406,-0.0006653147311407463,123.0
38.7166170146441,0.3489570759499783,-0.0009850334794982228,122.0
38.7166170146441,0.37469806763285024,-0.0009850334794982228,94.0
38.7166170146441,0.3927848467322152,-0.0009850334794982228,80.0
38.7166170146441,0.42031767225792094,-0.0009850334794982228,65.0
38.7166170146441,0.43814874264312464,-0.0009850334794982228,117.0
38.7166170146441,0.46675687866486243,-0.0009850334794982228,102.0
38.7166170146441,0.48362570859506665,-0.0011516514034046299,285.0
38.7166170146441,0.49959083469721766,-0.0011516514034046299,233.0
38.7166170146441,0.5060415024954033,-0.0013632519772063419,83.0
38.7166170146441,0.5311720884244442,-0.0013632519772063419,151.0
38.7166170146441,0.5571807327532519,-0.0013632519772063419,115.0
38.7166170146441,0.5822948446145095,-0.0013632519772063419,56.0
38.7166170146441,0.6035066183042446,-0.0013632519772063419,366.0
38.7166170146441,0.6217458364537641,-0.0013632519772063419,56.0
38.7166170146441,0.6456939488551887,-0.0013632519772063419,70.0
38.7166170146441,0.6999501495513459,-0.0013632519772063419,63.0
57.50140806713743,0.0,0.0049474055017763195,0.0
57.50140806713743,0.011235955056179803,0.0049474055017763195,836.0
57.50140806713743,0.0966962755181549,0.0049474055017763195,159.0
57.50140806713743,0.11579414374445429,0.0049474055017763195,97.0
57.50140806713743,0.14576743242370865,0.004182003721691712,152.0
57.50140806713743,0.1757182676538277,0.004182003721691712,153.0
57.50140806713743,0.19347230675593433,0.0020930077604447315,111.0
57.50140806713743,0.2201694915254237,0.0020930077604447315,154.0
57.50140806713743,0.22314560439560438,-0.0024317115512941826,154.0
57.50140806713743,0.23155918582438578,-0.0024317115512941826,50.0
57.50140806713743,0.24353400222965443,-0.0024317115512941826,211.0
57.50140806713743,0.26929030721600383,-0.0024317115512941826,129.0
57.50140806713743,0.29235267656320285,-0.0047641801012541065,208.0
57.50140806713743,0.32044292783729406,-0.009415073838881263,115.0
57.50140806713743,0.3489570759499783,-0.013276874906682173,147.0
57.50140806713743,0.37469806763285024,-0.013276874906682173,129.0
57.50140806713743,0.3927848467322152,-0.013276874906682173,86.0
57.50140806713743,0.42031767225792094,-0.013276874906682173,157.0
57.50140806713743,0.43814874264312464,-0.013276874906682173,185.0
57.50140806713743,0.46675687866486243,-0.013276874906682173,95.0
57.50140806713743,0.48362570859506665,-0.01344349283058858,56.0
57.50140806713743,0.49959083469721766,-0.01344349283058858,90.0
57.50140806713743,0.5060415024954033,-0.013655093404390292,141.0
57.50140806713743,0.5311720884244442,-0.013655093404390292,73.0
57.50140806713743,0.5571807327532519,-0.013655093404390292,84.0
57.50140806713743,0.5822948446145095,-0.013655093404390292,57.0
57.50140806713743,0.6035066183042446,-0.013655093404390292,78.0
57.50140806713743,0.6217458364537641,-0.013655093404390292,31.0
57.50140806713743,0.6456939488551887,-0.013655093404390292,74.0
57.50140806713743,0.6999501495513459,-0.013655093404390292,45.0
80.87549654177042,0.0,0.0049474055017763195,0.0
80.87549654177042,0.011235955056179803,0.0049474055017763195,784.0
80.87549654177042,0.0966962755181549,0.0049474055017763195,96.0
80.87549654177042,0.11579414374445429,0.0049474055017763195,194.0
80.87549654177042,0.14576743242370865,0.004182003721691712,110.0
80.87549654177042,0.1757182676538277,0.004182003721691712,62.0
80.87549654177042,0.19347230675593433,0.0020930077604447315,75.0
80.87549654177042,0.2201694915254237,0.0020930077604447315,89.0
80.87549654177042,0.22314560439560438,-0.0024317115512941826,494.0
80.87549654177042,0.23155918582438578,-0.0024317115512941826,149.0
80.87549654177042,0.24353400222965443,-0.0024317115512941826,365.0
80.87549654177042,0.26929030721600383,-0.0024317115512941826,85.0
80.87549654177042,0.29235267656320285,-0.0047641801012541065,119.0
80.87549654177042,0.32044292783729406,-0.009415073838881263,89.0
80.87549654177042,0.3489570759499783,-0.013276874906682173,92.0
80.87549654177042,0.37469806763285024,-0.013276874906682173,92.0
80.87549654177042,0.3927848467322152,-0.013276874906682173,46.0
80.87549654177042,0.42031767225792094,-0.013276874906682173,123.0
80.87549654177042,0.43814874264312464,-0.013276874906682173,94.0
80.87549654177042,0.46675687866486243,-0.013276874906682173,66.0
80.87549654177042,0.48362570859506665,-0.01344349283058858,153.0
80.87549654177042,0.49959083469721766,-0.01344349283058858,43.0
80.87549654177042,0.5060415024954033,-0.013655093404390292,97.0
80.87549654177042,0.5311720884244442,-0.013655093404390292,51.0
80.87549654177042,0.5571807327532519,-0.013655093404390292,96.0
80.87549654177042,0.5822948446145095,-0.013655093404390292,45.0
80.87549654177042,0.6035066183042446,-0.013655093404390292,71.0
80.87549654177042,0.6217458364537641,-0.013655093404390292,74.0
80.87549654177042,0.6456939488551887,-0.013655093404390292,106.0
80.87549654177042,0.6999501495513459,-0.013655093404390292,47.0
120.2955585954804,0.0,0.0049474055017763195,0.0
120.2955585954804,0.011235955056179803,0.0049474055017763195,838.0
120.2955585954804,0.0966962755181549,0.0049474055017763195,102.0
120.2955585954804,0.11579414374445429,0.0049474055017763195,102.0
120.2955585954804,0.14576743242370865,0.004182003721691712,109.0
120.2955585954804,0.1757182676538277,0.004182003721691712,88.0
120.2955585954804,0.19347230675593433,0.0020930077604447315,46.0
120.2955585954804,0.2201694915254237,0.0020930077604447315,132.0
120.2955585954804,0.22314560439560438,-0.0024317115512941826,98.0
120.2955585954804,0.23155918582438578,-0.0024317115512941826,119.0
120.2955585954804,0.24353400222965443,-0.0024317115512941826,152.0
120.2955585954804,0.26929030721600383,-0.0024317115512941826,71.0
120.2955585954804,0.29235267656320285,-0.0047641801012541065,75.0
120.2955585954804,0.32044292783729406,-0.009415073838881263,94.0
120.2955585954804,0.3489570759499783,-0.013276874906682173,130.0
120.2955585954804,0.37469806763285024,-0.013276874906682173,124.0
120.2955585954804,0.3927848467322152,-0.013276874906682173,81.0
120.2955585954804,0.42031767225792094,-0.013276874906682173,115.0
120.2955585954804,0.43814874264312464,-0.013276874906682173,253.0
120.2955585954804,0.46675687866486243,-0.013276874906682173,99.0
120.2955585954804,0.48362570859506665,-0.01344349283058858,381.0
120.2955585954804,0.49959083469721766,-0.01344349283058858,57.0
120.2955585954804,0.5060415024954033,-0.013655093404390292,216.0
120.2955585954804,0.5311720884244442,-0.013655093404390292,76.0
120.2955585954804,0.5571807327532519,-0.013655093404390292,152.0
120.2955585954804,0.5822948446145095,-0.013655093404390292,52.0
120.2955585954804,0.6035066183042446,-0.013655093404390292,56.0
120.2955585954804,0.6217458364537641,-0.013655093404390292,48.0
120.2955585954804,0.6456939488551887,-0.013655093404390292,74.0
120.2955585954804,0.6999501495513459,-0.013655093404390292,47.0
163.0674118508535,0.0,0.0049474055017763195,0.0
163.0674118508535,0.011235955056179803,0.0049474055017763195,921.0
163.0674118508535,0.0966962755181549,0.0049474055017763195,155.0
163.0674118508535,0.11579414374445429,0.0049474055017763195,161.0
163.0674118508535,0.14576743242370865,0.004182003721691712,114.0
163.0674118508535,0.1757182676538277,0.004182003721691712,104.0
163.0674118508535,0.19347230675593433,0.0020930077604447315,71.0
163.0674118508535,0.2201694915254237,0.0020930077604447315,114.0
163.0674118508535,0.22314560439560438,-0.0024317115512941826,172.0
163.0674118508535,0.23155918582438578,-0.0024317115512941826,208.0
163.0674118508535,0.24353400222965443,-0.0024317115512941826,87.0
163.0674118508535,0.26929030721600383,-0.0024317115512941826,73.0
163.0674118508535,0.29235267656320285,-0.0047641801012541065,120.0
163.0674118508535,0.32044292783729406,-0.009415073838881263,107.0
163.0674118508535,0.3489570759499783,-0.013276874906682173,107.0
163.0674118508535,0.37469806763285024,-0.013276874906682173,73.0
163.0674118508535,0.3927848467322152,-0.013276874906682173,104.0
163.0674118508535,0.42031767225792094,-0.013276874906682173,87.0
163.0674118508535,0.43814874264312464,-0.013276874906682173,81.0
163.0674118508535,0.46675687866486243,-0.013276874906682173,48.0
163.0674118508535,0.48362570859506665,-0.01344349283058858,67.0
163.0674118508535,0.49959083469721766,-0.01344349283058858,75.0
163.0674118508535,0.5060415024954033,-0.013655093404390292,415.0
163.0674118508535,0.5311720884244442,-0.013655093404390292,58.0
163.0674118508535,0.5571807327532519,-0.013655093404390292,78.0
163.0674118508535,0.5822948446145095,-0.013655093404390292,57.0
163.0674118508535,0.6035066183042446,-0.013655093404390292,67.0
163.0674118508535,0.6217458364537641,-0.013655093404390292,123.0
163.0674118508535,0.6456939488551887,-0.013655093404390292,130.0
163.0674118508535,0.6999501495513459,-0.013655093404390292,46.0
213.85652479480154,0.0,0.0049474055017763195,0.0
213.85652479480154,0.011235955056179803,0.0049474055017763195,975.0
213.85652479480154,0.0966962755181549,0.0049474055017763195,189.0
213.85652479480154,0.11579414374445429,0.0049474055017763195,232.0
213.85652479480154,0.14576743242370865,0.004182003721691712,191.0
213.85652479480154,0.1757182676538277,0.004182003721691712,134.0
213.85652479480154,0.19347230675593433,0.0020930077604447315,215.0
213.85652479480154,0.2201694915254237,0.0020930077604447315,91.0
213.85652479480154,0.22314560439560438,-0.0024317115512941826,145.0
213.85652479480154,0.23155918582438578,-0.0024317115512941826,195.0
213.85652479480154,0.24353400222965443,-0.0024317115512941826,111.0
213.85652479480154,0.26929030721600383,-0.0024317115512941826,84.0
213.85652479480154,0.29235267656320285,-0.0047641801012541065,89.0
213.85652479480154,0.32044292783729406,-0.009415073838881263,84.0
213.85652479480154,0.3489570759499783,-0.013276874906682173,87.0
213.85652479480154,0.37469806763285024,-0.013276874906682173,74.0
213.85652479480154,0.3927848467322152,-0.013276874906682173,146.0
213.85652479480154,0.42031767225792094,-0.013276874906682173,82.0
213.85652479480154,0.43814874264312464,-0.013276874906682173,102.0
213.85652479480154,0.46675687866486243,-0.013276874906682173,58.0
213.85652479480154,0.48362570859506665,-0.01344349283058858,74.0
213.85652479480154,0.49959083469721766,-0.01344349283058858,67.0
213.85652479480154,0.5060415024954033,-0.013655093404390292,140.0
213.85652479480154,0.5311720884244442,-0.013655093404390292,89.0
213.85652479480154,0.5571807327532519,-0.013655093404390292,118.0
213.85652479480154,0.5822948446145095,-0.013655093404390292,30.0
213.85652479480154,0.6035066183042446,-0.013655093404390292,68.0
213.85652479480154,0.6217458364537641,-0.013655093404390292,72.0
213.85652479480154,0.6456939488551887,-0.013655093404390292,72.0
213.85652479480154,0.6999501495513459,-0.013655093404390292,32.0
268.73505554406097,0.0,0.0049474055017763195,0.0
268.73505554406097,0.011235955056179803,0.0049474055017763195,1350.0
268.73505554406097,0.0966962755181549,0.0049474055017763195,120.0
268.73505554406097,0.11579414374445429,0.0049474055017763195,247.0
268.73505554406097,0.14576743242370865,0.004182003721691712,128.0
268.73505554406097,0.1757182676538277,0.004182003721691712,92.0
268.73505554406097,0.19347230675593433,0.0020930077604447315,66.0
268.73505554406097,0.2201694915254237,0.0020930077604447315,68.0
268.73505554406097,0.22314560439560438,-0.0024317115512941826,111.0
268.73505554406097,0.23155918582438578,-0.0024317115512941826,412.0
268.73505554406097,0.24353400222965443,-0.0024317115512941826,81.0
268.73505554406097,0.26929030721600383,-0.0024317115512941826,88.0
268.73505554406097,0.29235267656320285,-0.0047641801012541065,129.0
268.73505554406097,0.32044292783729406,-0.009415073838881263,102.0
268.73505554406097,0.3489570759499783,-0.013276874906682173,55.0
268.73505554406097,0.37469806763285024,-0.013276874906682173,97.0
268.73505554406097,0.3927848467322152,-0.013276874906682173,64.0
268.73505554406097,0.42031767225792094,-0.013276874906682173,114.0
268.73505554406097,0.43814874264312464,-0.013276874906682173,84.0
268.73505554406097,0.46675687866486243,-0.013276874906682173,39.0
268.73505554406097,0.48362570859506665,-0.01344349283058858,65.0
268.73505554406097,0.49959083469721766,-0.01344349283058858,77.0
268.73505554406097,0.5060415024954033,-0.013655093404390292,77.0
268.73505554406097,0.5311720884244442,-0.013655093404390292,56.0
268.73505554406097,0.5571807327532519,-0.013655093404390292,94.0
268.73505554406097,0.5822948446145095,-0.013655093404390292,32.0
268.73505554406097,0.6035066183042446,-0.013655093404390292,25.0
268.73505554406097,0.6217458364537641,-0.013655093404390292,35.0
268.73505554406097,0.6456939488551887,-0.013655093404390292,126.0
268.73505554406097,0.6999501495513459,-0.013655093404390292,54.0
364.59302286320667,0.0,0.0049474055017763195,0.0
364.59302286320667,0.011235955056179803,0.0049474055017763195,1026.0
364.59302286320667,0.0966962755181549,0.0049474055017763195,116.0
364.59302286320667,0.11579414374445429,0.0049474055017763195,182.0
364.59302286320667,0.14576743242370865,0.004182003721691712,120.0
364.59302286320667,0.1757182676538277,0.004182003721691712,113.0
364.59302286320667,0.19347230675593433,0.0020930077604447315,150.0
364.59302286320667,0.2201694915254237,0.0020930077604447315,100.0
364.59302286320667,0.22314560439560438,-0.0024317115512941826,161.0
364.59302286320667,0.23155918582438578,-0.0024317115512941826,177.0
364.59302286320667,0.24353400222965443,-0.0024317115512941826,121.0
364.59302286320667,0.26929030721600383,-0.0024317115512941826,91.0
364.59302286320667,0.29235267656320285,-0.0047641801012541065,72.0
364.59302286320667,0.32044292783729406,-0.009415073838881263,83.0
364.59302286320667,0.3489570759499783,-0.013276874906682173,52.0
364.59302286320667,0.37469806763285024,-0.013276874906682173,84.0
364.59302286320667,0.3927848467322152,-0.013276874906682173,59.0
364.59302286320667,0.42031767225792094,-0.013276874906682173,123.0
364.59302286320667,0.43814874264312464,-0.013276874906682173,61.0
364.59302286320667,0.46675687866486243,-0.013276874906682173,54.0
364.59302286320667,0.48362570859506665,-0.01344349283058858,165.0
364.59302286320667,0.49959083469721766,-0.01344349283058858,97.0
364.59302286320667,0.5060415024954033,-0.013655093404390292,121.0
364.59302286320667,0.5311720884244442,-0.013655093404390292,42.0
364.59302286320667,0.5571807327532519,-0.013655093404390292,194.0
364.59302286320667,0.5822948446145095,-0.013655093404390292,23.0
364.59302286320667,0.6035066183042446,-0.013655093404390292,40.0
364.59302286320667,0.6217458364537641,-0.013655093404390292,39.0
364.59302286320667,0.6456939488551887,-0.013655093404390292,244.0
364.59302286320667,0.6999501495513459,-0.013655093404390292,86.0
429.72073625422615,0.0,0.0049474055017763195,0.0
429.72073625422615,0.011235955056179803,0.0049474055017763195,2071.0
429.72073625422615,0.0966962755181549,0.0049474055017763195,25.0
429.72073625422615,0.11579414374445429,0.0049474055017763195,500.0
429.72073625422615,0.14576743242370865,0.004182003721691712,58.0
429.72073625422615,0.1757182676538277,0.004182003721691712,44.0
429.72073625422615,0.19347230675593433,0.0020930077604447315,101.0
429.72073625422615,0.2201694915254237,0.0020930077604447315,34.0
429.72073625422615,0.22314560439560438,-0.0024317115512941826,155.0
429.72073625422615,0.23155918582438578,-0.0024317115512941826,53.0
429.72073625422615,0.24353400222965443,-0.0024317115512941826,132.0
429.72073625422615,0.26929030721600383,-0.0024317115512941826,40.0
429.72073625422615,0.29235267656320285,-0.0047641801012541065,95.0
429.72073625422615,0.32044292783729406,-0.009415073838881263,56.0
429.72073625422615,0.3489570759499783,-0.013276874906682173,26.0
429.72073625422615,0.37469806763285024,-0.013276874906682173,36.0
429.72073625422615,0.3927848467322152,-0.013276874906682173,31.0
429.72073625422615,0.42031767225792094,-0.013276874906682173,20.0
429.72073625422615,0.43814874264312464,-0.013276874906682173,95.0
429.72073625422615,0.46675687866486243,-0.013276874906682173,20.0
429.72073625422615,0.48362570859506665,-0.01344349283058858,32.0
429.72073625422615,0.49959083469721766,-0.01344349283058858,33.0
429.72073625422615,0.5060415024954033,-0.013655093404390292,32.0
429.72073625422615,0.5311720884244442,-0.013655093404390292,70.0
429.72073625422615,0.5571807327532519,-0.013655093404390292,46.0
429.72073625422615,0.5822948446145095,-0.013655093404390292,23.0
429.72073625422615,0.6035066183042446,-0.013655093404390292,38.0
429.72073625422615,0.6217458364537641,-0.013655093404390292,46.0
429.72073625422615,0.6456939488551887,-0.013655093404390292,31.0
429.72073625422615,0.6999501495513459,-0.013655093404390292,45.0
