d,d_grp,fd
1,"(0, 1]",0.23492942784666526
2,"(1, 2]",0.08843365517445777
3,"(2, 3]",0.06583236328647461
4,"(3, 4]",0.04268769843062213
5,"(4, 5]",0.03487578023608805
6,"(5, 6]",0.02780462435697151
7,"(6, 7]",0.022776707594497934
8,"(7, 8]",0.018902384515434075
9,"(8, 9]",0.017376779902849217
10,"(9, 10]",0.014930818399580185
11,"(10, 11]",0.013397344631199888
12,"(11, 12]",0.01217219609417994
13,"(12, 13]",0.011254547862957043
14,"(13, 14]",0.010632849638958984
15,"(14, 15]",0.009967162341996353
16,"(15, 16]",0.008965933550806096
17,"(16, 17]",0.00907773481313309
18,"(17, 18]",0.007723110276529353
19,"(18, 19]",0.007499575842404193
20,"(19, 20]",0.006951368653020151
21,"(20, 21]",0.0060331602245984285
22,"(21, 22]",0.005605471905076299
23,"(22, 23]",0.005131732496823118
24,"(23, 24]",0.005122089077545606
25,"(24, 25]",0.004907458201790367
26,"(25, 26]",0.0045314544127379045
27,"(26, 27]",0.004025070449914253
28,"(27, 28]",0.0037338294663742757
29,"(28, 29]",0.004031766678259032
30,"(29, 30]",0.003757362029513693
31,"(30, 31]",0.0031898365423528785
32,"(31, 32]",0.0031016804541862094
33,"(32, 33]",0.003028503915478628
34,"(33, 34]",0.0028327678295606714
35,"(34, 35]",0.0027613690117932075
36,"(35, 36]",0.00273204624045368
37,"(36, 37]",0.0026392903389119097
38,"(37, 38]",0.00245533151098727
39,"(38, 39]",0.0023057462650494884
40,"(39, 40]",0.0023286519914069727
41,"(40, 41]",0.002094788671032654
42,"(41, 42]",0.002126580063620334
43,"(42, 43]",0.001920643912998666
44,"(43, 44]",0.0019261242635088376
45,"(44, 45]",0.0018893501279245762
46,"(45, 46]",0.0017557042718382542
47,"(46, 47]",0.002009308446407109
48,"(47, 48]",0.0013944685736172959
49,"(48, 49]",0.0015263258078733026
50,"(49, 50]",0.0016378565621763788
51,"(50, 51]",0.0019041199582140009
52,"(51, 52]",0.0015233103783987621
53,"(52, 53]",0.001448737988288919
54,"(53, 54]",0.0016373489548694364
55,"(54, 55]",0.0015648458136989674
56,"(55, 56]",0.0016383900308696454
57,"(56, 57]",0.0014172528983376763
58,"(57, 58]",0.001492932715476199
59,"(58, 59]",0.0015281375761886165
60,"(59, 60]",0.001483188036408275
61,"(60, 61]",0.0013279557612633909
62,"(61, 62]",0.0013670109492867617
63,"(62, 63]",0.0015704914949786137
64,"(63, 64]",0.0014062244170041326
65,"(64, 65]",0.0013379051445140825
66,"(65, 66]",0.0014474882522597758
67,"(66, 67]",0.001437018077629371
68,"(67, 68]",0.0014903170002320207
69,"(68, 69]",0.0013886436595820558
70,"(69, 70]",0.001342129616614747
71,"(70, 71]",0.0012053722927735618
72,"(71, 72]",0.0010339123578697992
73,"(72, 73]",0.0011210996575536805
74,"(73, 74]",0.0009220509503350202
75,"(74, 75]",0.0009210857725253265
76,"(75, 76]",0.0009986940266429856
77,"(76, 77]",0.0010562487957742049
78,"(77, 78]",0.0009613280137421478
79,"(78, 79]",0.0007998356839681556
80,"(79, 80]",0.0008239718394815621
81,"(80, 81]",0.0008853643746775967
82,"(81, 82]",0.0009525234226927744
83,"(82, 83]",0.0008220869281019293
84,"(83, 84]",0.0009247848743870364
85,"(84, 85]",0.0010152598936373663
86,"(85, 86]",0.0011676021229182652
87,"(86, 87]",0.0010764846232620407
88,"(87, 88]",0.0011475909696898182
89,"(88, 89]",0.0011000653478812623
90,"(89, 90]",0.0009044106365307056
91,"(90, 91]",0.0010882037310460493
92,"(91, 92]",0.0008473696690125677
93,"(92, 93]",0.0009238532468311651
94,"(93, 94]",0.0007967124550192652
95,"(94, 95]",0.000837790249748671
96,"(95, 96]",0.0007751939493269655
97,"(96, 97]",0.0007866553782928668
98,"(97, 98]",0.0006300348662371836
99,"(98, 99]",0.0006598665548066176
100,"(99, 100]",0.0006975636258318529
101,"(100, 101]",0.0006136692762780147
102,"(101, 102]",0.0005479477762290089
103,"(102, 103]",0.0005633530251519782
104,"(103, 104]",0.0006919897004899244
105,"(104, 105]",0.0006014856122673491
106,"(105, 106]",0.0005820728719325242
107,"(106, 107]",0.0006984839134664035
108,"(107, 108]",0.0007112017384727322
109,"(108, 109]",0.0006910406215059048
110,"(109, 110]",0.000681495361870508
111,"(110, 111]",0.0007689873235903239
112,"(111, 112]",0.000582337621974076
113,"(112, 113]",0.0006020010225524196
114,"(113, 114]",0.0004756000751578638
115,"(114, 115]",0.000558676815251618
116,"(115, 116]",0.0005162935748005374
117,"(116, 117]",0.0005287472075082911
118,"(117, 118]",0.000670556286167474
119,"(118, 119]",0.0005691742557200923
120,"(119, 120]",0.00043855008956032444
121,"(120, 121]",0.0005060116629728519
122,"(121, 122]",0.000587578785169313
123,"(122, 123]",0.0004417260857081632
124,"(123, 124]",0.00044861902467159087
125,"(124, 125]",0.0005765240451598387
126,"(125, 126]",0.0005967637461244167
127,"(126, 127]",0.0007080345297161379
128,"(127, 128]",0.0005883500637229176
129,"(128, 129]",0.0006424985420021876
130,"(129, 130]",0.0005265899531777879
131,"(130, 131]",0.0004342913543940407
132,"(131, 132]",0.0004727567451339769
133,"(132, 133]",0.0004677148659994479
134,"(133, 134]",0.000662670729684557
135,"(134, 135]",0.0007895923349559357
136,"(135, 136]",0.000850625429161967
137,"(136, 137]",0.0007408541535088399
138,"(137, 138]",0.0005023161808657499
139,"(138, 139]",0.0005718028872378633
140,"(139, 140]",0.0005798867856793514
141,"(140, 141]",0.00047551732256113856
142,"(141, 142]",0.0004008496015687138
143,"(142, 143]",0.00041096310189886416
144,"(143, 144]",0.0005011412035047748
145,"(144, 145]",0.00046103662645657364
146,"(145, 146]",0.0005763452669007903
147,"(146, 147]",0.0005905151839488661
148,"(147, 148]",0.000706576161361962
149,"(148, 149]",0.0005288550507120637
150,"(149, 150]",0.0005715222163688948
151,"(150, 151]",0.0005920968159366058
152,"(151, 152]",0.0005535572878006761
153,"(152, 153]",0.0005003111897855161
154,"(153, 154]",0.0004971612330752469
155,"(154, 155]",0.0007170593535919966
156,"(155, 156]",0.0006219485912288872
157,"(156, 157]",0.0006708245698432583
158,"(157, 158]",0.0006151678128756096
159,"(158, 159]",0.0006409015597476252
160,"(159, 160]",0.0008120119084044752
161,"(160, 161]",0.0008155231597737532
162,"(161, 162]",0.0008084105023534251
163,"(162, 163]",0.0006187370666246636
164,"(163, 164]",0.0006032286536327736
165,"(164, 165]",0.00066195870724952
166,"(165, 166]",0.0005747708246332842
167,"(166, 167]",0.0005109056845428655
168,"(167, 168]",0.0005754639681033627
169,"(168, 169]",0.0007546436034337813
170,"(169, 170]",0.0006504943003525449
171,"(170, 171]",0.0005134491612634245
172,"(171, 172]",0.0005403298661028153
173,"(172, 173]",0.0007207391778975425
174,"(173, 174]",0.0006389283645811255
175,"(174, 175]",0.0006812568474178637
176,"(175, 176]",0.0004941938131946666
177,"(176, 177]",0.000475512013430331
178,"(177, 178]",0.0005174673957585849
179,"(178, 179]",0.0004627129227776686
180,"(179, 180]",0.0005835916460632194
181,"(180, 181]",0.0004900383465661308
182,"(181, 182]",0.000588112660124939
183,"(182, 183]",0.0005403764259770841
184,"(183, 184]",0.0004762198541047913
185,"(184, 185]",0.0005287607557549783
186,"(185, 186]",0.0005014104511646074
187,"(186, 187]",0.0004865889728235615
188,"(187, 188]",0.00039614601120987715
189,"(188, 189]",0.0005021285268967331
190,"(189, 190]",0.000618640461873769
191,"(190, 191]",0.0005855750996701332
192,"(191, 192]",0.0005854676090812145
193,"(192, 193]",0.0007150451301388096
194,"(193, 194]",0.000573861338549323
195,"(194, 195]",0.0006165766641368168
196,"(195, 196]",0.0006216667035653624
197,"(196, 197]",0.0007030426536122327
198,"(197, 198]",0.0003936333996883553
199,"(198, 199]",0.0004929394980048091
200,"(199, 200]",0.000546491700934212
201,"(200, 201]",0.0005622694626873623
202,"(201, 202]",0.0005563966161856628
203,"(202, 203]",0.00041828027979575095
204,"(203, 204]",0.0003567285402937623
205,"(204, 205]",0.00041546257909261654
206,"(205, 206]",0.0004580068630032421
207,"(206, 207]",0.0003661897879681142
208,"(207, 208]",0.0003410932405516172
209,"(208, 209]",0.0004886575234888341
210,"(209, 210]",0.0004753715579827012
211,"(210, 211]",0.0003644919012787936
212,"(211, 212]",0.00044039060839348384
213,"(212, 213]",0.0004703360234517668
214,"(213, 214]",0.0003827435110780761
215,"(214, 215]",0.0004563843094536141
216,"(215, 216]",0.0003715100090359938
217,"(216, 217]",0.00033528546367913355
218,"(217, 218]",0.0003080189675398492
219,"(218, 219]",0.00041343522492690206
220,"(219, 220]",0.0003062131263059479
221,"(220, 221]",0.000456693778472903
222,"(221, 222]",0.0003477695545192135
223,"(222, 223]",0.00043812313085535455
224,"(223, 224]",0.0005005034544384209
225,"(224, 225]",0.00047614676849147363
226,"(225, 226]",0.00041710476905810025
227,"(226, 227]",0.00040710922270356496
228,"(227, 228]",0.00035904685203664113
229,"(228, 229]",0.0003898955904419325
230,"(229, 230]",0.00039977585003947755
231,"(230, 231]",0.0004460334986078702
232,"(231, 232]",0.00039281236943548034
233,"(232, 233]",0.0003618585438433769
234,"(233, 234]",0.00047846678546567285
235,"(234, 235]",0.0004139961447222597
236,"(235, 236]",0.0004690146947811115
237,"(236, 237]",0.000506896139225782
238,"(237, 238]",0.0003991732663465606
239,"(238, 239]",0.0004854669048868316
240,"(239, 240]",0.0005386782049098138
241,"(240, 241]",0.0005896347995938765
242,"(241, 242]",0.0007345750483371315
243,"(242, 243]",0.0007047900826171919
244,"(243, 244]",0.0006379633768174805
245,"(244, 245]",0.0004886607633781305
246,"(245, 246]",0.0005407664631517413
247,"(246, 247]",0.0005792476268886991
248,"(247, 248]",0.0003831872978295637
249,"(248, 249]",0.00037232264527496634
250,"(249, 250]",0.00040561627313266224
251,"(250, 251]",0.00040977063345700354
252,"(251, 252]",0.00044279018348145896
253,"(252, 253]",0.00036489130814711915
254,"(253, 254]",0.00048372103122046794
255,"(254, 255]",0.0006018508404040861
256,"(255, 256]",0.0004553516587428826
257,"(256, 257]",0.0005641089402372646
258,"(257, 258]",0.0005979740710629705
259,"(258, 259]",0.00047846949441485343
260,"(259, 260]",0.00045483981262828315
261,"(260, 261]",0.0005129429261784055
262,"(261, 262]",0.0005335281475233336
263,"(262, 263]",0.0005285126764786879
264,"(263, 264]",0.0004257387608447366
265,"(264, 265]",0.00037768834894691243
266,"(265, 266]",0.00039542252622480606
267,"(266, 267]",0.0005241172067521655
268,"(267, 268]",0.00038012946946621633
269,"(268, 269]",0.000479369525767785
270,"(269, 270]",0.0004180789276901017
271,"(270, 271]",0.0003680997804428751
272,"(271, 272]",0.00043617806495619413
273,"(272, 273]",0.0005221252980802058
274,"(273, 274]",0.0003595498847223556
275,"(274, 275]",0.00033616918970029533
276,"(275, 276]",0.0004071968247513103
277,"(276, 277]",0.0003770950685864989
278,"(277, 278]",0.00029868679726434996
279,"(278, 279]",0.0003272323294051954
280,"(279, 280]",0.0004706198685803588
281,"(280, 281]",0.00035410665359922094
282,"(281, 282]",0.0004081401988331604
283,"(282, 283]",0.0004358121745966475
284,"(283, 284]",0.00039704907562410335
285,"(284, 285]",0.0004260098451158692
286,"(285, 286]",0.000537836437030653
287,"(286, 287]",0.0003061162069452659
288,"(287, 288]",0.0003532292986065366
289,"(288, 289]",0.0003429807971639705
290,"(289, 290]",0.000322233992968647
291,"(290, 291]",0.0002999337929796267
292,"(291, 292]",0.0003554047963851677
293,"(292, 293]",0.0003088141480977239
294,"(293, 294]",0.00019892791232910693
295,"(294, 295]",0.00019882579775567155
296,"(295, 296]",0.00030357739413458323
297,"(296, 297]",0.000268777415408952
298,"(297, 298]",0.00021075817350284302
299,"(298, 299]",0.0002550819376624237
300,"(299, 300]",0.0002012075421767138
301,"(300, 301]",0.00024141872687133978
302,"(301, 302]",0.00030082317068271246
303,"(302, 303]",0.0002472711464008392
304,"(303, 304]",0.00023477937861177877
305,"(304, 305]",0.000273205021383956
306,"(305, 306]",0.0002327662327108388
307,"(306, 307]",0.00037922068437496007
308,"(307, 308]",0.00034166096072773866
309,"(308, 309]",0.0002431410093431149
310,"(309, 310]",0.0003295050237329172
311,"(310, 311]",0.00031541565151032766
312,"(311, 312]",0.0002625871154052196
313,"(312, 313]",0.00039962760726968083
314,"(313, 314]",0.000275653039737517
315,"(314, 315]",0.00025806774674186036
316,"(315, 316]",0.00024774871706592866
317,"(316, 317]",0.0002490496448861206
318,"(317, 318]",0.000202581586524484
319,"(318, 319]",0.00028353087109819953
320,"(319, 320]",0.0002784587717135217
321,"(320, 321]",0.00027997555303264026
322,"(321, 322]",0.00014843849550596515
323,"(322, 323]",0.00022229827102268246
324,"(323, 324]",0.00015999475783896972
325,"(324, 325]",0.00017301018615476348
326,"(325, 326]",0.00014976404561450491
327,"(326, 327]",0.0001935323858573883
328,"(327, 328]",0.0001916649335558387
329,"(328, 329]",0.00025908492249996767
330,"(329, 330]",0.00021008848870826479
331,"(330, 331]",0.0003429644197428795
332,"(331, 332]",0.00027798906732188306
333,"(332, 333]",0.0003786116613740801
334,"(333, 334]",0.0003116790201118575
335,"(334, 335]",0.00033260494951633493
336,"(335, 336]",0.0003067616476835792
337,"(336, 337]",0.00031114225104843495
338,"(337, 338]",0.0002613858852047007
339,"(338, 339]",0.0003501771090833846
340,"(339, 340]",0.00030208338753273537
341,"(340, 341]",0.0003213693798518264
342,"(341, 342]",0.00036540611492356424
343,"(342, 343]",0.0003444746446443692
344,"(343, 344]",0.0003121795763376848
345,"(344, 345]",0.0004278247108622183
346,"(345, 346]",0.00040454998626841224
347,"(346, 347]",0.00039885645754859076
348,"(347, 348]",0.0004150656405033227
349,"(348, 349]",0.00035668740913341
350,"(349, 350]",0.00033958984272125357
351,"(350, 351]",0.00024263171332870398
352,"(351, 352]",0.0003138893174456998
353,"(352, 353]",0.00027077074031298207
354,"(353, 354]",0.00033412051737568947
355,"(354, 355]",0.00040398884898391505
356,"(355, 356]",0.00042661090733651713
357,"(356, 357]",0.00022744572905948607
358,"(357, 358]",0.0001886452464553726
359,"(358, 359]",0.000206176283640353
360,"(359, 360]",0.00022728424891532874
361,"(360, 361]",0.00017802782351062962
362,"(361, 362]",0.00020296578552912291
363,"(362, 363]",0.00019016455743553107
364,"(363, 364]",0.00020140523328458746
365,"(364, 365]",0.00023307587971395266
366,"(365, 366]",0.00025396950886401044
367,"(366, 367]",0.0003322204381731688
368,"(367, 368]",0.000316899607508402
369,"(368, 369]",0.00031145060783135855
370,"(369, 370]",0.0003122319132663594
371,"(370, 371]",0.0002703156758920567
372,"(371, 372]",0.00033237546949082256
373,"(372, 373]",0.0002748797377340013
374,"(373, 374]",0.00026827450399535656
375,"(374, 375]",0.000162975883007637
376,"(375, 376]",0.00018341635421362278
377,"(376, 377]",0.00024378454873647605
378,"(377, 378]",0.000296238467483255
379,"(378, 379]",0.0002761892862433944
380,"(379, 380]",0.00031424626295963677
381,"(380, 381]",0.0002829710269582204
382,"(381, 382]",0.00032708498345328853
383,"(382, 383]",0.0002623291645763282
384,"(383, 384]",0.00037336406671439166
385,"(384, 385]",0.0005618157614541384
386,"(385, 386]",0.0004276345308708819
387,"(386, 387]",0.0005205113923892014
388,"(387, 388]",0.0003783337175452879
389,"(388, 389]",0.00046914430403522013
390,"(389, 390]",0.00040140139156614085
391,"(390, 391]",0.0004927078088400278
392,"(391, 392]",0.000523370810008044
393,"(392, 393]",0.0006673979857151673
394,"(393, 394]",0.0005535227831231184
395,"(394, 395]",0.0008506456183764296
396,"(395, 396]",0.0008293899628716135
397,"(396, 397]",0.000979773052269271
398,"(397, 398]",0.0009403367227080108
399,"(398, 399]",0.0009727932965158565
400,"(399, 400]",0.0006080143348624102
401,"(400, 401]",0.0006205099071170716
402,"(401, 402]",0.0005495752482914895
403,"(402, 403]",0.0005436639524796594
404,"(403, 404]",0.0005656265436391638
405,"(404, 405]",0.00046181390586684566
406,"(405, 406]",0.00040498054690888487
407,"(406, 407]",0.0004492363350209264
408,"(407, 408]",0.00031512687745774664
409,"(408, 409]",0.00025242610825579694
410,"(409, 410]",0.0002892261810132429
411,"(410, 411]",0.0002393167139473446
412,"(411, 412]",0.00027604378947226736
413,"(412, 413]",0.0001651794871904019
414,"(413, 414]",0.00019015309046539319
415,"(414, 415]",0.00020305223381694183
416,"(415, 416]",0.00025288335089060815
417,"(416, 417]",0.00019765547154842322
418,"(417, 418]",0.00016955315224677437
419,"(418, 419]",0.00022284047614087917
420,"(419, 420]",0.00030241565448596244
421,"(420, 421]",0.0002465068472553087
422,"(421, 422]",0.00035906396493952576
423,"(422, 423]",0.00029485289119912395
424,"(423, 424]",0.0002903606203702853
425,"(424, 425]",0.0002796092054026054
426,"(425, 426]",0.0003028436654448926
427,"(426, 427]",0.00017887974310581414
428,"(427, 428]",0.00023916962136922033
429,"(428, 429]",0.00021495497177236587
430,"(429, 430]",0.0002999820879096641
431,"(430, 431]",0.0002228455188321368
432,"(431, 432]",0.00025437076351379317
433,"(432, 433]",0.000276843024290767
434,"(433, 434]",0.00025189102396302527
435,"(434, 435]",0.00023402112647909236
436,"(435, 436]",0.00022496409384968854
437,"(436, 437]",0.00014985137573563206
438,"(437, 438]",0.00019235988836754768
439,"(438, 439]",0.00010903186965378842
440,"(439, 440]",0.00011333699914830585
441,"(440, 441]",0.00012219237145090722
442,"(441, 442]",0.00016405993936479164
443,"(442, 443]",0.0001237565319827877
444,"(443, 444]",0.00014978199554789752
445,"(444, 445]",0.00018029059026899956
446,"(445, 446]",0.00024900561514570624
447,"(446, 447]",0.00013918273447009893
448,"(447, 448]",0.0002103702854607761
449,"(448, 449]",0.00018030788169250876
450,"(449, 450]",0.00010081684212095209
451,"(450, 451]",0.00017126570273548597
452,"(451, 452]",0.00013614080182942638
453,"(452, 453]",0.00013634261169824614
454,"(453, 454]",0.00011439192020302913
455,"(454, 455]",0.00014450146873923352
456,"(455, 456]",9.440149841374117e-05
457,"(456, 457]",0.00010162512164591836
458,"(457, 458]",0.00011305630423054657
459,"(458, 459]",0.0001493408621285644
460,"(459, 460]",0.00017217241812949867
461,"(460, 461]",0.00020339830802792986
462,"(461, 462]",0.0002689570815113777
463,"(462, 463]",0.00023279065797114195
464,"(463, 464]",0.0001681395234058828
465,"(464, 465]",0.00020473292868868396
466,"(465, 466]",0.00014966853833350594
467,"(466, 467]",0.00023242544828566981
468,"(467, 468]",0.00021269178380588962
469,"(468, 469]",0.0002017622198948034
470,"(469, 470]",0.00011240460737887
471,"(470, 471]",0.00019742727859129561
472,"(471, 472]",0.00018533365162314068
473,"(472, 473]",0.0001524701265550208
474,"(473, 474]",0.00013280793700536393
475,"(474, 475]",0.0001751695182086303
476,"(475, 476]",0.0001788491888107022
477,"(476, 477]",0.00015484391781602026
478,"(477, 478]",0.0001766610430765431
479,"(478, 479]",0.0001452421769203878
480,"(479, 480]",0.0002501363408210219
481,"(480, 481]",0.00022244255834181367
482,"(481, 482]",0.0001773731740294447
483,"(482, 483]",0.00026027729207806155
484,"(483, 484]",0.0003207331553192522
485,"(484, 485]",0.0003200160670793432
486,"(485, 486]",0.00030028350355144694
487,"(486, 487]",0.00016699572599428438
488,"(487, 488]",0.0001127515416930572
489,"(488, 489]",0.00014317098669127537
490,"(489, 490]",0.0001052176930527456
491,"(490, 491]",0.0001858215897852676
492,"(491, 492]",0.00019711207430320987
493,"(492, 493]",0.00023804349363256165
494,"(493, 494]",0.0002626040756628747
495,"(494, 495]",0.00035641567365669765
496,"(495, 496]",0.00022551720966373999
497,"(496, 497]",0.0002583477189336772
498,"(497, 498]",0.0002582879591270069
499,"(498, 499]",0.000245437402171074
500,"(499, 500]",0.0001615472542539637
501,"(500, 501]",0.00021915776287148459
502,"(501, 502]",0.00021438829586044084
503,"(502, 503]",0.00020621348753016154
504,"(503, 504]",0.00019212033594153563
505,"(504, 505]",0.00015597924001275969
506,"(505, 506]",0.00024747771572075503
507,"(506, 507]",0.0002514320122594176
508,"(507, 508]",0.0002653079140349264
509,"(508, 509]",0.0002498726731555186
510,"(509, 510]",0.00029638269273451795
511,"(510, 511]",0.000359873336019634
512,"(511, 512]",0.0006084631090599938
513,"(512, 513]",0.0006025870173809782
514,"(513, 514]",0.0006742641316519663
515,"(514, 515]",0.0006773545854331855
516,"(515, 516]",0.00046618046786708233
517,"(516, 517]",0.0003707247467745215
518,"(517, 518]",0.0002863704755356317
519,"(518, 519]",0.00024107269604124078
520,"(519, 520]",0.00025058827530793226
521,"(520, 521]",0.00020507713403682695
522,"(521, 522]",0.0002360366940219946
523,"(522, 523]",0.00017984313751392156
524,"(523, 524]",0.00014473424618227133
525,"(524, 525]",8.361884874849942e-05
526,"(525, 526]",0.00010275751542411057
527,"(526, 527]",9.367616191953201e-05
528,"(527, 528]",8.199595144649985e-05
529,"(528, 529]",8.337227081119073e-05
530,"(529, 530]",6.930029913410275e-05
531,"(530, 531]",9.3256949749538e-05
532,"(531, 532]",9.745505051109072e-05
533,"(532, 533]",0.00011976425448073588
534,"(533, 534]",0.00017436553242592147
535,"(534, 535]",0.00010447805341448605
536,"(535, 536]",8.359253055832782e-05
537,"(536, 537]",6.49071117054943e-05
538,"(537, 538]",8.278752824202063e-05
539,"(538, 539]",5.966189471243899e-05
540,"(539, 540]",5.275570744282903e-05
541,"(540, 541]",0.00015451173048012783
542,"(541, 542]",4.646750747249968e-05
543,"(542, 543]",3.290027300227318e-05
544,"(543, 544]",3.613541690438619e-05
545,"(544, 545]",5.0186975420955037e-05
546,"(545, 546]",9.037984130202345e-05
547,"(546, 547]",6.947408989380707e-05
548,"(547, 548]",8.652528452118048e-05
549,"(548, 549]",0.00010734621438209014
550,"(549, 550]",5.575009882965191e-05
551,"(550, 551]",5.582488000529182e-05
552,"(551, 552]",7.897377489536896e-05
553,"(552, 553]",8.066082365256942e-05
554,"(553, 554]",4.9087087616877735e-05
555,"(554, 555]",2.3990844291141946e-05
556,"(555, 556]",3.7691330162622206e-05
557,"(556, 557]",4.4687311763820686e-05
558,"(557, 558]",2.9748600404997035e-05
559,"(558, 559]",2.3900211761870478e-05
560,"(559, 560]",3.8981712127797315e-05
561,"(560, 561]",5.686950305568398e-05
562,"(561, 562]",3.279256323383514e-05
563,"(562, 563]",2.651692330337623e-05
564,"(563, 564]",1.788738826449249e-05
565,"(564, 565]",3.5056017072793494e-05
566,"(565, 566]",4.32523417824437e-05
567,"(566, 567]",2.288858530834664e-05
568,"(567, 568]",3.709273481827216e-05
569,"(568, 569]",5.2687029070632144e-05
570,"(569, 570]",4.302400451747933e-05
571,"(570, 571]",3.085420356298532e-05
572,"(571, 572]",2.986985533876459e-05
573,"(572, 573]",4.653139734880869e-05
574,"(573, 574]",4.649108741297396e-05
575,"(574, 575]",5.6939322426953685e-05
576,"(575, 576]",3.696328174678584e-05
577,"(576, 577]",2.766599478468754e-05
578,"(577, 578]",3.650059100433552e-05
579,"(578, 579]",4.18219757608598e-05
580,"(579, 580]",2.085413394304621e-05
581,"(580, 581]",2.6387107931193615e-05
582,"(581, 582]",2.971068540707821e-05
583,"(582, 583]",3.0827827379716404e-05
584,"(583, 584]",1.9753975692157973e-05
585,"(584, 585]",2.0009302295564734e-05
586,"(585, 586]",2.2113441861548384e-05
587,"(586, 587]",4.179061512463415e-05
588,"(587, 588]",5.331860127660689e-05
589,"(588, 589]",1.721563144579317e-05
590,"(589, 590]",4.500729440359643e-05
591,"(590, 591]",2.9397188883341297e-05
592,"(591, 592]",3.012101500569418e-05
593,"(592, 593]",2.6071530176630467e-05
594,"(593, 594]",6.1021409142614276e-05
595,"(594, 595]",0.00010673763292676707
596,"(595, 596]",2.913497047209864e-05
597,"(596, 597]",4.69389355578762e-05
598,"(597, 598]",3.5264736708327094e-05
599,"(598, 599]",4.9294013023410874e-05
600,"(599, 600]",3.084814478821347e-05
601,"(600, 601]",4.4607617735692976e-05
602,"(601, 602]",8.535814983361538e-05
603,"(602, 603]",8.043972937731192e-05
604,"(603, 604]",3.484695165035449e-05
605,"(604, 605]",2.8768006327793774e-05
606,"(605, 606]",2.6335308978943096e-05
607,"(606, 607]",3.021774935784386e-05
608,"(607, 608]",3.0254607415727744e-05
609,"(608, 609]",3.295486615094263e-05
610,"(609, 610]",2.4672395472997297e-05
611,"(610, 611]",2.2523349168691584e-05
612,"(611, 612]",3.238163076736974e-05
613,"(612, 613]",4.247829169728164e-05
614,"(613, 614]",7.985074026480145e-05
615,"(614, 615]",8.458984161627376e-05
616,"(615, 616]",3.9819189555344714e-05
617,"(616, 617]",5.965268551253399e-05
618,"(617, 618]",3.0290848865827293e-05
619,"(618, 619]",5.5981829025876165e-05
620,"(619, 620]",0.0001081309448747413
621,"(620, 621]",7.242615444190241e-05
622,"(621, 622]",8.348806956445944e-05
623,"(622, 623]",5.737874456789722e-05
624,"(623, 624]",4.950973684524674e-05
625,"(624, 625]",4.9316671322433665e-05
626,"(625, 626]",4.32417704507301e-05
627,"(626, 627]",3.719096373443664e-05
628,"(627, 628]",5.375537218565629e-05
629,"(628, 629]",7.900409013549324e-05
630,"(629, 630]",6.114529947838233e-05
631,"(630, 631]",3.607911068449418e-05
632,"(631, 632]",4.78249812388375e-05
633,"(632, 633]",3.7016603476164825e-05
634,"(633, 634]",2.4821083814480067e-05
635,"(634, 635]",1.2800458297487132e-05
636,"(635, 636]",3.602283442659903e-05
637,"(636, 637]",7.130289169232641e-05
638,"(637, 638]",3.577867998238288e-05
639,"(638, 639]",7.739947405143096e-05
640,"(639, 640]",3.536158459785202e-05
641,"(640, 641]",5.253171762639575e-05
642,"(641, 642]",4.8810791469674307e-05
643,"(642, 643]",3.3434900122202074e-05
644,"(643, 644]",3.113974776048267e-05
645,"(644, 645]",2.879005172528887e-05
646,"(645, 646]",2.4760156588882936e-05
647,"(646, 647]",3.060757577712572e-05
648,"(647, 648]",2.744387640724463e-05
649,"(648, 649]",1.857534716690931e-05
650,"(649, 650]",2.019428720030968e-05
651,"(650, 651]",4.917304654802058e-05
652,"(651, 652]",4.08580271886168e-05
653,"(652, 653]",4.104218962858287e-05
654,"(653, 654]",1.978778459441383e-05
655,"(654, 655]",3.940189131036571e-05
656,"(655, 656]",1.3357747909591996e-05
657,"(656, 657]",1.780039268499037e-05
658,"(657, 658]",1.2489616909153856e-05
659,"(658, 659]",2.1445013249770258e-05
660,"(659, 660]",1.6181828954108803e-05
661,"(660, 661]",3.0399437453535372e-05
662,"(661, 662]",1.414193718395029e-05
663,"(662, 663]",3.2626958689210715e-05
664,"(663, 664]",2.478481318083884e-05
665,"(664, 665]",8.715895361937526e-06
666,"(665, 666]",1.719436252447016e-05
667,"(666, 667]",1.2582713217361801e-05
668,"(667, 668]",3.5093517980367e-05
669,"(668, 669]",4.1392424649547615e-05
670,"(669, 670]",1.3398494872279504e-05
671,"(670, 671]",1.712288465763987e-05
672,"(671, 672]",1.2349644661239152e-05
673,"(672, 673]",1.272308085967147e-05
674,"(673, 674]",2.1130847274347496e-05
675,"(674, 675]",1.7032509653433025e-05
676,"(675, 676]",2.7547172770488707e-05
677,"(676, 677]",4.0795042780522876e-05
678,"(677, 678]",1.4324487248148344e-05
679,"(678, 679]",3.060420974116672e-05
680,"(679, 680]",2.278020061083862e-05
681,"(680, 681]",2.9790957194717776e-05
682,"(681, 682]",2.3433700645719517e-05
683,"(682, 683]",3.397765256131062e-05
684,"(683, 684]",2.2620298477434636e-05
685,"(684, 685]",5.980940305277353e-05
686,"(685, 686]",1.7094373310247592e-05
687,"(686, 687]",4.667656131190784e-05
688,"(687, 688]",3.044166432381013e-05
689,"(688, 689]",6.401385441045338e-05
690,"(689, 690]",3.667582633765233e-05
691,"(690, 691]",5.058669216760651e-05
692,"(691, 692]",4.2160056745448004e-05
693,"(692, 693]",3.838420284771078e-05
694,"(693, 694]",9.574145032322553e-05
695,"(694, 695]",2.5116126879114106e-05
696,"(695, 696]",2.8700452071224262e-05
697,"(696, 697]",3.6512226899218095e-05
698,"(697, 698]",3.35601678303491e-05
699,"(698, 699]",8.478402921848242e-05
700,"(699, 700]",2.29022301990592e-05
701,"(700, 701]",1.2778315479034166e-05
702,"(701, 702]",3.899061971702317e-05
703,"(702, 703]",5.928969631332459e-05
704,"(703, 704]",1.4541829612345855e-05
705,"(704, 705]",2.5646784871030566e-05
706,"(705, 706]",2.7660641461760302e-05
707,"(706, 707]",3.127444928704339e-05
708,"(707, 708]",2.4585491320870574e-05
709,"(708, 709]",2.4060465447572977e-05
710,"(709, 710]",5.253530225529224e-05
711,"(710, 711]",6.74195888870307e-05
712,"(711, 712]",3.139201434919897e-05
713,"(712, 713]",3.3458182321847836e-05
714,"(713, 714]",1.6227206505720956e-05
715,"(714, 715]",9.837688298664528e-05
716,"(715, 716]",4.637310203848415e-05
717,"(716, 717]",0.00010932508547256338
718,"(717, 718]",6.642815650111317e-05
719,"(718, 719]",2.458402340973035e-05
720,"(719, 720]",2.8568689994408203e-05
721,"(720, 721]",4.3543427286219075e-05
722,"(721, 722]",6.70777223239571e-05
723,"(722, 723]",9.196943226428074e-05
724,"(723, 724]",0.00011168203618899155
725,"(724, 725]",9.662163537510574e-05
726,"(725, 726]",0.0001515472816731584
727,"(726, 727]",9.95630810643315e-05
728,"(727, 728]",0.00013772702369689897
729,"(728, 729]",0.00016618851403251233
730,"(729, 730]",0.00014890900462679997
731,"(730, 731]",7.68722456658123e-05
732,"(731, 732]",5.064335382942769e-05
733,"(732, 733]",4.711322064801345e-05
734,"(733, 734]",7.338449726899615e-05
735,"(734, 735]",4.770464730905329e-05
736,"(735, 736]",5.641167909842398e-05
737,"(736, 737]",2.633565630568401e-05
738,"(737, 738]",3.355446273199567e-05
739,"(738, 739]",2.1141580067371794e-05
740,"(739, 740]",3.760089845584411e-05
741,"(740, 741]",4.129373184225585e-05
742,"(741, 742]",1.69468287686377e-05
743,"(742, 743]",3.844802763406598e-05
744,"(743, 744]",3.128193488022935e-05
745,"(744, 745]",6.045938481523174e-05
746,"(745, 746]",9.772264119924712e-05
747,"(746, 747]",4.3351581203097326e-05
748,"(747, 748]",6.0015484656353035e-05
749,"(748, 749]",2.970745587701002e-05
750,"(749, 750]",6.993956140590682e-05
751,"(750, 751]",3.113715357163854e-05
752,"(751, 752]",2.6600263239713515e-05
753,"(752, 753]",1.4352157962588128e-05
754,"(753, 754]",2.0734447940318506e-05
755,"(754, 755]",2.7154499330969575e-05
756,"(755, 756]",3.013198980087151e-05
757,"(756, 757]",2.278570190252595e-05
758,"(757, 758]",4.360384431409975e-05
759,"(758, 759]",3.072951803975599e-05
760,"(759, 760]",5.1637969169686874e-05
761,"(760, 761]",1.0971862867295886e-05
762,"(761, 762]",3.761744074137329e-05
763,"(762, 763]",1.6671133278649015e-05
764,"(763, 764]",4.0819716977027163e-05
765,"(764, 765]",1.8188154388393054e-05
766,"(765, 766]",2.406032716356956e-05
767,"(766, 767]",1.493126328432116e-05
768,"(767, 768]",1.778429384023195e-05
769,"(768, 769]",1.7932883497925908e-05
770,"(769, 770]",2.834441488080761e-05
771,"(770, 771]",3.376946564503776e-05
772,"(771, 772]",5.160392559985753e-05
773,"(772, 773]",4.0223484668445356e-05
774,"(773, 774]",4.561168935834647e-05
775,"(774, 775]",4.9800656494122665e-05
776,"(775, 776]",3.279401030198054e-05
777,"(776, 777]",1.2137416002273208e-05
778,"(777, 778]",3.057479580108824e-05
779,"(778, 779]",2.0628722302283302e-05
780,"(779, 780]",2.1940126007419996e-05
781,"(780, 781]",1.7770793510276304e-05
782,"(781, 782]",2.3794285084792307e-05
783,"(782, 783]",2.8764401303440725e-05
784,"(783, 784]",4.0701568536116306e-05
785,"(784, 785]",5.562849762148337e-05
786,"(785, 786]",3.573066859387385e-05
787,"(786, 787]",2.6648082926784546e-05
788,"(787, 788]",2.832970763837984e-05
789,"(788, 789]",2.019103386734822e-05
790,"(789, 790]",4.829138043569453e-05
791,"(790, 791]",1.07857658152372e-05
792,"(791, 792]",1.6837464750484413e-05
793,"(792, 793]",2.2362102744696008e-05
794,"(793, 794]",5.278845500041385e-05
795,"(794, 795]",2.203165610319698e-05
796,"(795, 796]",1.3805489557181808e-05
797,"(796, 797]",7.342357599367326e-06
798,"(797, 798]",2.0458466629447565e-05
799,"(798, 799]",2.9083807783316608e-05
800,"(799, 800]",3.489621650319426e-05
801,"(800, 801]",1.8464898084334152e-05
802,"(801, 802]",2.1312352286181274e-05
803,"(802, 803]",1.1142353352953754e-05
804,"(803, 804]",5.792868790717254e-06
805,"(804, 805]",2.5801795715937174e-05
806,"(805, 806]",1.3560187318264304e-05
807,"(806, 807]",3.540574432770885e-05
808,"(807, 808]",4.00918251691399e-05
809,"(808, 809]",5.88530757104012e-05
810,"(809, 810]",3.888884375342829e-05
811,"(810, 811]",1.3364049152662148e-05
812,"(811, 812]",2.4074451355199022e-05
813,"(812, 813]",4.529093205442711e-05
814,"(813, 814]",7.698502756214974e-05
815,"(814, 815]",3.730616276046282e-05
816,"(815, 816]",4.9083048602849146e-05
817,"(816, 817]",4.401642538818016e-05
818,"(817, 818]",2.4095064344306246e-05
819,"(818, 819]",5.1569071333973735e-05
820,"(819, 820]",4.551225826185253e-05
821,"(820, 821]",8.109923843498668e-05
822,"(821, 822]",2.6756057891997354e-05
823,"(822, 823]",3.886350760333957e-05
824,"(823, 824]",2.5601196476808812e-05
825,"(824, 825]",1.9565904737186272e-05
826,"(825, 826]",2.9128806307639972e-05
827,"(826, 827]",7.591612185239615e-06
828,"(827, 828]",8.985432500701827e-06
829,"(828, 829]",8.314538380643612e-06
830,"(829, 830]",9.692370279601307e-06
831,"(830, 831]",1.3101882276951125e-05
832,"(831, 832]",3.4914220590341076e-05
833,"(832, 833]",2.3924701516228876e-05
834,"(833, 834]",1.4511567359539457e-05
835,"(834, 835]",2.5912299978132414e-05
836,"(835, 836]",1.7044152222873248e-05
837,"(836, 837]",2.070042487335829e-05
838,"(837, 838]",2.5760790862419475e-05
839,"(838, 839]",1.5228692909839356e-05
840,"(839, 840]",2.136656072529946e-05
841,"(840, 841]",1.9486147731165652e-05
842,"(841, 842]",2.4807676547014305e-05
843,"(842, 843]",2.3082879578981312e-05
844,"(843, 844]",2.558378545849369e-05
845,"(844, 845]",2.626383894187642e-05
846,"(845, 846]",2.0557632366261185e-05
847,"(846, 847]",1.379912879019151e-05
848,"(847, 848]",9.009437912494088e-06
849,"(848, 849]",1.1035511760516405e-05
850,"(849, 850]",1.6793298240014326e-05
851,"(850, 851]",8.618360140148597e-06
852,"(851, 852]",1.576898767181881e-05
853,"(852, 853]",3.6955071428616323e-06
854,"(853, 854]",5.6898072447198185e-06
855,"(854, 855]",7.550765163948839e-06
856,"(855, 856]",1.1912612490180041e-05
857,"(856, 857]",1.789783999579982e-05
858,"(857, 858]",1.8981936510441513e-05
859,"(858, 859]",7.229676775686811e-06
860,"(859, 860]",9.338617714791508e-06
861,"(860, 861]",2.9025779089331606e-05
862,"(861, 862]",2.101801703358015e-05
863,"(862, 863]",1.4244891322170862e-05
864,"(863, 864]",1.198830702889315e-05
865,"(864, 865]",9.910664252558164e-06
866,"(865, 866]",1.0429390400948643e-05
867,"(866, 867]",1.7346405443213128e-05
868,"(867, 868]",1.7011438828417482e-05
869,"(868, 869]",2.4162304177978676e-05
870,"(869, 870]",9.248878121213962e-06
871,"(870, 871]",9.40925554230498e-06
872,"(871, 872]",1.6008432630744116e-05
873,"(872, 873]",1.2159447864247475e-05
874,"(873, 874]",2.043726103276813e-05
875,"(874, 875]",1.418461027128691e-05
876,"(875, 876]",1.1864450933907627e-05
877,"(876, 877]",9.033452022356812e-06
878,"(877, 878]",1.560252234104013e-05
879,"(878, 879]",2.6284803191353553e-05
880,"(879, 880]",1.1919806508301223e-05
881,"(880, 881]",1.231660664087528e-05
882,"(881, 882]",4.645196919300304e-05
883,"(882, 883]",2.9413393342857178e-05
884,"(883, 884]",1.904048624215826e-05
885,"(884, 885]",7.856717681948093e-06
886,"(885, 886]",1.859597789504728e-05
887,"(886, 887]",1.6788712162126477e-05
888,"(887, 888]",2.1910192357962802e-05
889,"(888, 889]",2.554936462058726e-05
890,"(889, 890]",7.198653973336968e-06
891,"(890, 891]",1.3906029518358685e-05
892,"(891, 892]",1.0550052415905298e-05
893,"(892, 893]",1.0488389558907798e-05
894,"(893, 894]",1.3122803328779571e-05
895,"(894, 895]",1.775615219275945e-05
896,"(895, 896]",1.1036669230142117e-05
897,"(896, 897]",2.719505540273469e-05
898,"(897, 898]",1.0064763428181964e-05
899,"(898, 899]",2.0374985672719834e-05
900,"(899, 900]",1.788608651946797e-05
901,"(900, 901]",5.092319463663173e-05
902,"(901, 902]",1.0042410170096452e-05
903,"(902, 903]",8.870804658965538e-06
904,"(903, 904]",8.427188689073476e-06
905,"(904, 905]",2.8306658202929856e-05
906,"(905, 906]",7.207151146797546e-06
907,"(906, 907]",7.770305034619019e-06
908,"(907, 908]",1.785245138162948e-05
909,"(908, 909]",1.1798037580559098e-05
910,"(909, 910]",1.0506309106279847e-05
911,"(910, 911]",4.362137192683488e-06
912,"(911, 912]",4.945490767042271e-06
913,"(912, 913]",6.008897636361362e-06
914,"(913, 914]",4.3639231293823036e-05
915,"(914, 915]",3.641805022941084e-05
916,"(915, 916]",2.7781376052089733e-05
917,"(916, 917]",2.4305285056473365e-05
918,"(917, 918]",3.640714000320204e-05
919,"(918, 919]",2.6430675295635524e-05
920,"(919, 920]",2.478266115656558e-05
921,"(920, 921]",8.174103161492036e-05
922,"(921, 922]",1.609298289320842e-05
923,"(922, 923]",1.5295529789555242e-05
924,"(923, 924]",1.6360479538238216e-05
925,"(924, 925]",5.175875097445332e-06
926,"(925, 926]",1.2400811093425801e-05
927,"(926, 927]",1.3438277991330126e-05
928,"(927, 928]",7.630866527135964e-06
929,"(928, 929]",8.497616270427444e-06
930,"(929, 930]",5.146266160461261e-06
931,"(930, 931]",8.315007741850063e-06
932,"(931, 932]",3.1827041252214717e-05
933,"(932, 933]",9.42205114317813e-06
934,"(933, 934]",1.5582308205720474e-05
935,"(934, 935]",2.3436778234653783e-05
936,"(935, 936]",6.5873991757740084e-06
937,"(936, 937]",1.0487790424021279e-05
938,"(937, 938]",2.1796683167563125e-05
939,"(938, 939]",1.4799771667546069e-05
940,"(939, 940]",5.858265627894665e-06
941,"(940, 941]",5.047956061030464e-06
942,"(941, 942]",6.391995649778904e-06
943,"(942, 943]",3.842182229971354e-06
944,"(943, 944]",3.024330233293919e-06
945,"(944, 945]",5.805328569727503e-06
946,"(945, 946]",1.1516787604687011e-05
947,"(946, 947]",1.8670394434607273e-05
948,"(947, 948]",1.0197920010123046e-05
949,"(948, 949]",1.452781437755646e-05
950,"(949, 950]",1.758854082677578e-05
951,"(950, 951]",9.631061172666292e-06
952,"(951, 952]",2.0783814821961057e-05
953,"(952, 953]",3.612259627358234e-05
954,"(953, 954]",4.5325000175922194e-05
955,"(954, 955]",2.478118282775314e-05
956,"(955, 956]",2.16766671050339e-05
957,"(956, 957]",2.4955886240075098e-05
958,"(957, 958]",1.672958295284348e-05
959,"(958, 959]",1.3725180295658138e-05
960,"(959, 960]",2.838217613580832e-05
961,"(960, 961]",3.2983656613523494e-05
962,"(961, 962]",1.8391148244833957e-05
963,"(962, 963]",1.0047273934383212e-05
964,"(963, 964]",7.849847951979983e-06
965,"(964, 965]",1.447354294862905e-05
966,"(965, 966]",1.2609832716577973e-05
967,"(966, 967]",1.0077177242600771e-05
968,"(967, 968]",1.572137072364032e-05
969,"(968, 969]",1.3041263506034422e-05
970,"(969, 970]",1.9070810319021493e-05
971,"(970, 971]",1.2377546697617913e-05
972,"(971, 972]",6.582487974671122e-06
973,"(972, 973]",1.1240195405663293e-05
974,"(973, 974]",1.1703501198440092e-05
975,"(974, 975]",9.199787772481926e-06
976,"(975, 976]",7.1791569987050625e-06
977,"(976, 977]",1.934394182622532e-05
978,"(977, 978]",1.3320622078550967e-05
979,"(978, 979]",1.8369244582314105e-05
980,"(979, 980]",5.953616225009252e-06
981,"(980, 981]",5.6605893227663205e-05
982,"(981, 982]",1.4583689895447217e-05
983,"(982, 983]",1.5875853638602367e-05
984,"(983, 984]",1.8650262598724574e-05
985,"(984, 985]",1.7463416158817685e-05
986,"(985, 986]",1.9551931153782375e-05
987,"(986, 987]",4.210231378371364e-05
988,"(987, 988]",1.2748632662432307e-05
989,"(988, 989]",1.5103930561957612e-05
990,"(989, 990]",2.4532871391809897e-05
991,"(990, 991]",2.3174455364044776e-05
992,"(991, 992]",9.202981200364993e-06
993,"(992, 993]",5.431405032430164e-06
994,"(993, 994]",1.962683523930345e-05
995,"(994, 995]",6.660617394992137e-05
996,"(995, 996]",9.680476670714609e-06
997,"(996, 997]",1.1257088835761398e-05
998,"(997, 998]",1.2402674182819818e-05
999,"(998, 999]",2.6137813861611846e-05
1000,"(999, 1000]",2.36901666702663e-05
1001,"(1000, 1001]",1.223037952770893e-05
1002,"(1001, 1002]",3.2565018395172874e-05
1003,"(1002, 1003]",2.997483863715845e-05
1004,"(1003, 1004]",6.244142396591177e-05
1005,"(1004, 1005]",1.3226101019017934e-05
1006,"(1005, 1006]",1.990762408214881e-05
1007,"(1006, 1007]",1.1695408262773193e-05
1008,"(1007, 1008]",9.75716163693436e-06
1009,"(1008, 1009]",7.996091404359834e-06
1010,"(1009, 1010]",1.4652758948358323e-05
1011,"(1010, 1011]",1.4543153843650238e-05
1012,"(1011, 1012]",7.715171226769166e-06
1013,"(1012, 1013]",6.40386998399461e-06
1014,"(1013, 1014]",2.873001880012075e-06
1015,"(1014, 1015]",3.6109523196785413e-06
1016,"(1015, 1016]",6.01263277803871e-06
1017,"(1016, 1017]",5.9794904208485115e-06
1018,"(1017, 1018]",5.5947475917248446e-06
1019,"(1018, 1019]",5.342671862328615e-06
1020,"(1019, 1020]",6.846791445450859e-06
1021,"(1020, 1021]",4.356319088662391e-06
1022,"(1021, 1022]",4.239935668310358e-06
1023,"(1022, 1023]",1.0880182398220228e-05
1024,"(1023, 1024]",4.932867330427257e-06
1025,"(1024, 1025]",1.1503504791489207e-05
1026,"(1025, 1026]",4.367042870312943e-05
1027,"(1026, 1027]",1.7348081160422205e-05
1028,"(1027, 1028]",2.0801707000372407e-05
1029,"(1028, 1029]",3.90363403710563e-05
1030,"(1029, 1030]",2.5949980598830148e-05
1031,"(1030, 1031]",3.0693850900799594e-05
1032,"(1031, 1032]",1.767454429946403e-05
1033,"(1032, 1033]",7.030376352952927e-06
1034,"(1033, 1034]",2.290527031289685e-05
1035,"(1034, 1035]",1.5189168060126172e-05
1036,"(1035, 1036]",9.74044192842494e-06
1037,"(1036, 1037]",3.799799877787514e-06
1038,"(1037, 1038]",1.3666698645811763e-05
1039,"(1038, 1039]",9.908038194320693e-06
1040,"(1039, 1040]",5.284579676179246e-06
1041,"(1040, 1041]",3.544393708040633e-06
1042,"(1041, 1042]",5.010152731785213e-06
1043,"(1042, 1043]",5.0619139075463e-06
1044,"(1043, 1044]",7.697397967477853e-06
1045,"(1044, 1045]",7.320667755169383e-06
1046,"(1045, 1046]",8.20946062613159e-06
1047,"(1046, 1047]",1.0659581218439982e-05
1048,"(1047, 1048]",1.3463450268158258e-05
1049,"(1048, 1049]",7.414415892690337e-06
1050,"(1049, 1050]",5.39538469803416e-06
1051,"(1050, 1051]",4.426029868466403e-06
1052,"(1051, 1052]",7.538945475482874e-06
1053,"(1052, 1053]",3.68496134462285e-06
1054,"(1053, 1054]",3.5019798399024174e-06
1055,"(1054, 1055]",2.8974695696396393e-06
1056,"(1055, 1056]",2.8686737457990436e-06
1057,"(1056, 1057]",1.736584683589217e-06
1058,"(1057, 1058]",3.086128604858694e-06
1059,"(1058, 1059]",3.5180306610032545e-06
1060,"(1059, 1060]",3.6109858443362138e-06
1061,"(1060, 1061]",4.816413099974437e-06
1062,"(1061, 1062]",1.907948768136509e-06
1063,"(1062, 1063]",6.800181788570638e-06
1064,"(1063, 1064]",4.310151045450056e-06
1065,"(1064, 1065]",4.5709493654972236e-06
1066,"(1065, 1066]",6.376988789143175e-06
1067,"(1066, 1067]",6.4709174362928696e-06
1068,"(1067, 1068]",3.3697116363687287e-06
1069,"(1068, 1069]",1.567060174774497e-05
1070,"(1069, 1070]",7.783412554120636e-06
1071,"(1070, 1071]",1.504390116815427e-05
1072,"(1071, 1072]",1.4244532362175606e-05
1073,"(1072, 1073]",3.080853082954583e-06
1074,"(1073, 1074]",1.0100883822515374e-05
1075,"(1074, 1075]",2.0779405744073314e-05
1076,"(1075, 1076]",1.6865943943348106e-05
1077,"(1076, 1077]",2.127553333793335e-05
1078,"(1077, 1078]",2.1186125238019652e-05
1079,"(1078, 1079]",7.246881888327953e-06
1080,"(1079, 1080]",3.426410628201731e-06
1081,"(1080, 1081]",1.0014193844693218e-05
1082,"(1081, 1082]",5.68372559925986e-06
1083,"(1082, 1083]",2.72384947624584e-05
1084,"(1083, 1084]",8.939059811147488e-06
1085,"(1084, 1085]",4.128863843397962e-06
1086,"(1085, 1086]",4.163660564276408e-06
1087,"(1086, 1087]",2.5906302492720176e-06
1088,"(1087, 1088]",6.231155883042942e-06
1089,"(1088, 1089]",1.357973271139091e-06
1090,"(1089, 1090]",3.7946059057532585e-06
1091,"(1090, 1091]",3.3875200345389482e-06
1092,"(1091, 1092]",7.207508402022419e-06
1093,"(1092, 1093]",4.436396112662298e-06
1094,"(1093, 1094]",3.411212307018055e-06
1095,"(1094, 1095]",6.759196774850756e-06
1096,"(1095, 1096]",1.594448575416651e-05
1097,"(1096, 1097]",1.1461493530122796e-05
1098,"(1097, 1098]",8.849140525913186e-06
1099,"(1098, 1099]",1.3218547706369214e-05
1100,"(1099, 1100]",6.593663315383813e-06
1101,"(1100, 1101]",3.6002975513044785e-06
1102,"(1101, 1102]",2.0192047828169208e-06
1103,"(1102, 1103]",1.3452078470079546e-05
1104,"(1103, 1104]",9.302069982290689e-06
1105,"(1104, 1105]",1.092591547397293e-05
1106,"(1105, 1106]",1.9885465159295007e-05
1107,"(1106, 1107]",1.914919593412026e-05
1108,"(1107, 1108]",1.0010658337715303e-05
1109,"(1108, 1109]",1.5045788668484309e-05
1110,"(1109, 1110]",8.583506878929604e-06
1111,"(1110, 1111]",2.8378450308636986e-06
1112,"(1111, 1112]",1.9514389230191166e-06
1113,"(1112, 1113]",5.727663910614609e-06
1114,"(1113, 1114]",3.7617548583835794e-06
1115,"(1114, 1115]",7.245256394087715e-06
1116,"(1115, 1116]",2.7827421952722477e-06
1117,"(1116, 1117]",4.979872816386553e-06
1118,"(1117, 1118]",9.443039866272995e-06
1119,"(1118, 1119]",5.057777807665641e-06
1120,"(1119, 1120]",3.071313267309286e-06
1121,"(1120, 1121]",2.1944521232893486e-06
1122,"(1121, 1122]",3.3991922435945984e-06
1123,"(1122, 1123]",8.951452089108623e-06
1124,"(1123, 1124]",1.07865541056354e-06
1125,"(1124, 1125]",2.0176285569399006e-06
1126,"(1125, 1126]",9.969385462836153e-06
1127,"(1126, 1127]",1.5875474712283466e-05
1128,"(1127, 1128]",1.1651754541518732e-06
1129,"(1128, 1129]",1.5679221205861939e-06
1130,"(1129, 1130]",7.054605572979536e-06
1131,"(1130, 1131]",1.2438752576465107e-05
1132,"(1131, 1132]",7.500221523351455e-06
1133,"(1132, 1133]",5.0059140766592835e-06
1134,"(1133, 1134]",2.437815444471939e-05
1135,"(1134, 1135]",7.561180771783014e-06
1136,"(1135, 1136]",1.234197067651869e-05
1137,"(1136, 1137]",6.183883893912438e-06
1138,"(1137, 1138]",7.75545189268615e-06
1139,"(1138, 1139]",2.6058710914996666e-06
1140,"(1139, 1140]",2.836835097884193e-06
1141,"(1140, 1141]",2.945795802141525e-06
1142,"(1141, 1142]",2.796950630700444e-06
1143,"(1142, 1143]",1.8936993637815063e-05
1144,"(1143, 1144]",3.0231929508333133e-06
1145,"(1144, 1145]",6.6004634752756985e-06
1146,"(1145, 1146]",3.652399197382016e-06
1147,"(1146, 1147]",3.531474609708694e-06
1148,"(1147, 1148]",4.660153086718957e-06
1149,"(1148, 1149]",6.357092339946084e-06
1150,"(1149, 1150]",4.752221850197754e-06
1151,"(1150, 1151]",2.7039972178092174e-06
1152,"(1151, 1152]",4.4464965455928445e-06
1153,"(1152, 1153]",1.1855337062477954e-05
1154,"(1153, 1154]",2.806192340459702e-06
1155,"(1154, 1155]",5.429997378922922e-06
1156,"(1155, 1156]",3.7822550655659105e-06
1157,"(1156, 1157]",1.5170610577505141e-05
1158,"(1157, 1158]",6.771107572092881e-06
1159,"(1158, 1159]",2.9647596713439126e-06
1160,"(1159, 1160]",5.194710397183444e-06
1161,"(1160, 1161]",3.995317525628335e-06
1162,"(1161, 1162]",2.648441727694513e-06
1163,"(1162, 1163]",4.526068056285812e-06
1164,"(1163, 1164]",3.444692680876188e-06
1165,"(1164, 1165]",2.53981121284247e-06
1166,"(1165, 1166]",3.637044887694082e-06
1167,"(1166, 1167]",4.643226797335989e-06
1168,"(1167, 1168]",7.663605204906683e-06
1169,"(1168, 1169]",3.9303737773144616e-06
1170,"(1169, 1170]",6.140581608156796e-06
1171,"(1170, 1171]",4.7511594207643914e-06
1172,"(1171, 1172]",2.6002500870670463e-06
1173,"(1172, 1173]",9.305200928237012e-06
1174,"(1173, 1174]",1.9988348773708294e-05
1175,"(1174, 1175]",1.4275395886401999e-05
1176,"(1175, 1176]",3.277896879448049e-05
1177,"(1176, 1177]",3.669042081578888e-05
1178,"(1177, 1178]",1.5246142404172589e-05
1179,"(1178, 1179]",6.62044831722881e-06
1180,"(1179, 1180]",1.922373063811547e-05
1181,"(1180, 1181]",1.4992633804571682e-05
1182,"(1181, 1182]",3.6011552243555016e-06
1183,"(1182, 1183]",2.667237293844021e-06
1184,"(1183, 1184]",4.14339842110151e-06
1185,"(1184, 1185]",7.270489320225275e-06
1186,"(1185, 1186]",5.251514174350782e-06
1187,"(1186, 1187]",6.106303378099274e-06
1188,"(1187, 1188]",4.301760595272067e-06
1189,"(1188, 1189]",3.1364717721624173e-06
1190,"(1189, 1190]",8.567238283570312e-06
1191,"(1190, 1191]",7.416786071124918e-06
1192,"(1191, 1192]",6.47767042467454e-06
1193,"(1192, 1193]",3.2837537705573333e-06
1194,"(1193, 1194]",2.817885473323892e-06
1195,"(1194, 1195]",3.834448969168877e-06
1196,"(1195, 1196]",8.637687408132568e-06
1197,"(1196, 1197]",8.356769511152465e-06
1198,"(1197, 1198]",6.598521332391211e-06
1199,"(1198, 1199]",6.134157909801818e-06
1200,"(1199, 1200]",1.21276826529673e-05
1201,"(1200, 1201]",2.882452779156875e-05
1202,"(1201, 1202]",1.5904795457543383e-05
1203,"(1202, 1203]",1.0497215405407934e-05
1204,"(1203, 1204]",6.080958241242741e-06
1205,"(1204, 1205]",2.8830217155661046e-06
1206,"(1205, 1206]",4.2981162144920475e-06
1207,"(1206, 1207]",2.471906677815488e-06
1208,"(1207, 1208]",2.6928426016039977e-06
1209,"(1208, 1209]",4.721058010940518e-06
1210,"(1209, 1210]",2.9631244551472287e-06
1211,"(1210, 1211]",4.561265118574284e-06
1212,"(1211, 1212]",4.577938598913494e-06
1213,"(1212, 1213]",3.3585881523667578e-06
1214,"(1213, 1214]",1.0465470212337502e-05
1215,"(1214, 1215]",4.458822682458816e-06
1216,"(1215, 1216]",7.123106469796461e-06
1217,"(1216, 1217]",1.4749457605629315e-05
1218,"(1217, 1218]",5.427604712789463e-06
1219,"(1218, 1219]",2.671210177278071e-05
1220,"(1219, 1220]",4.9303746843345665e-06
1221,"(1220, 1221]",5.169219534932925e-06
1222,"(1221, 1222]",2.781272344015235e-05
1223,"(1222, 1223]",3.996219352121566e-06
1224,"(1223, 1224]",8.356611316093291e-06
1225,"(1224, 1225]",2.0854442687040763e-06
1226,"(1225, 1226]",6.363833036771528e-06
1227,"(1226, 1227]",5.939435574868215e-06
1228,"(1227, 1228]",6.289479975151569e-06
1229,"(1228, 1229]",1.2110649674163077e-05
1230,"(1229, 1230]",2.8227484974297876e-05
1231,"(1230, 1231]",8.862670036279999e-06
1232,"(1231, 1232]",4.822200880620883e-06
1233,"(1232, 1233]",5.2219355064143615e-06
1234,"(1233, 1234]",1.679899691978092e-05
1235,"(1234, 1235]",1.540116594737135e-05
1236,"(1235, 1236]",3.4657430631990245e-06
1237,"(1236, 1237]",1.535297567287683e-05
1238,"(1237, 1238]",5.059904456269769e-06
1239,"(1238, 1239]",7.100999575605388e-06
1240,"(1239, 1240]",2.8061018603677708e-06
1241,"(1240, 1241]",3.0304160426955883e-06
1242,"(1241, 1242]",1.6576129989416738e-06
1243,"(1242, 1243]",1.296793616115932e-06
1244,"(1243, 1244]",1.0920235594797298e-05
1245,"(1244, 1245]",2.417751924274723e-06
1246,"(1245, 1246]",2.8365969769634607e-06
1247,"(1246, 1247]",1.8691150213966437e-06
1248,"(1247, 1248]",5.509293431775208e-06
1249,"(1248, 1249]",8.391578523424982e-07
1250,"(1249, 1250]",2.602185684726413e-07
1251,"(1250, 1251]",1.2362350925493476e-06
1252,"(1251, 1252]",1.73826806608119e-06
1253,"(1252, 1253]",1.3936969080403218e-06
1254,"(1253, 1254]",4.095650647258927e-06
1255,"(1254, 1255]",2.9578711179029136e-06
1256,"(1255, 1256]",2.027921503695291e-06
1257,"(1256, 1257]",1.0711653320236431e-05
1258,"(1257, 1258]",3.3411065561543524e-06
1259,"(1258, 1259]",1.9966509575942438e-06
1260,"(1259, 1260]",1.0053708528714668e-06
1261,"(1260, 1261]",2.5902494502420263e-06
1262,"(1261, 1262]",1.7447367653376037e-06
1263,"(1262, 1263]",2.7404151119637498e-06
1264,"(1263, 1264]",3.7594280447669016e-06
1265,"(1264, 1265]",4.595797907291775e-06
1266,"(1265, 1266]",7.138392014071308e-07
1267,"(1266, 1267]",8.433908783433369e-07
1268,"(1267, 1268]",5.162290668629879e-06
1269,"(1268, 1269]",1.558483705913881e-06
1270,"(1269, 1270]",1.264747665904001e-06
1271,"(1270, 1271]",1.4916249306715542e-06
1272,"(1271, 1272]",5.234008343048243e-07
1273,"(1272, 1273]",5.622754004752158e-07
1274,"(1273, 1274]",1.043127359877392e-06
1275,"(1274, 1275]",8.606611939645351e-07
1276,"(1275, 1276]",2.0684245196175125e-06
1277,"(1276, 1277]",3.2843495376548857e-06
1278,"(1277, 1278]",1.0490498952733567e-05
1279,"(1278, 1279]",1.420127167827388e-06
1280,"(1279, 1280]",9.290737193896793e-07
1281,"(1280, 1281]",4.072142799738401e-06
1282,"(1281, 1282]",1.756631618445123e-06
1283,"(1282, 1283]",1.348505381318471e-06
1284,"(1283, 1284]",1.4405962361413366e-05
1285,"(1284, 1285]",3.154787123473373e-06
1286,"(1285, 1286]",7.058265466196339e-06
1287,"(1286, 1287]",4.923751775403448e-06
1288,"(1287, 1288]",1.5559781772221602e-06
1289,"(1288, 1289]",2.318570281774916e-06
1290,"(1289, 1290]",6.2950203767286e-07
1291,"(1290, 1291]",8.293385787872758e-06
1292,"(1291, 1292]",1.2296012299972805e-06
1293,"(1292, 1293]",7.682417870982778e-07
1294,"(1293, 1294]",1.8359651454357758e-06
1295,"(1294, 1295]",6.388937614250032e-07
1296,"(1295, 1296]",1.0916529866047402e-06
1297,"(1296, 1297]",1.9537331991256636e-06
1298,"(1297, 1298]",1.1544423139953827e-06
1299,"(1298, 1299]",1.9881215410292893e-06
1300,"(1299, 1300]",3.2152043961434527e-06
1301,"(1300, 1301]",4.1328022684102005e-07
1302,"(1301, 1302]",9.267445378104669e-07
1303,"(1302, 1303]",5.969688302006193e-07
1304,"(1303, 1304]",1.5734823350928715e-06
1305,"(1304, 1305]",1.1737687397330154e-06
1306,"(1305, 1306]",9.529935106915894e-07
1307,"(1306, 1307]",6.665279765251008e-07
1308,"(1307, 1308]",8.591168384244396e-07
1309,"(1308, 1309]",7.769908865386196e-07
1310,"(1309, 1310]",2.542734548179486e-07
1311,"(1310, 1311]",2.3277050193740348e-06
1312,"(1311, 1312]",1.473444462954662e-06
1313,"(1312, 1313]",1.346620167570833e-06
1314,"(1313, 1314]",2.1804671538566416e-06
1315,"(1314, 1315]",3.651264275537785e-07
1316,"(1315, 1316]",2.0786467306887388e-06
1317,"(1316, 1317]",7.03439143354837e-07
1318,"(1317, 1318]",2.1469197246381285e-06
1319,"(1318, 1319]",5.00122216710893e-07
1320,"(1319, 1320]",4.366361135799615e-06
1321,"(1320, 1321]",1.1361996689781527e-06
1322,"(1321, 1322]",2.1950742055607243e-06
1323,"(1322, 1323]",2.215077085354451e-06
1324,"(1323, 1324]",1.2515140823862138e-06
1325,"(1324, 1325]",3.4677955042937877e-06
1326,"(1325, 1326]",6.675861574171592e-07
1327,"(1326, 1327]",5.342818508212552e-07
1328,"(1327, 1328]",1.3662563486271387e-06
1329,"(1328, 1329]",8.048783010162659e-07
1330,"(1329, 1330]",2.170375384167206e-06
1331,"(1330, 1331]",2.331335141417067e-06
1332,"(1331, 1332]",7.819370018386121e-07
1333,"(1332, 1333]",4.95272965115556e-07
1334,"(1333, 1334]",2.909940680842124e-06
1335,"(1334, 1335]",3.730118888718642e-07
1336,"(1335, 1336]",9.888491040884874e-07
1337,"(1336, 1337]",1.8873940565968522e-06
1338,"(1337, 1338]",2.2391687523452884e-07
1339,"(1338, 1339]",2.8961014710765134e-07
1340,"(1339, 1340]",4.0869046160678107e-07
1341,"(1340, 1341]",9.444443499489067e-08
1342,"(1341, 1342]",7.804374747254447e-07
1343,"(1342, 1343]",7.770719874434788e-07
1344,"(1343, 1344]",2.3353048923580652e-06
1345,"(1344, 1345]",6.665665487468056e-06
1346,"(1345, 1346]",4.005920704643791e-05
1347,"(1346, 1347]",4.038256750012812e-07
1348,"(1347, 1348]",1.1531692536951805e-06
1349,"(1348, 1349]",3.960090485162512e-06
1350,"(1349, 1350]",3.4119364840855415e-06
1351,"(1350, 1351]",1.5891795146553976e-06
1352,"(1351, 1352]",3.910545490689509e-06
1353,"(1352, 1353]",3.195514071154307e-06
1354,"(1353, 1354]",1.3732594337550907e-06
1355,"(1354, 1355]",6.432684956522608e-07
1356,"(1355, 1356]",1.3582577998501722e-06
1357,"(1356, 1357]",4.2453254025705795e-06
1358,"(1357, 1358]",1.6180480824190913e-06
1359,"(1358, 1359]",4.4473916345527855e-07
1360,"(1359, 1360]",3.56831430226098e-07
1361,"(1360, 1361]",2.539863902796361e-06
1362,"(1361, 1362]",1.3127992089511537e-06
1363,"(1362, 1363]",1.6442596046124852e-07
1364,"(1363, 1364]",3.827986680780147e-07
1365,"(1364, 1365]",1.7253243498387855e-06
1366,"(1365, 1366]",2.8228474965797697e-06
1367,"(1366, 1367]",5.4247033220952776e-06
1368,"(1367, 1368]",2.5934038943403437e-06
1369,"(1368, 1369]",8.601309595912776e-07
1370,"(1369, 1370]",1.3823363647106933e-06
1371,"(1370, 1371]",4.072351163143275e-06
1372,"(1371, 1372]",2.7543965085007285e-06
1373,"(1372, 1373]",7.679425247225539e-07
1374,"(1373, 1374]",1.7742583586113537e-06
1375,"(1374, 1375]",1.6363604979374961e-06
1376,"(1375, 1376]",8.105812863255518e-07
1377,"(1376, 1377]",7.737990589172162e-07
1378,"(1377, 1378]",3.001425825022601e-06
1379,"(1378, 1379]",4.3426761489187075e-07
1380,"(1379, 1380]",2.7660833091826844e-07
1381,"(1380, 1381]",1.5699346579722954e-06
1382,"(1381, 1382]",1.7395738260656041e-06
1383,"(1382, 1383]",1.6627715917042363e-06
1384,"(1383, 1384]",8.5072737608038e-07
1385,"(1384, 1385]",3.5017761881891087e-06
1386,"(1385, 1386]",4.709217710883375e-06
1387,"(1386, 1387]",2.4438084703561263e-06
1388,"(1387, 1388]",4.360859348066031e-06
1389,"(1388, 1389]",2.2933795596277768e-06
1390,"(1389, 1390]",3.377044323444761e-06
1391,"(1390, 1391]",8.251768787361146e-07
1392,"(1391, 1392]",9.494984643941881e-07
1393,"(1392, 1393]",1.206345198126396e-06
1394,"(1393, 1394]",5.861516116616978e-07
1395,"(1394, 1395]",8.248954693580109e-07
1396,"(1395, 1396]",4.334889568582421e-06
1397,"(1396, 1397]",1.0535776248899992e-06
1398,"(1397, 1398]",5.028891286265898e-06
1399,"(1398, 1399]",6.498674163785176e-07
1400,"(1399, 1400]",6.461794217686449e-06
1401,"(1400, 1401]",5.6366069346447946e-08
1402,"(1401, 1402]",9.551094847450435e-07
1403,"(1402, 1403]",4.0615738457552765e-06
1404,"(1403, 1404]",6.601687271400368e-06
1405,"(1404, 1405]",7.982748650919806e-06
1406,"(1405, 1406]",2.4558445140730123e-06
1407,"(1406, 1407]",4.582224986261374e-07
1408,"(1407, 1408]",2.5268113193287625e-06
1409,"(1408, 1409]",2.195444026924488e-07
1410,"(1409, 1410]",6.29875467879962e-07
1411,"(1410, 1411]",1.0374608374959337e-06
1412,"(1411, 1412]",1.6798843991739302e-06
1413,"(1412, 1413]",2.624125451668911e-06
1414,"(1413, 1414]",6.2059972204063726e-06
1415,"(1414, 1415]",5.755400251922742e-06
1416,"(1415, 1416]",2.0738568077268198e-06
1417,"(1416, 1417]",3.3729130754279283e-06
1418,"(1417, 1418]",3.1855649694334673e-06
1419,"(1418, 1419]",1.5641216968090189e-06
1420,"(1419, 1420]",7.991821233053764e-06
1421,"(1420, 1421]",2.682492409524606e-06
1422,"(1421, 1422]",1.6379398309797606e-06
1423,"(1422, 1423]",3.390858711391727e-06
1424,"(1423, 1424]",2.1538029212422255e-06
1425,"(1424, 1425]",3.838428204147223e-06
1426,"(1425, 1426]",6.768675750060604e-06
1427,"(1426, 1427]",3.3127198729498997e-06
1428,"(1427, 1428]",8.979858242033089e-07
1429,"(1428, 1429]",2.1878009018716094e-06
1430,"(1429, 1430]",2.5399340376381416e-06
1431,"(1430, 1431]",2.4023634675830164e-06
1432,"(1431, 1432]",6.869749104875498e-06
1433,"(1432, 1433]",1.145487236062235e-06
1434,"(1433, 1434]",1.348737391175586e-06
1435,"(1434, 1435]",2.2773332903610203e-06
1436,"(1435, 1436]",5.832600485200419e-06
1437,"(1436, 1437]",2.1980816543120744e-06
1438,"(1437, 1438]",9.173778225321826e-06
1439,"(1438, 1439]",1.960065812820766e-06
1440,"(1439, 1440]",4.34473370058546e-06
1441,"(1440, 1441]",1.1961689864075472e-06
1442,"(1441, 1442]",1.4002318151289316e-06
1443,"(1442, 1443]",9.765817072566621e-07
1444,"(1443, 1444]",1.132468986417736e-06
1445,"(1444, 1445]",2.0610086923634204e-06
1446,"(1445, 1446]",1.5986997325774316e-06
1447,"(1446, 1447]",9.036467172112139e-07
1448,"(1447, 1448]",1.2141882429093558e-06
1449,"(1448, 1449]",1.5351498979491652e-06
1450,"(1449, 1450]",7.40109141259383e-07
1451,"(1450, 1451]",6.14603660232524e-07
1452,"(1451, 1452]",1.742407472997523e-06
1453,"(1452, 1453]",5.324641784268822e-07
1454,"(1453, 1454]",5.431302484412172e-07
1455,"(1454, 1455]",1.2195705747275385e-06
1456,"(1455, 1456]",6.176964115085387e-07
1457,"(1456, 1457]",1.741049779692033e-06
1458,"(1457, 1458]",1.8559018470056225e-07
1459,"(1458, 1459]",1.3818620493552743e-06
1460,"(1459, 1460]",1.8747278185296335e-06
1461,"(1460, 1461]",1.069327107913868e-06
1462,"(1461, 1462]",1.2993222773522454e-06
1463,"(1462, 1463]",1.479768037141082e-06
1464,"(1463, 1464]",4.246184944837905e-07
1465,"(1464, 1465]",1.5278489695504688e-06
1466,"(1465, 1466]",7.110044988806936e-07
1467,"(1466, 1467]",2.308877313153309e-07
1468,"(1467, 1468]",1.8505059577790097e-06
1469,"(1468, 1469]",2.965827751251188e-07
1470,"(1469, 1470]",2.9393816846551927e-07
1471,"(1470, 1471]",2.770779964460794e-07
1472,"(1471, 1472]",1.1652888332386229e-07
1473,"(1472, 1473]",4.183693673981225e-07
1474,"(1473, 1474]",2.22463137422262e-07
1475,"(1474, 1475]",1.9849036576670667e-06
1476,"(1475, 1476]",5.714105682459451e-07
1477,"(1476, 1477]",6.46859932752853e-07
1478,"(1477, 1478]",3.325397869289705e-07
1479,"(1478, 1479]",6.105717572896497e-07
1480,"(1479, 1480]",4.2095109127181025e-06
1481,"(1480, 1481]",1.7057186560739965e-06
1482,"(1481, 1482]",7.383246481666254e-08
1483,"(1482, 1483]",9.292671429569182e-07
1484,"(1483, 1484]",8.051880225621234e-07
1485,"(1484, 1485]",3.666684868038552e-06
1486,"(1485, 1486]",6.634837981523308e-07
1487,"(1486, 1487]",1.828838279852566e-07
1488,"(1487, 1488]",2.414541019499676e-09
1489,"(1488, 1489]",3.5195369416126843e-07
1490,"(1489, 1490]",1.5491078415289097e-06
1491,"(1490, 1491]",4.716155403783327e-07
1492,"(1491, 1492]",3.8881931590273824e-07
1493,"(1492, 1493]",8.761215315258731e-07
1494,"(1493, 1494]",0.0
1495,"(1494, 1495]",2.2674632921030235e-06
1496,"(1495, 1496]",3.170122861961779e-07
1497,"(1496, 1497]",3.185642680452933e-07
1498,"(1497, 1498]",7.887229740898452e-09
1499,"(1498, 1499]",6.424919450027216e-07
1500,"(1499, 1500]",2.815718671520092e-07
